{
  "2C8riXpRLX3CyM5jDz23m7": {
    "question_id": "2C8riXpRLX3CyM5jDz23m7",
    "prediction": "icing",
    "actual": [
      "icing",
      "whipped cream",
      "icing",
      "frosting",
      "icing",
      "frosting",
      "cream",
      "icing",
      "icing",
      "frosting"
    ]
  },
  "4UrYfZMUToiF5f7GK6eMaz": {
    "question_id": "4UrYfZMUToiF5f7GK6eMaz",
    "prediction": "visibility",
    "actual": [
      "safety",
      "safety",
      "safety reflection",
      "safety",
      "visibility",
      "safety",
      "workers",
      "visibility",
      "visibility",
      "safety reflection"
    ]
  },
  "4Z7WvuLTj7VUpVtLL2W2g7": {
    "question_id": "4Z7WvuLTj7VUpVtLL2W2g7",
    "prediction": "bathroom",
    "actual": [
      "bathroom",
      "bathroom",
      "bathroom",
      "bathroom",
      "bathroom sinks",
      "bathroom sinks",
      "bathroom sinks",
      "bathroom",
      "ceramic",
      "bathroom"
    ]
  },
  "5gQSkSh2eK3ZZ8bEyweBiA": {
    "question_id": "5gQSkSh2eK3ZZ8bEyweBiA",
    "prediction": "travel",
    "actual": [
      "travel",
      "safety",
      "travel",
      "trip",
      "travel",
      "traveling",
      "carry samples",
      "vacation",
      "personal items",
      "travelling"
    ]
  },
  "66abRGQG535WgzgU5Ue9ru": {
    "question_id": "66abRGQG535WgzgU5Ue9ru",
    "prediction": "garage",
    "actual": [
      "hallway",
      "home",
      "bedroom",
      "street",
      "garage",
      "garage",
      "livingroom",
      "garage",
      "garage",
      "garage"
    ]
  },
  "6kpEuXnXz4ghWMLLBcRjmf": {
    "question_id": "6kpEuXnXz4ghWMLLBcRjmf",
    "prediction": "parking",
    "actual": [
      "passing",
      "no idea",
      "stop",
      "parking",
      "proceeding",
      "crossing",
      "parking",
      "parking",
      "driving",
      "no idea"
    ]
  },
  "7NXz8t4QzQWvJzpHqfPzRw": {
    "question_id": "7NXz8t4QzQWvJzpHqfPzRw",
    "prediction": "spectators",
    "actual": [
      "spectators",
      "audience",
      "spectators",
      "they're riding",
      "spectating",
      "spectators",
      "spectators",
      "spectators",
      "spectators",
      "observing"
    ]
  },
  "7Wj97TEQc4fnsxvvsbnUXH": {
    "question_id": "7Wj97TEQc4fnsxvvsbnUXH",
    "prediction": "carrot",
    "actual": [
      "carrot",
      "carrot",
      "carrot",
      "chicken",
      "carrot",
      "carrot",
      "carrot",
      "carrot",
      "carrot",
      "carrots"
    ]
  },
  "8SzR5UpGtrsFWoxheZ9SkE": {
    "question_id": "8SzR5UpGtrsFWoxheZ9SkE",
    "prediction": "wii",
    "actual": [
      "wii",
      "wii",
      "wii",
      "wii",
      "wii",
      "wii",
      "wii",
      "nintendo wii",
      "wii",
      "wii"
    ]
  },
  "8vzpRWS6dDNrFCouzebMm9": {
    "question_id": "8vzpRWS6dDNrFCouzebMm9",
    "prediction": "wii",
    "actual": [
      "nintendo wii",
      "wii",
      "wii",
      "wii",
      "wii",
      "wii",
      "wii",
      "wii",
      "wii",
      "wii"
    ]
  },
  "9PGPr3vxBAb9jyWDiR9ous": {
    "question_id": "9PGPr3vxBAb9jyWDiR9ous",
    "prediction": "hp",
    "actual": [
      "hp",
      "hp",
      "hp",
      "hp",
      "hewlett packard",
      "hp",
      "hewlett packard",
      "hp",
      "hewitt packard",
      "hp"
    ]
  },
  "9PZxoQZCdEn8VijhqTfENe": {
    "question_id": "9PZxoQZCdEn8VijhqTfENe",
    "prediction": "fork",
    "actual": [
      "fork",
      "fork",
      "knife fork",
      "fork",
      "fork",
      "knife fork",
      "fork",
      "fork",
      "fork",
      "fork"
    ]
  },
  "9ZB4WcL9Sbo3L6ZPkaqzKY": {
    "question_id": "9ZB4WcL9Sbo3L6ZPkaqzKY",
    "prediction": "one",
    "actual": [
      "four",
      "one",
      "one",
      "four",
      "four",
      "three",
      "three",
      "one",
      "three",
      "four"
    ]
  },
  "A2uU9gQWJp8Z3LJePdL9u8": {
    "question_id": "A2uU9gQWJp8Z3LJePdL9u8",
    "prediction": "japanese",
    "actual": [
      "kimono",
      "dress",
      "kimonos",
      "dresses",
      "dress",
      "japanese",
      "japanese",
      "kimono",
      "japanese",
      "chinese robes"
    ]
  },
  "A3zGJC9ryU4EkHzywEGdJn": {
    "question_id": "A3zGJC9ryU4EkHzywEGdJn",
    "prediction": "wine",
    "actual": [
      "drink",
      "wine",
      "wine",
      "spoon",
      "wine",
      "wine",
      "bruschetta",
      "wine",
      "spoon",
      "red wine"
    ]
  },
  "BhVeP3bxgcP5SjZLEfrm9y": {
    "question_id": "BhVeP3bxgcP5SjZLEfrm9y",
    "prediction": "snowboarding",
    "actual": [
      "snowboarding",
      "snowmobiling",
      "snowmobile sledding",
      "snow shoes",
      "snowboard",
      "snowboarding",
      "snowboarding",
      "snowmobiling",
      "snowboarding snowmobiling",
      "snowmobiling"
    ]
  },
  "BwNg9mG4uXsALtLg2ztFgz": {
    "question_id": "BwNg9mG4uXsALtLg2ztFgz",
    "prediction": "yeast",
    "actual": [
      "yeast",
      "yeast",
      "yeast",
      "yeast",
      "unknown",
      "yeast",
      "yeast",
      "yeast",
      "flour",
      "yeast"
    ]
  },
  "C4iGaNrPm4zXWRgxL2XdRF": {
    "question_id": "C4iGaNrPm4zXWRgxL2XdRF",
    "prediction": "dinner",
    "actual": [
      "dinner",
      "supper",
      "dinner",
      "dinner",
      "dinner",
      "supper",
      "supper",
      "dinner",
      "dinner",
      "tea"
    ]
  },
  "EAWGdocBoaqPxLQuJ3UJb6": {
    "question_id": "EAWGdocBoaqPxLQuJ3UJb6",
    "prediction": "fall",
    "actual": [
      "spring",
      "fall-winter",
      "fall",
      "winter",
      "winter",
      "fall",
      "winter",
      "fall",
      "fall",
      "fall"
    ]
  },
  "EmU9DKov4EwRDaZuKvzAXj": {
    "question_id": "EmU9DKov4EwRDaZuKvzAXj",
    "prediction": "beer",
    "actual": [
      "beer",
      "beer",
      "beer",
      "beer",
      "beer",
      "beer",
      "beer",
      "beer",
      "beer",
      "beer"
    ]
  },
  "EyxALxGEvCyePSado4wnJL": {
    "question_id": "EyxALxGEvCyePSado4wnJL",
    "prediction": "orange",
    "actual": [
      "orange",
      "orange",
      "orange",
      "orange",
      "orange",
      "orange",
      "orange",
      "orange",
      "orange",
      "orange"
    ]
  },
  "F3q8NaAw4x5Lc7KhdgvoDy": {
    "question_id": "F3q8NaAw4x5Lc7KhdgvoDy",
    "prediction": "table",
    "actual": [
      "table",
      "table",
      "keyboard",
      "keyboard",
      "table",
      "keyboard",
      "keyboard",
      "desk table",
      "keyboard",
      "keyboard"
    ]
  },
  "F92aSsSv7ZAtXnGBVREhqq": {
    "question_id": "F92aSsSv7ZAtXnGBVREhqq",
    "prediction": "breakfast",
    "actual": [
      "breakfast",
      "breakfast",
      "breakfast",
      "breakfast",
      "breakfast",
      "breakfast",
      "breakfast",
      "breakfast",
      "breakfast",
      "breakfast"
    ]
  },
  "Fr2NzFhfutw8k7CpoAGnW8": {
    "question_id": "Fr2NzFhfutw8k7CpoAGnW8",
    "prediction": "two",
    "actual": [
      "2 lights",
      "two",
      "two",
      "two",
      "two",
      "2 lights",
      "two",
      "two",
      "two",
      "two"
    ]
  },
  "Fv2hy4qfFdd847B3xEcPz3": {
    "question_id": "Fv2hy4qfFdd847B3xEcPz3",
    "prediction": "dirt",
    "actual": [
      "dirt",
      "grass",
      "grass",
      "sands",
      "grass",
      "flat ground",
      "grassy",
      "dirt",
      "grassy",
      "dirt"
    ]
  },
  "G2yKVAzRGRB5RHtxxMsySP": {
    "question_id": "G2yKVAzRGRB5RHtxxMsySP",
    "prediction": "tile",
    "actual": [
      "ceramic",
      "laminate",
      "wood",
      "tile",
      "tiles",
      "tile",
      "porcelain",
      "tile",
      "tile",
      "tiles"
    ]
  },
  "GoBun4WYj2oK6vRihjfEGv": {
    "question_id": "GoBun4WYj2oK6vRihjfEGv",
    "prediction": "wine",
    "actual": [
      "wine",
      "wine",
      "wine",
      "red wine",
      "wine",
      "wine",
      "wine",
      "wine",
      "wine",
      "wine"
    ]
  },
  "GzEbcQExF4cHmrhk7rdnce": {
    "question_id": "GzEbcQExF4cHmrhk7rdnce",
    "prediction": "wii",
    "actual": [
      "wii",
      "nintendo wii",
      "wii",
      "wii",
      "wii",
      "nintendo wii",
      "wii",
      "nintendo wii",
      "nintendo wii",
      "wi"
    ]
  },
  "HJh9bXtpMyBNmsmBa6CH4p": {
    "question_id": "HJh9bXtpMyBNmsmBa6CH4p",
    "prediction": "two",
    "actual": [
      "two",
      "two",
      "two",
      "four",
      "two",
      "two",
      "three",
      "one",
      "one",
      "one"
    ]
  },
  "JK2iuDmUfAfGyyNaUnWZgK": {
    "question_id": "JK2iuDmUfAfGyyNaUnWZgK",
    "prediction": "fisheye",
    "actual": [
      "grayscale",
      "fisheye",
      "wide angle",
      "fisheye",
      "fisheye",
      "wide angle",
      "magnifying",
      "fish eye",
      "camera lens",
      "fisheye"
    ]
  },
  "JTLLmy2W6V6VETwzhkgDPh": {
    "question_id": "JTLLmy2W6V6VETwzhkgDPh",
    "prediction": "one",
    "actual": [
      "one",
      "one",
      "one",
      "two",
      "one",
      "one",
      "one",
      "one",
      "1 person",
      "one"
    ]
  },
  "JTpPkML3VmfSm8yQwMycuL": {
    "question_id": "JTpPkML3VmfSm8yQwMycuL",
    "prediction": "happy",
    "actual": [
      "happy",
      "playful",
      "silly",
      "happy",
      "happy",
      "happy",
      "happy",
      "happy",
      "happy",
      "happy"
    ]
  },
  "KqEeneEUHVnoFj9nRYLS3u": {
    "question_id": "KqEeneEUHVnoFj9nRYLS3u",
    "prediction": "white",
    "actual": [
      "yellow",
      "cake",
      "yellow",
      "white",
      "white",
      "white",
      "white",
      "white",
      "flower",
      "white"
    ]
  },
  "KxDzK3TmVjHrd7PVRGf6AP": {
    "question_id": "KxDzK3TmVjHrd7PVRGf6AP",
    "prediction": "eating",
    "actual": [
      "eating",
      "pizza",
      "eating",
      "cutting food",
      "eat pizza",
      "eating",
      "to eat",
      "hot food",
      "eating",
      "eating pizza"
    ]
  },
  "MAH3KC3SWvoTum6Ja75hB3": {
    "question_id": "MAH3KC3SWvoTum6Ja75hB3",
    "prediction": "two",
    "actual": [
      "two",
      "two",
      "two",
      "two",
      "two",
      "sea",
      "three",
      "four",
      "two",
      "four"
    ]
  },
  "MLS7svNqmdHua7qB2dvKuq": {
    "question_id": "MLS7svNqmdHua7qB2dvKuq",
    "prediction": "tennis",
    "actual": [
      "wimbledon",
      "tennis",
      "tennis",
      "wimbledon",
      "wimbledon",
      "tennis",
      "tennis",
      "wimbledon",
      "wimbledon",
      "wimbledon"
    ]
  },
  "QXpLwCmcjZXSBHQULTdAXu": {
    "question_id": "QXpLwCmcjZXSBHQULTdAXu",
    "prediction": "icing",
    "actual": [
      "icing",
      "icing",
      "cream",
      "frosting",
      "frosting",
      "frosting",
      "cream",
      "frosting",
      "cream",
      "icing"
    ]
  },
  "RhZ5i6awC44Si9nVyCzBst": {
    "question_id": "RhZ5i6awC44Si9nVyCzBst",
    "prediction": "pulling",
    "actual": [
      "travelling",
      "pulling",
      "pulling",
      "pulling",
      "pulling it",
      "pulling",
      "pulling it",
      "cart pulling",
      "riding someone",
      "pulling"
    ]
  },
  "RxPKF64GYxeyCLiP32aKf5": {
    "question_id": "RxPKF64GYxeyCLiP32aKf5",
    "prediction": "illinois",
    "actual": [
      "washington",
      "chicago",
      "illinois",
      "illinois",
      "illinois",
      "chicago",
      "illinois",
      "new york",
      "illinois",
      "illinois"
    ]
  },
  "US64WDYHmJ3UBhFuwDmcWM": {
    "question_id": "US64WDYHmJ3UBhFuwDmcWM",
    "prediction": "police officer",
    "actual": [
      "police",
      "police officer",
      "police officer",
      "law enforcement",
      "police",
      "police",
      "police officer",
      "police officer",
      "police",
      "police"
    ]
  },
  "V4VjJ3eNtgQnM7ZvF2S3iL": {
    "question_id": "V4VjJ3eNtgQnM7ZvF2S3iL",
    "prediction": "mother",
    "actual": [
      "mother",
      "mother",
      "mother",
      "parent",
      "mother",
      "mother",
      "parent",
      "mother",
      "mother",
      "mother"
    ]
  },
  "VAgkuyL7FuecBgmyumQ6oh": {
    "question_id": "VAgkuyL7FuecBgmyumQ6oh",
    "prediction": "sun",
    "actual": [
      "sun",
      "sunrays",
      "sunrays",
      "sun",
      "sun",
      "sun",
      "sun",
      "sun",
      "sunrays",
      "sun"
    ]
  },
  "VJ43YwLMKZXTSbGAg9waNa": {
    "question_id": "VJ43YwLMKZXTSbGAg9waNa",
    "prediction": "wine",
    "actual": [
      "wine",
      "water",
      "water",
      "water",
      "wine",
      "water",
      "water",
      "wine",
      "water",
      "wine"
    ]
  },
  "VJLpcbF24BNNeHBGBKQp8K": {
    "question_id": "VJLpcbF24BNNeHBGBKQp8K",
    "prediction": "protect eyes",
    "actual": [
      "protect eyes",
      "protection",
      "eye protection",
      "protect eyes",
      "sun",
      "eye protection",
      "protection",
      "wind",
      "protect eyes",
      "protect eyes"
    ]
  },
  "VohghyPSQCmFdnNQD2FntC": {
    "question_id": "VohghyPSQCmFdnNQD2FntC",
    "prediction": "tracks",
    "actual": [
      "tracks",
      "track",
      "rails",
      "train",
      "track",
      "track",
      "track",
      "tracks",
      "tracks",
      "tracks"
    ]
  },
  "WCss8XpjKYENCSuFCSKUz8": {
    "question_id": "WCss8XpjKYENCSuFCSKUz8",
    "prediction": "red",
    "actual": [
      "orange",
      "orange",
      "red",
      "red",
      "red",
      "pink",
      "orange",
      "orange",
      "red",
      "orange"
    ]
  },
  "YGzsjNW5NAbf7tFQeufc4e": {
    "question_id": "YGzsjNW5NAbf7tFQeufc4e",
    "prediction": "tusks",
    "actual": [
      "ears",
      "tusks",
      "tusks",
      "tusk",
      "tusks",
      "tusks brains",
      "tusks",
      "tusks",
      "tusks",
      "tusks"
    ]
  },
  "YQ3iE6vHkcuYRWwn3fFd8N": {
    "question_id": "YQ3iE6vHkcuYRWwn3fFd8N",
    "prediction": "bowtie",
    "actual": [
      "bowtie",
      "bow tie",
      "bow tie",
      "bowtie",
      "bow tie",
      "bow",
      "bowtie",
      "bowtie",
      "bow tie",
      "bowtie"
    ]
  },
  "aC77EkAro3tybKmAJPUAH4": {
    "question_id": "aC77EkAro3tybKmAJPUAH4",
    "prediction": "helmet",
    "actual": [
      "helmet",
      "helmet",
      "helmet",
      "helmet",
      "angrily",
      "protection",
      "safety",
      "helmet",
      "helmet",
      "helmet"
    ]
  },
  "b57dJ74KfRbDSDzkD8bSWJ": {
    "question_id": "b57dJ74KfRbDSDzkD8bSWJ",
    "prediction": "england",
    "actual": [
      "usa",
      "england",
      "united kingdom",
      "england",
      "united states",
      "america",
      "england",
      "england",
      "usa",
      "usa"
    ]
  },
  "bFHUSwTBE33hag9jVm6iJr": {
    "question_id": "bFHUSwTBE33hag9jVm6iJr",
    "prediction": "fork",
    "actual": [
      "fork knife",
      "fork knife",
      "silverware",
      "fork",
      "utensils",
      "fork",
      "fork knife",
      "knife",
      "fork",
      "fork"
    ]
  },
  "cm2fk2B2GKPXCLkpzrSxaH": {
    "question_id": "cm2fk2B2GKPXCLkpzrSxaH",
    "prediction": "europe",
    "actual": [
      "europe",
      "european",
      "asia",
      "america",
      "north america",
      "europe",
      "north america",
      "north america",
      "europe",
      "asia"
    ]
  },
  "cmnswk6vTNcnbewMUPmnv8": {
    "question_id": "cmnswk6vTNcnbewMUPmnv8",
    "prediction": "happy",
    "actual": [
      "joy",
      "happy",
      "happy",
      "joy",
      "happy",
      "happy",
      "joy",
      "happy",
      "happy",
      "happy"
    ]
  },
  "crFTuf4oK8K3SqFqWe7d8X": {
    "question_id": "crFTuf4oK8K3SqFqWe7d8X",
    "prediction": "green",
    "actual": [
      "green",
      "green",
      "tomato",
      "green",
      "green",
      "orange",
      "green",
      "green",
      "tomato",
      "green"
    ]
  },
  "dEK7AgGqKR96Axjhm22tnL": {
    "question_id": "dEK7AgGqKR96Axjhm22tnL",
    "prediction": "wind",
    "actual": [
      "wind",
      "line",
      "wind",
      "wind",
      "by string",
      "hands",
      "string",
      "cord",
      "string",
      "wind"
    ]
  },
  "da6PS4adVsfrcADUNQ8GMx": {
    "question_id": "da6PS4adVsfrcADUNQ8GMx",
    "prediction": "two",
    "actual": [
      "two",
      "one",
      "two",
      "two",
      "two",
      "three",
      "two",
      "two",
      "two",
      "two"
    ]
  },
  "dhJDsvTigyVh6W3kHQcMLa": {
    "question_id": "dhJDsvTigyVh6W3kHQcMLa",
    "prediction": "baby",
    "actual": [
      "baby",
      "baby",
      "baby",
      "baby",
      "baby",
      "baby",
      "baby",
      "baby",
      "baby",
      "baby"
    ]
  },
  "eB3RtTTsyXa6YKzPMrm4kd": {
    "question_id": "eB3RtTTsyXa6YKzPMrm4kd",
    "prediction": "red wine",
    "actual": [
      "red wine",
      "wine",
      "wine",
      "red wine",
      "wine",
      "red wine",
      "wine",
      "wine",
      "red wine",
      "wine"
    ]
  },
  "eDZFWUyFe832NMLpecBV63": {
    "question_id": "eDZFWUyFe832NMLpecBV63",
    "prediction": "selfie",
    "actual": [
      "take picture",
      "taking selfie",
      "selfie",
      "taking photo",
      "picture taking",
      "selfie",
      "selfie",
      "take picture",
      "taking picture",
      "selfie"
    ]
  },
  "fANoeH2ASUFa5ZeVzBYwjF": {
    "question_id": "fANoeH2ASUFa5ZeVzBYwjF",
    "prediction": "eating",
    "actual": [
      "drinking water",
      "talking",
      "talking",
      "having meal",
      "eating",
      "socializing",
      "eating",
      "drinking",
      "eating",
      "typing"
    ]
  },
  "fjqDSmg3254rQUdBJujxZy": {
    "question_id": "fjqDSmg3254rQUdBJujxZy",
    "prediction": "europe",
    "actual": [
      "britain",
      "europe",
      "europe",
      "italy",
      "europe",
      "europe",
      "european",
      "europe",
      "europe",
      "europe"
    ]
  },
  "gVpcdVA7d4t69Wgw9yS5d9": {
    "question_id": "gVpcdVA7d4t69Wgw9yS5d9",
    "prediction": "ball",
    "actual": [
      "ball",
      "tennis ball",
      "tennis ball",
      "ball",
      "tennis ball",
      "tennis ball",
      "tennis ball",
      "tennis ball",
      "tennis ball",
      "ball"
    ]
  },
  "geoznuKRiPX5hf2he5EgpS": {
    "question_id": "geoznuKRiPX5hf2he5EgpS",
    "prediction": "three",
    "actual": [
      "three",
      "three",
      "three",
      "three",
      "three",
      "three",
      "three",
      "three",
      "three",
      "three"
    ]
  },
  "hmfuC58r3K4Yg7EkMxJXXb": {
    "question_id": "hmfuC58r3K4Yg7EkMxJXXb",
    "prediction": "potato",
    "actual": [
      "potatoes",
      "potatoes",
      "potatoes",
      "potatoes",
      "potato",
      "potato",
      "potato",
      "potatoes",
      "potato",
      "potatoes"
    ]
  },
  "jfuLWvGbtvRTnLYAPEE8pi": {
    "question_id": "jfuLWvGbtvRTnLYAPEE8pi",
    "prediction": "two",
    "actual": [
      "two",
      "two",
      "two",
      "two",
      "two",
      "two",
      "two",
      "two",
      "two",
      "two"
    ]
  },
  "jqhSWKF72XwtaJGZH7XbS9": {
    "question_id": "jqhSWKF72XwtaJGZH7XbS9",
    "prediction": "two",
    "actual": [
      "two",
      "two",
      "two",
      "two",
      "two",
      "two",
      "two",
      "two",
      "two",
      "two"
    ]
  },
  "kLeQDtR5HUh6L8dbvEzhGe": {
    "question_id": "kLeQDtR5HUh6L8dbvEzhGe",
    "prediction": "stove",
    "actual": [
      "stove/oven",
      "stove",
      "range",
      "stove",
      "oven",
      "stove",
      "oven",
      "stove",
      "stove",
      "oven"
    ]
  },
  "kkSpeDk4MgZ6g4KPcyS5Lc": {
    "question_id": "kkSpeDk4MgZ6g4KPcyS5Lc",
    "prediction": "two",
    "actual": [
      "two",
      "two",
      "two",
      "three",
      "two",
      "two",
      "two",
      "four",
      "two",
      "three"
    ]
  },
  "mEmUcZuHB6GamJkfCAwtsD": {
    "question_id": "mEmUcZuHB6GamJkfCAwtsD",
    "prediction": "hills",
    "actual": [
      "grassy hills",
      "hills",
      "natural",
      "hill",
      "rural",
      "hillsides",
      "hills",
      "hills",
      "hills",
      "hilly"
    ]
  },
  "mcfejYn8zoagoF5VgNuR2F": {
    "question_id": "mcfejYn8zoagoF5VgNuR2F",
    "prediction": "wine",
    "actual": [
      "wine",
      "wine",
      "red wine",
      "wine",
      "wine",
      "wine",
      "wine",
      "red wine",
      "wine",
      "red wine"
    ]
  },
  "nKwQobxEKFkMGtc8DcQ5Ju": {
    "question_id": "nKwQobxEKFkMGtc8DcQ5Ju",
    "prediction": "two",
    "actual": [
      "two",
      "two",
      "two",
      "two",
      "one",
      "two",
      "two",
      "two",
      "two",
      "two"
    ]
  },
  "6GNHDAUJnk4GUrW6x4AJwF": {
    "question_id": "6GNHDAUJnk4GUrW6x4AJwF",
    "prediction": "grass",
    "actual": [
      "grass",
      "three zebras",
      "wild animals",
      "grass",
      "grassy ground",
      "forest",
      "grass",
      "running",
      "grass",
      "field"
    ]
  },
  "H6tcAFjWHYBPUpyvG5PVrv": {
    "question_id": "H6tcAFjWHYBPUpyvG5PVrv",
    "prediction": "cool",
    "actual": [
      "cold",
      "cold",
      "cool",
      "cool",
      "high",
      "cool",
      "230",
      "fridge",
      "minus degree",
      "30 degrees"
    ]
  },
  "RAq5ExoFdoDbbU97rvFYfZ": {
    "question_id": "RAq5ExoFdoDbbU97rvFYfZ",
    "prediction": "dodgers",
    "actual": [
      "dodgers",
      "dodger",
      "dodgers",
      "catching",
      "dodgers",
      "dodgers",
      "red",
      "team members",
      "playing hokky",
      "dodgers"
    ]
  }
}