{
  "22jbM6gDxdaMaunuzgrsBB": {
    "question_id": "22jbM6gDxdaMaunuzgrsBB",
    "prediction": "cigarette",
    "actual": "cigarette"
  },
  "2Aq5RiEn7eyfWjEbpuYT2o": {
    "question_id": "2Aq5RiEn7eyfWjEbpuYT2o",
    "prediction": "thirty",
    "actual": "thirty"
  },
  "2Br4bJfKY7SQM9DECrqqeG": {
    "question_id": "2Br4bJfKY7SQM9DECrqqeG",
    "prediction": "dirty",
    "actual": "dirty"
  },
  "2C8riXpRLX3CyM5jDz23m7": {
    "question_id": "2C8riXpRLX3CyM5jDz23m7",
    "prediction": "icing",
    "actual": "icing"
  },
  "2DQex53EkNGH2cfo3WPuPn": {
    "question_id": "2DQex53EkNGH2cfo3WPuPn",
    "prediction": "mobile phone",
    "actual": "mobile phone"
  },
  "2GhdXLaZFBYHSip4rvYKfK": {
    "question_id": "2GhdXLaZFBYHSip4rvYKfK",
    "prediction": "devil",
    "actual": "devil"
  },
  "2LCLpdpD3yy2dgH5tQbcFe": {
    "question_id": "2LCLpdpD3yy2dgH5tQbcFe",
    "prediction": "drying hair",
    "actual": "drying hair"
  },
  "2N5sYXgyFqbDnuUhJFAWr5": {
    "question_id": "2N5sYXgyFqbDnuUhJFAWr5",
    "prediction": "crowded",
    "actual": "crowded"
  },
  "2PGwvdFESLvwfFCwK5pbYu": {
    "question_id": "2PGwvdFESLvwfFCwK5pbYu",
    "prediction": "denim",
    "actual": "denim"
  },
  "2RN4dwhRZR3ZSKHtRnJdX3": {
    "question_id": "2RN4dwhRZR3ZSKHtRnJdX3",
    "prediction": "united states",
    "actual": "united states"
  },
  "2U3SiXdyEgJBHNThL4YbPz": {
    "question_id": "2U3SiXdyEgJBHNThL4YbPz",
    "prediction": "candle",
    "actual": "candle"
  },
  "2sUggWn8qBk97E38wKpjN5": {
    "question_id": "2sUggWn8qBk97E38wKpjN5",
    "prediction": "afternoon",
    "actual": "afternoon"
  },
  "2zTqTkKqa89GUKLzMUkDic": {
    "question_id": "2zTqTkKqa89GUKLzMUkDic",
    "prediction": "human",
    "actual": "human"
  },
  "34ah8AmQenWUyH2fZvJH7a": {
    "question_id": "34ah8AmQenWUyH2fZvJH7a",
    "prediction": "ski resort",
    "actual": "ski resort"
  },
  "3R6SnZ4MRGXXvao5ARVE8e": {
    "question_id": "3R6SnZ4MRGXXvao5ARVE8e",
    "prediction": "air traffic",
    "actual": "air traffic"
  },
  "3cCvfCWnLfrmqYEaFzb2Xm": {
    "question_id": "3cCvfCWnLfrmqYEaFzb2Xm",
    "prediction": "street festival",
    "actual": "street festival"
  },
  "3ef8KXbKoJaJZyVmxVZMaq": {
    "question_id": "3ef8KXbKoJaJZyVmxVZMaq",
    "prediction": "happy birthday",
    "actual": "happy birthday"
  },
  "3w3DT989GgT6yjqurjvmt6": {
    "question_id": "3w3DT989GgT6yjqurjvmt6",
    "prediction": "bunt",
    "actual": "bunt"
  },
  "455nQuaxbURN5ofLfbCqfq": {
    "question_id": "455nQuaxbURN5ofLfbCqfq",
    "prediction": "savanna",
    "actual": "savanna"
  },
  "49CisPCc2LiA5TUAdHZgXe": {
    "question_id": "49CisPCc2LiA5TUAdHZgXe",
    "prediction": "dog",
    "actual": "dog"
  },
  "4FBqxbmT4zCDwWzm3gH7LY": {
    "question_id": "4FBqxbmT4zCDwWzm3gH7LY",
    "prediction": "meat",
    "actual": "meat"
  },
  "4H7KMfvPvCTSvtf8Uyp55D": {
    "question_id": "4H7KMfvPvCTSvtf8Uyp55D",
    "prediction": "storage",
    "actual": "storage"
  },
  "4PvLY9C3GyARH3WSGYbYFq": {
    "question_id": "4PvLY9C3GyARH3WSGYbYFq",
    "prediction": "asian",
    "actual": "asian"
  },
  "4UrYfZMUToiF5f7GK6eMaz": {
    "question_id": "4UrYfZMUToiF5f7GK6eMaz",
    "prediction": "visibility",
    "actual": "visibility"
  },
  "4YvFMFoDw46kzXhajSgc9W": {
    "question_id": "4YvFMFoDw46kzXhajSgc9W",
    "prediction": "to eat",
    "actual": "to eat"
  },
  "4Z7WvuLTj7VUpVtLL2W2g7": {
    "question_id": "4Z7WvuLTj7VUpVtLL2W2g7",
    "prediction": "bathroom",
    "actual": "bathroom"
  },
  "4cdYbJFFeKXJr6LbKgcxTa": {
    "question_id": "4cdYbJFFeKXJr6LbKgcxTa",
    "prediction": "city",
    "actual": "city"
  },
  "4mgcpzD4d6adkPQP7cxg54": {
    "question_id": "4mgcpzD4d6adkPQP7cxg54",
    "prediction": "new york",
    "actual": "new york"
  },
  "4xBq7ak8qCE92z8vddKXtu": {
    "question_id": "4xBq7ak8qCE92z8vddKXtu",
    "prediction": "west",
    "actual": "west"
  },
  "4yq3AnREQ4PP7MXMWvBb5a": {
    "question_id": "4yq3AnREQ4PP7MXMWvBb5a",
    "prediction": "christmas",
    "actual": "christmas"
  },
  "5NysKUokKJcrFfUcBbr9Vo": {
    "question_id": "5NysKUokKJcrFfUcBbr9Vo",
    "prediction": "crashing",
    "actual": "crashing"
  },
  "5SgmGLJtR47rB539V4Jwt6": {
    "question_id": "5SgmGLJtR47rB539V4Jwt6",
    "prediction": "visibility",
    "actual": "visibility"
  },
  "5fDUuYWCZMudfXVEPywFYc": {
    "question_id": "5fDUuYWCZMudfXVEPywFYc",
    "prediction": "maria sharapova",
    "actual": "maria sharapova"
  },
  "5gQSkSh2eK3ZZ8bEyweBiA": {
    "question_id": "5gQSkSh2eK3ZZ8bEyweBiA",
    "prediction": "travel",
    "actual": "travel"
  },
  "5oBisjqVjcXEXGkd2uKPDe": {
    "question_id": "5oBisjqVjcXEXGkd2uKPDe",
    "prediction": "phone",
    "actual": "phone"
  },
  "6LfBvcynQvD7BaU3CCvfNG": {
    "question_id": "6LfBvcynQvD7BaU3CCvfNG",
    "prediction": "building",
    "actual": "building"
  },
  "6QuPF6pNBjs3DEXQh4AQt4": {
    "question_id": "6QuPF6pNBjs3DEXQh4AQt4",
    "prediction": "to eat",
    "actual": "to eat"
  },
  "6SYTPwk8BEHMp486oLsFgw": {
    "question_id": "6SYTPwk8BEHMp486oLsFgw",
    "prediction": "new york",
    "actual": "new york"
  },
  "6YyPKdGwhA3LJkUpL3p9F6": {
    "question_id": "6YyPKdGwhA3LJkUpL3p9F6",
    "prediction": "skating",
    "actual": "skating"
  },
  "6fCWweqmigW6UaiyaHq4Sy": {
    "question_id": "6fCWweqmigW6UaiyaHq4Sy",
    "prediction": "position",
    "actual": "position"
  },
  "6kpEuXnXz4ghWMLLBcRjmf": {
    "question_id": "6kpEuXnXz4ghWMLLBcRjmf",
    "prediction": "parking",
    "actual": "parking"
  },
  "6kv3CWDoRDsm2DnUCHRgmk": {
    "question_id": "6kv3CWDoRDsm2DnUCHRgmk",
    "prediction": "home",
    "actual": "home"
  },
  "6ony7mfRzE7tEhj5udEe5u": {
    "question_id": "6ony7mfRzE7tEhj5udEe5u",
    "prediction": "art show",
    "actual": "art show"
  },
  "764XKetFB6T3wsiABqc79e": {
    "question_id": "764XKetFB6T3wsiABqc79e",
    "prediction": "triangles",
    "actual": "triangles"
  },
  "79yRxKFXwWZZiCBAHtJqeE": {
    "question_id": "79yRxKFXwWZZiCBAHtJqeE",
    "prediction": "twentieth",
    "actual": "twentieth"
  },
  "7CWwGUgRqbPEiGcZEzFVEF": {
    "question_id": "7CWwGUgRqbPEiGcZEzFVEF",
    "prediction": "feline",
    "actual": "feline"
  },
  "7DWnTRkU9e86XMwb7QqxYd": {
    "question_id": "7DWnTRkU9e86XMwb7QqxYd",
    "prediction": "grill",
    "actual": "grill"
  },
  "7RjA6a3CFR8w5fVRc8Arji": {
    "question_id": "7RjA6a3CFR8w5fVRc8Arji",
    "prediction": "vegetarian",
    "actual": "vegetarian"
  },
  "7Wj97TEQc4fnsxvvsbnUXH": {
    "question_id": "7Wj97TEQc4fnsxvvsbnUXH",
    "prediction": "carrot",
    "actual": "carrot"
  },
  "7YTajnBGjXEmwuYjmsXsdX": {
    "question_id": "7YTajnBGjXEmwuYjmsXsdX",
    "prediction": "disneyland",
    "actual": "disneyland"
  },
  "7dxcZiZowsAK34QswVhXy3": {
    "question_id": "7dxcZiZowsAK34QswVhXy3",
    "prediction": "hot",
    "actual": "hot"
  },
  "7jkWRB4pt8ZordP6wDAvbT": {
    "question_id": "7jkWRB4pt8ZordP6wDAvbT",
    "prediction": "tv",
    "actual": "tv"
  },
  "7pAKkw446jdqTk9peDKjyY": {
    "question_id": "7pAKkw446jdqTk9peDKjyY",
    "prediction": "basement",
    "actual": "basement"
  },
  "86vHZcPAsgzHoG4VL93xqr": {
    "question_id": "86vHZcPAsgzHoG4VL93xqr",
    "prediction": "red",
    "actual": "red"
  },
  "8MrFkkmRAk7E8ccS8FPZ8S": {
    "question_id": "8MrFkkmRAk7E8ccS8FPZ8S",
    "prediction": "to ride",
    "actual": "to ride"
  },
  "8PZriuWuwokXCriqVBZwSJ": {
    "question_id": "8PZriuWuwokXCriqVBZwSJ",
    "prediction": "train tracks",
    "actual": "train tracks"
  },
  "8SzR5UpGtrsFWoxheZ9SkE": {
    "question_id": "8SzR5UpGtrsFWoxheZ9SkE",
    "prediction": "nintendo wii",
    "actual": "nintendo wii"
  },
  "8enBCTrMj57db8JVq9wyPq": {
    "question_id": "8enBCTrMj57db8JVq9wyPq",
    "prediction": "orange slices",
    "actual": "orange slices"
  },
  "8vzpRWS6dDNrFCouzebMm9": {
    "question_id": "8vzpRWS6dDNrFCouzebMm9",
    "prediction": "nintendo wii",
    "actual": "nintendo wii"
  },
  "99VEZ5bvSGBLWtkpJiAAXg": {
    "question_id": "99VEZ5bvSGBLWtkpJiAAXg",
    "prediction": "eating",
    "actual": "eating"
  },
  "9PGPr3vxBAb9jyWDiR9ous": {
    "question_id": "9PGPr3vxBAb9jyWDiR9ous",
    "prediction": "hp",
    "actual": "hp"
  },
  "9PZxoQZCdEn8VijhqTfENe": {
    "question_id": "9PZxoQZCdEn8VijhqTfENe",
    "prediction": "fork",
    "actual": "fork"
  },
  "9Vcrsyxf2zbSBauWavQbju": {
    "question_id": "9Vcrsyxf2zbSBauWavQbju",
    "prediction": "middle",
    "actual": "middle"
  },
  "9agpK8NJBKhb2vcWiKXRi7": {
    "question_id": "9agpK8NJBKhb2vcWiKXRi7",
    "prediction": "water",
    "actual": "water"
  },
  "9d7StqUZPtRBbHjSDFwwqa": {
    "question_id": "9d7StqUZPtRBbHjSDFwwqa",
    "prediction": "classmates",
    "actual": "classmates"
  },
  "9m5dBgT3PJrhWRCDg9ee2z": {
    "question_id": "9m5dBgT3PJrhWRCDg9ee2z",
    "prediction": "passenger",
    "actual": "passenger"
  },
  "A2uU9gQWJp8Z3LJePdL9u8": {
    "question_id": "A2uU9gQWJp8Z3LJePdL9u8",
    "prediction": "japanese",
    "actual": "japanese"
  },
  "A3zGJC9ryU4EkHzywEGdJn": {
    "question_id": "A3zGJC9ryU4EkHzywEGdJn",
    "prediction": "red wine",
    "actual": "red wine"
  },
  "ADSaLsXSNftfMMYWMKKqCS": {
    "question_id": "ADSaLsXSNftfMMYWMKKqCS",
    "prediction": "right",
    "actual": "right"
  },
  "APKEVGn8hXAWmsWYxQQukD": {
    "question_id": "APKEVGn8hXAWmsWYxQQukD",
    "prediction": "sun",
    "actual": "sun"
  },
  "AR5jScMLqmYDjzmKHxKzMT": {
    "question_id": "AR5jScMLqmYDjzmKHxKzMT",
    "prediction": "holiday dinner",
    "actual": "holiday dinner"
  },
  "AvkwREzm6e6NBB6ERwG4ws": {
    "question_id": "AvkwREzm6e6NBB6ERwG4ws",
    "prediction": "wimbledon",
    "actual": "wimbledon"
  },
  "AyYa5v5HCXAjDeLXgP2CN5": {
    "question_id": "AyYa5v5HCXAjDeLXgP2CN5",
    "prediction": "coats",
    "actual": "coats"
  },
  "B9XREx57Gw3BhJfjEg9yib": {
    "question_id": "B9XREx57Gw3BhJfjEg9yib",
    "prediction": "public transport",
    "actual": "public transport"
  },
  "BNpoJaz9Qu7KQ87FoFfRab": {
    "question_id": "BNpoJaz9Qu7KQ87FoFfRab",
    "prediction": "plowing",
    "actual": "plowing"
  },
  "BPPnGELjMEGtrmqgkrBt6V": {
    "question_id": "BPPnGELjMEGtrmqgkrBt6V",
    "prediction": "bakery",
    "actual": "bakery"
  },
  "BUpdAEWaMUZK8AKRzy3vBQ": {
    "question_id": "BUpdAEWaMUZK8AKRzy3vBQ",
    "prediction": "parents",
    "actual": "parents"
  },
  "BaNWccWHEXHgtdo2h5795T": {
    "question_id": "BaNWccWHEXHgtdo2h5795T",
    "prediction": "traffic",
    "actual": "traffic"
  },
  "BhVeP3bxgcP5SjZLEfrm9y": {
    "question_id": "BhVeP3bxgcP5SjZLEfrm9y",
    "prediction": "snowboarding",
    "actual": "snowboarding"
  },
  "Bja27MQDKfkiPDd5iSER6Q": {
    "question_id": "Bja27MQDKfkiPDd5iSER6Q",
    "prediction": "missed",
    "actual": "missed"
  },
  "BpLgWvp3a7WEzrsmnpQBWT": {
    "question_id": "BpLgWvp3a7WEzrsmnpQBWT",
    "prediction": "string",
    "actual": "string"
  },
  "Bw5zPLf2EX7MjMakQbxdAV": {
    "question_id": "Bw5zPLf2EX7MjMakQbxdAV",
    "prediction": "drinking",
    "actual": "drinking"
  },
  "BwNg9mG4uXsALtLg2ztFgz": {
    "question_id": "BwNg9mG4uXsALtLg2ztFgz",
    "prediction": "yeast",
    "actual": "yeast"
  },
  "C5KFJtK2qiQ2gMC5WNsdnB": {
    "question_id": "C5KFJtK2qiQ2gMC5WNsdnB",
    "prediction": "customers",
    "actual": "customers"
  },
  "C9AXp35Pm8iw5MANqbWmyR": {
    "question_id": "C9AXp35Pm8iw5MANqbWmyR",
    "prediction": "game",
    "actual": "game"
  },
  "CKoy38QkqTRSirL8yyeimY": {
    "question_id": "CKoy38QkqTRSirL8yyeimY",
    "prediction": "disposable",
    "actual": "disposable"
  },
  "CMPt5xfqSyHQoFockxCWux": {
    "question_id": "CMPt5xfqSyHQoFockxCWux",
    "prediction": "rain",
    "actual": "rain"
  },
  "CTrTbwL2BtnQqY9vjiEiFF": {
    "question_id": "CTrTbwL2BtnQqY9vjiEiFF",
    "prediction": "wine",
    "actual": "wine"
  },
  "CcD6HgxREVqanqLnSysBTr": {
    "question_id": "CcD6HgxREVqanqLnSysBTr",
    "prediction": "sweet",
    "actual": "sweet"
  },
  "D6q9dXSUpTBgDkWi7e7dYS": {
    "question_id": "D6q9dXSUpTBgDkWi7e7dYS",
    "prediction": "banana split",
    "actual": "banana split"
  },
  "DPtUMrxDbLP2nQ9yUdmvkT": {
    "question_id": "DPtUMrxDbLP2nQ9yUdmvkT",
    "prediction": "two",
    "actual": "two"
  },
  "DYEPfA4NaMDK8Dj5qW7AAE": {
    "question_id": "DYEPfA4NaMDK8Dj5qW7AAE",
    "prediction": "living room",
    "actual": "living room"
  },
  "DjXHKc7B4xBT6qMsDFXXjt": {
    "question_id": "DjXHKc7B4xBT6qMsDFXXjt",
    "prediction": "tea lights",
    "actual": "tea lights"
  },
  "E7LafAUEeJM9NiMjemXwRW": {
    "question_id": "E7LafAUEeJM9NiMjemXwRW",
    "prediction": "zebra",
    "actual": "zebra"
  },
  "E9Tea7kyCg7eW4bPeT5W83": {
    "question_id": "E9Tea7kyCg7eW4bPeT5W83",
    "prediction": "beer",
    "actual": "beer"
  },
  "EAHmczQURaep8SJkvhYCje": {
    "question_id": "EAHmczQURaep8SJkvhYCje",
    "prediction": "fence",
    "actual": "fence"
  },
  "EBfqBBCf7yRtTtGhsc52Td": {
    "question_id": "EBfqBBCf7yRtTtGhsc52Td",
    "prediction": "stripes",
    "actual": "stripes"
  },
  "EER9xudvx7aG37Zbaewxkw": {
    "question_id": "EER9xudvx7aG37Zbaewxkw",
    "prediction": "pepsi",
    "actual": "pepsi"
  },
  "EdDpJngBTrp6Bje83yQqDc": {
    "question_id": "EdDpJngBTrp6Bje83yQqDc",
    "prediction": "sun",
    "actual": "sun"
  },
  "EmU9DKov4EwRDaZuKvzAXj": {
    "question_id": "EmU9DKov4EwRDaZuKvzAXj",
    "prediction": "beer",
    "actual": "beer"
  },
  "EpwwuobLzGLWhnbXAjbw2x": {
    "question_id": "EpwwuobLzGLWhnbXAjbw2x",
    "prediction": "don't walk",
    "actual": "don't walk"
  },
  "EsctZHEwzyvi6A7K55acJq": {
    "question_id": "EsctZHEwzyvi6A7K55acJq",
    "prediction": "clothing",
    "actual": "clothing"
  },
  "EtRReER5fXmbnTmQTzM7Di": {
    "question_id": "EtRReER5fXmbnTmQTzM7Di",
    "prediction": "room",
    "actual": "room"
  },
  "EueF8ShbQJHpynE7TdNGRG": {
    "question_id": "EueF8ShbQJHpynE7TdNGRG",
    "prediction": "shoes",
    "actual": "shoes"
  },
  "EyxALxGEvCyePSado4wnJL": {
    "question_id": "EyxALxGEvCyePSado4wnJL",
    "prediction": "orange",
    "actual": "orange"
  },
  "F92aSsSv7ZAtXnGBVREhqq": {
    "question_id": "F92aSsSv7ZAtXnGBVREhqq",
    "prediction": "breakfast",
    "actual": "breakfast"
  },
  "FFhuFfMAy38Z7WWr6q7faA": {
    "question_id": "FFhuFfMAy38Z7WWr6q7faA",
    "prediction": "son",
    "actual": "son"
  },
  "FWFywCJZaAGVJa2FAuwqyP": {
    "question_id": "FWFywCJZaAGVJa2FAuwqyP",
    "prediction": "polo",
    "actual": "polo"
  },
  "FWokXQxyNdSctoKKriQTqh": {
    "question_id": "FWokXQxyNdSctoKKriQTqh",
    "prediction": "rain",
    "actual": "rain"
  },
  "FddDsTHeVp9WJYZBjLoKUi": {
    "question_id": "FddDsTHeVp9WJYZBjLoKUi",
    "prediction": "road",
    "actual": "road"
  },
  "Fr2NzFhfutw8k7CpoAGnW8": {
    "question_id": "Fr2NzFhfutw8k7CpoAGnW8",
    "prediction": "two",
    "actual": "two"
  },
  "FrMujHaugfA8T2uMPEkckf": {
    "question_id": "FrMujHaugfA8T2uMPEkckf",
    "prediction": "ocean",
    "actual": "ocean"
  },
  "GYERWEzeTRB8TqAZXguSbG": {
    "question_id": "GYERWEzeTRB8TqAZXguSbG",
    "prediction": "rain protection",
    "actual": "rain protection"
  },
  "GfXMvDmY2rQYcnA8kLrFvf": {
    "question_id": "GfXMvDmY2rQYcnA8kLrFvf",
    "prediction": "sneakers",
    "actual": "sneakers"
  },
  "GoBun4WYj2oK6vRihjfEGv": {
    "question_id": "GoBun4WYj2oK6vRihjfEGv",
    "prediction": "red wine",
    "actual": "red wine"
  },
  "GzEbcQExF4cHmrhk7rdnce": {
    "question_id": "GzEbcQExF4cHmrhk7rdnce",
    "prediction": "nintendo wii",
    "actual": "nintendo wii"
  },
  "H8bbnrXJwvzCPyGsK48h8c": {
    "question_id": "H8bbnrXJwvzCPyGsK48h8c",
    "prediction": "conference room",
    "actual": "conference room"
  },
  "HGUuQneRyMcmypY3dX7XUi": {
    "question_id": "HGUuQneRyMcmypY3dX7XUi",
    "prediction": "pickles",
    "actual": "pickles"
  },
  "HJh9bXtpMyBNmsmBa6CH4p": {
    "question_id": "HJh9bXtpMyBNmsmBa6CH4p",
    "prediction": "two",
    "actual": "two"
  },
  "HM4obw9fQyb3aPheZjgtqq": {
    "question_id": "HM4obw9fQyb3aPheZjgtqq",
    "prediction": "visibility",
    "actual": "visibility"
  },
  "HVw3M6ynyrfGd6UNNGLDyS": {
    "question_id": "HVw3M6ynyrfGd6UNNGLDyS",
    "prediction": "home plate",
    "actual": "home plate"
  },
  "HmwKHh89ZFtLUWCExGKoLw": {
    "question_id": "HmwKHh89ZFtLUWCExGKoLw",
    "prediction": "hello",
    "actual": "hello"
  },
  "Hnor848pYZFWrEeYWfuYCF": {
    "question_id": "Hnor848pYZFWrEeYWfuYCF",
    "prediction": "coffee",
    "actual": "coffee"
  },
  "HtgRjokZ8ucLVCRGLEKkFS": {
    "question_id": "HtgRjokZ8ucLVCRGLEKkFS",
    "prediction": "heart",
    "actual": "heart"
  },
  "JR77UNbyj38mU3p6Ku6Qn8": {
    "question_id": "JR77UNbyj38mU3p6Ku6Qn8",
    "prediction": "broccoli",
    "actual": "broccoli"
  },
  "JTLLmy2W6V6VETwzhkgDPh": {
    "question_id": "JTLLmy2W6V6VETwzhkgDPh",
    "prediction": "one",
    "actual": "one"
  },
  "JwnCRZQToshydgQiSHz6Qk": {
    "question_id": "JwnCRZQToshydgQiSHz6Qk",
    "prediction": "fireplace",
    "actual": "fireplace"
  },
  "JzruB6ybwPgmhZ5euNweVS": {
    "question_id": "JzruB6ybwPgmhZ5euNweVS",
    "prediction": "cellular",
    "actual": "cellular"
  },
  "KA3cQWXpQhyGmzPKC9d7jv": {
    "question_id": "KA3cQWXpQhyGmzPKC9d7jv",
    "prediction": "playing baseball",
    "actual": "playing baseball"
  },
  "KHUiovaE2ZgBkwbt2ADbaN": {
    "question_id": "KHUiovaE2ZgBkwbt2ADbaN",
    "prediction": "sadness",
    "actual": "sadness"
  },
  "KSBuivjEvKXo6nskDiHPRK": {
    "question_id": "KSBuivjEvKXo6nskDiHPRK",
    "prediction": "ice cream",
    "actual": "ice cream"
  },
  "KatNcK2tJQ8nr2oasRaXoD": {
    "question_id": "KatNcK2tJQ8nr2oasRaXoD",
    "prediction": "run",
    "actual": "run"
  },
  "Kg2epvxdD43djHjdN3HBEw": {
    "question_id": "Kg2epvxdD43djHjdN3HBEw",
    "prediction": "market",
    "actual": "market"
  },
  "KqEeneEUHVnoFj9nRYLS3u": {
    "question_id": "KqEeneEUHVnoFj9nRYLS3u",
    "prediction": "white",
    "actual": "white"
  },
  "KxDzK3TmVjHrd7PVRGf6AP": {
    "question_id": "KxDzK3TmVjHrd7PVRGf6AP",
    "prediction": "cutting food",
    "actual": "cutting food"
  },
  "LGdv7ZFDA5bxdGaYw5XSLZ": {
    "question_id": "LGdv7ZFDA5bxdGaYw5XSLZ",
    "prediction": "camouflage",
    "actual": "camouflage"
  },
  "LHVciAWegjMeYHxTjEpTPc": {
    "question_id": "LHVciAWegjMeYHxTjEpTPc",
    "prediction": "beach",
    "actual": "beach"
  },
  "LYvkz5jUWHpZYkZ8VhxESf": {
    "question_id": "LYvkz5jUWHpZYkZ8VhxESf",
    "prediction": "to rest",
    "actual": "to rest"
  },
  "LpbiGZE3yGNeqQXPc8cB7v": {
    "question_id": "LpbiGZE3yGNeqQXPc8cB7v",
    "prediction": "post-its",
    "actual": "post-its"
  },
  "LqQSkRfPRjbWBwDicmVt5h": {
    "question_id": "LqQSkRfPRjbWBwDicmVt5h",
    "prediction": "clean",
    "actual": "clean"
  },
  "LygyAJXhmSDTBfc6cAtztt": {
    "question_id": "LygyAJXhmSDTBfc6cAtztt",
    "prediction": "motorcycle",
    "actual": "motorcycle"
  },
  "M3yABkFk8uMPsVkecGAnZR": {
    "question_id": "M3yABkFk8uMPsVkecGAnZR",
    "prediction": "stir",
    "actual": "stir"
  },
  "M4bEQ9vKhFhuWXb9nEf76d": {
    "question_id": "M4bEQ9vKhFhuWXb9nEf76d",
    "prediction": "eating",
    "actual": "eating"
  },
  "MAH3KC3SWvoTum6Ja75hB3": {
    "question_id": "MAH3KC3SWvoTum6Ja75hB3",
    "prediction": "two",
    "actual": "two"
  },
  "MDyjdP8Esi9N3eEpLVuwx7": {
    "question_id": "MDyjdP8Esi9N3eEpLVuwx7",
    "prediction": "protection",
    "actual": "protection"
  },
  "MLS7svNqmdHua7qB2dvKuq": {
    "question_id": "MLS7svNqmdHua7qB2dvKuq",
    "prediction": "wimbledon",
    "actual": "wimbledon"
  },
  "MXNuoDzTufsnkH3TEQS9P3": {
    "question_id": "MXNuoDzTufsnkH3TEQS9P3",
    "prediction": "warmth",
    "actual": "warmth"
  },
  "MvjdGpXqcdaADbsGwjo2Bm": {
    "question_id": "MvjdGpXqcdaADbsGwjo2Bm",
    "prediction": "ski poles",
    "actual": "ski poles"
  },
  "N7m8txH8f6upMQuW8Ek8p8": {
    "question_id": "N7m8txH8f6upMQuW8Ek8p8",
    "prediction": "hats",
    "actual": "hats"
  },
  "NMaWJvLKEHntrF2zNxigMq": {
    "question_id": "NMaWJvLKEHntrF2zNxigMq",
    "prediction": "body surf",
    "actual": "body surf"
  },
  "NxB3LACrQbQmimYNePAYyK": {
    "question_id": "NxB3LACrQbQmimYNePAYyK",
    "prediction": "relax",
    "actual": "relax"
  },
  "P849UYcdPdpuMhsTCbyCuu": {
    "question_id": "P849UYcdPdpuMhsTCbyCuu",
    "prediction": "jockeys",
    "actual": "jockeys"
  },
  "PBPtqNj8ChAWcqKW5qxQvR": {
    "question_id": "PBPtqNj8ChAWcqKW5qxQvR",
    "prediction": "sphere",
    "actual": "sphere"
  },
  "PR3YdLbDHdwHNJENygZqBa": {
    "question_id": "PR3YdLbDHdwHNJENygZqBa",
    "prediction": "warm",
    "actual": "warm"
  },
  "PXXkdGKz45qtjq76Scf9Hj": {
    "question_id": "PXXkdGKz45qtjq76Scf9Hj",
    "prediction": "airport",
    "actual": "airport"
  },
  "PZuvxsHTeR4DzXQN7DQR59": {
    "question_id": "PZuvxsHTeR4DzXQN7DQR59",
    "prediction": "bug shield",
    "actual": "bug shield"
  },
  "PmWMsFgyX6apXWit2Z87aj": {
    "question_id": "PmWMsFgyX6apXWit2Z87aj",
    "prediction": "magazine",
    "actual": "magazine"
  },
  "PvkdPe2rHmCnyKrzoFjrgy": {
    "question_id": "PvkdPe2rHmCnyKrzoFjrgy",
    "prediction": "sitting",
    "actual": "sitting"
  },
  "Q8qrsK2VxVXdM3LRKyhi5U": {
    "question_id": "Q8qrsK2VxVXdM3LRKyhi5U",
    "prediction": "coach",
    "actual": "coach"
  },
  "QMRwRh6Gcy2qkWbZajGUru": {
    "question_id": "QMRwRh6Gcy2qkWbZajGUru",
    "prediction": "stone",
    "actual": "stone"
  },
  "QU5GGV7TZU2xWvdPz946Ka": {
    "question_id": "QU5GGV7TZU2xWvdPz946Ka",
    "prediction": "bicycle",
    "actual": "bicycle"
  },
  "QXpLwCmcjZXSBHQULTdAXu": {
    "question_id": "QXpLwCmcjZXSBHQULTdAXu",
    "prediction": "icing",
    "actual": "icing"
  },
  "Qpu4P46aupMV73vp2wmEGk": {
    "question_id": "Qpu4P46aupMV73vp2wmEGk",
    "prediction": "bar",
    "actual": "bar"
  },
  "Qs2pN4dnREpNWB3Faxrwfy": {
    "question_id": "Qs2pN4dnREpNWB3Faxrwfy",
    "prediction": "two way",
    "actual": "two way"
  },
  "Qv49BJttrdU8moobFFSe58": {
    "question_id": "Qv49BJttrdU8moobFFSe58",
    "prediction": "poles",
    "actual": "poles"
  },
  "R6NkFiXvj9TEor6T66JJmM": {
    "question_id": "R6NkFiXvj9TEor6T66JJmM",
    "prediction": "sisters",
    "actual": "sisters"
  },
  "RHuE3kjsrxziVFTSuHGQTD": {
    "question_id": "RHuE3kjsrxziVFTSuHGQTD",
    "prediction": "horse",
    "actual": "horse"
  },
  "ReDe96f2774vpupY23aBCH": {
    "question_id": "ReDe96f2774vpupY23aBCH",
    "prediction": "pete rose",
    "actual": "pete rose"
  },
  "RhZ5i6awC44Si9nVyCzBst": {
    "question_id": "RhZ5i6awC44Si9nVyCzBst",
    "prediction": "pulling it",
    "actual": "pulling it"
  },
  "RwpxKDcMF2E4fdhCjCJNEN": {
    "question_id": "RwpxKDcMF2E4fdhCjCJNEN",
    "prediction": "eat",
    "actual": "eat"
  },
  "RxPKF64GYxeyCLiP32aKf5": {
    "question_id": "RxPKF64GYxeyCLiP32aKf5",
    "prediction": "illinois",
    "actual": "illinois"
  },
  "SDfSmLAeRRq77jeB3mdieQ": {
    "question_id": "SDfSmLAeRRq77jeB3mdieQ",
    "prediction": "sleeping bag",
    "actual": "sleeping bag"
  },
  "SGt3LAcTjvTtjzjBAtJsCd": {
    "question_id": "SGt3LAcTjvTtjzjBAtJsCd",
    "prediction": "bottom-right",
    "actual": "bottom-right"
  },
  "Sd9FAqZwhabNaWzRUftozo": {
    "question_id": "Sd9FAqZwhabNaWzRUftozo",
    "prediction": "love us",
    "actual": "love us"
  },
  "Sk8wJePwpdzCXP4WzjbGdu": {
    "question_id": "Sk8wJePwpdzCXP4WzjbGdu",
    "prediction": "reading",
    "actual": "reading"
  },
  "SoTQafEnfUD2Y8PJj7uSH5": {
    "question_id": "SoTQafEnfUD2Y8PJj7uSH5",
    "prediction": "tv",
    "actual": "tv"
  },
  "SpnBQjkqymWyZ5gEzPTwKu": {
    "question_id": "SpnBQjkqymWyZ5gEzPTwKu",
    "prediction": "cow",
    "actual": "cow"
  },
  "SsQakUmPuH7a7w6tvHfNjc": {
    "question_id": "SsQakUmPuH7a7w6tvHfNjc",
    "prediction": "table",
    "actual": "table"
  },
  "Su4RjX7NpuDbXwjPMBxq9g": {
    "question_id": "Su4RjX7NpuDbXwjPMBxq9g",
    "prediction": "buses",
    "actual": "buses"
  },
  "SvWosPQqsqcUBDy2Jzg4hr": {
    "question_id": "SvWosPQqsqcUBDy2Jzg4hr",
    "prediction": "for shade",
    "actual": "for shade"
  },
  "Svs8fentMLQ8L3ApAisjeQ": {
    "question_id": "Svs8fentMLQ8L3ApAisjeQ",
    "prediction": "meat",
    "actual": "meat"
  },
  "TCXSs2iG5qmduZYmRir2cK": {
    "question_id": "TCXSs2iG5qmduZYmRir2cK",
    "prediction": "fresh",
    "actual": "fresh"
  },
  "Tbna5Srgt6Jbg8hgADabX7": {
    "question_id": "Tbna5Srgt6Jbg8hgADabX7",
    "prediction": "white",
    "actual": "white"
  },
  "TgSTm8wMoywwfop8P7MVSd": {
    "question_id": "TgSTm8wMoywwfop8P7MVSd",
    "prediction": "dry",
    "actual": "dry"
  },
  "TgnxoGn2URnSnsnWhniwQ9": {
    "question_id": "TgnxoGn2URnSnsnWhniwQ9",
    "prediction": "dogs",
    "actual": "dogs"
  },
  "TnkZofftZctoj8bFNzg2kH": {
    "question_id": "TnkZofftZctoj8bFNzg2kH",
    "prediction": "seniors",
    "actual": "seniors"
  },
  "TsqMjNDdEXguXzN7puUbW5": {
    "question_id": "TsqMjNDdEXguXzN7puUbW5",
    "prediction": "plastic",
    "actual": "plastic"
  },
  "U3vN2kLcHwnX4WfdNGnvxW": {
    "question_id": "U3vN2kLcHwnX4WfdNGnvxW",
    "prediction": "sea",
    "actual": "sea"
  },
  "UPhByDxcyegyWfhgbrkTZD": {
    "question_id": "UPhByDxcyegyWfhgbrkTZD",
    "prediction": "cell phone",
    "actual": "cell phone"
  },
  "US64WDYHmJ3UBhFuwDmcWM": {
    "question_id": "US64WDYHmJ3UBhFuwDmcWM",
    "prediction": "police officer",
    "actual": "police officer"
  },
  "UUjWA8SQGxcai53mEXndiA": {
    "question_id": "UUjWA8SQGxcai53mEXndiA",
    "prediction": "churning water",
    "actual": "churning water"
  },
  "UcdDMTu4br8uyQPYPQxgo6": {
    "question_id": "UcdDMTu4br8uyQPYPQxgo6",
    "prediction": "east asia",
    "actual": "east asia"
  },
  "V4VjJ3eNtgQnM7ZvF2S3iL": {
    "question_id": "V4VjJ3eNtgQnM7ZvF2S3iL",
    "prediction": "mother",
    "actual": "mother"
  },
  "VAgkuyL7FuecBgmyumQ6oh": {
    "question_id": "VAgkuyL7FuecBgmyumQ6oh",
    "prediction": "sun",
    "actual": "sun"
  },
  "VDb8JjxzQRA5pssoPHup4M": {
    "question_id": "VDb8JjxzQRA5pssoPHup4M",
    "prediction": "fun",
    "actual": "fun"
  },
  "VJLpcbF24BNNeHBGBKQp8K": {
    "question_id": "VJLpcbF24BNNeHBGBKQp8K",
    "prediction": "protection",
    "actual": "protection"
  },
  "VKDkZzDN4KTFxGbh2KrgSf": {
    "question_id": "VKDkZzDN4KTFxGbh2KrgSf",
    "prediction": "china",
    "actual": "china"
  },
  "VSvCeQz6PNuzX6hYisMLe4": {
    "question_id": "VSvCeQz6PNuzX6hYisMLe4",
    "prediction": "sitting",
    "actual": "sitting"
  },
  "VZg6oeEVpweNk9fihBXS8m": {
    "question_id": "VZg6oeEVpweNk9fihBXS8m",
    "prediction": "checkerboard",
    "actual": "checkerboard"
  },
  "Va5KLsXWHujm6DtfGdHssS": {
    "question_id": "Va5KLsXWHujm6DtfGdHssS",
    "prediction": "afternoon",
    "actual": "afternoon"
  },
  "Vaycw3C7ENGUZ9YnzCz5TU": {
    "question_id": "Vaycw3C7ENGUZ9YnzCz5TU",
    "prediction": "water",
    "actual": "water"
  },
  "VcdLhhv7e9gDP4aHuFPomY": {
    "question_id": "VcdLhhv7e9gDP4aHuFPomY",
    "prediction": "protect it",
    "actual": "protect it"
  },
  "VdepsSMSGD3FJyBybbLsFD": {
    "question_id": "VdepsSMSGD3FJyBybbLsFD",
    "prediction": "exercise",
    "actual": "exercise"
  },
  "VeQ4KEc2qHLZTXoPaHX4sy": {
    "question_id": "VeQ4KEc2qHLZTXoPaHX4sy",
    "prediction": "ski racing",
    "actual": "ski racing"
  },
  "VnvcXjkeZTbMsRfQZwQXUF": {
    "question_id": "VnvcXjkeZTbMsRfQZwQXUF",
    "prediction": "reading",
    "actual": "reading"
  },
  "VohghyPSQCmFdnNQD2FntC": {
    "question_id": "VohghyPSQCmFdnNQD2FntC",
    "prediction": "track",
    "actual": "track"
  },
  "W45wAtdznJWCkxES23Ymmb": {
    "question_id": "W45wAtdznJWCkxES23Ymmb",
    "prediction": "hot sauce",
    "actual": "hot sauce"
  },
  "WC8XQmunFHgUyN44J9vNQu": {
    "question_id": "WC8XQmunFHgUyN44J9vNQu",
    "prediction": "rail",
    "actual": "rail"
  },
  "WLG7VBozfPSsZPwKjaUXYy": {
    "question_id": "WLG7VBozfPSsZPwKjaUXYy",
    "prediction": "islam",
    "actual": "islam"
  },
  "WT3fLQWr4Wnj9LaQJ68rri": {
    "question_id": "WT3fLQWr4Wnj9LaQJ68rri",
    "prediction": "park",
    "actual": "park"
  },
  "WTHtfRH2Df4wkMEyR93oQy": {
    "question_id": "WTHtfRH2Df4wkMEyR93oQy",
    "prediction": "europe",
    "actual": "europe"
  },
  "WZt7xFyvPGqx93xZmhCFb7": {
    "question_id": "WZt7xFyvPGqx93xZmhCFb7",
    "prediction": "green",
    "actual": "green"
  },
  "WdswpNeyj4t9nbTqRVKKT9": {
    "question_id": "WdswpNeyj4t9nbTqRVKKT9",
    "prediction": "stir frying",
    "actual": "stir frying"
  },
  "Wug9d3qD8PXM2ugMWrbNA5": {
    "question_id": "Wug9d3qD8PXM2ugMWrbNA5",
    "prediction": "light",
    "actual": "light"
  },
  "XJXTjtpd7XoK9uTnTUkHSW": {
    "question_id": "XJXTjtpd7XoK9uTnTUkHSW",
    "prediction": "30",
    "actual": "30"
  },
  "XZFLgzvvF4CfTaEbBLCkDV": {
    "question_id": "XZFLgzvvF4CfTaEbBLCkDV",
    "prediction": "june",
    "actual": "june"
  },
  "XcYCdxp4Javwyxx6cihuSz": {
    "question_id": "XcYCdxp4Javwyxx6cihuSz",
    "prediction": "railroad",
    "actual": "railroad"
  },
  "XpWyazzxv9nAYHcqKswwD7": {
    "question_id": "XpWyazzxv9nAYHcqKswwD7",
    "prediction": "bottle",
    "actual": "bottle"
  },
  "Xw5HiN4AhQ2Nniw8ZD6LYB": {
    "question_id": "Xw5HiN4AhQ2Nniw8ZD6LYB",
    "prediction": "clown fish",
    "actual": "clown fish"
  },
  "YGzsjNW5NAbf7tFQeufc4e": {
    "question_id": "YGzsjNW5NAbf7tFQeufc4e",
    "prediction": "tusks",
    "actual": "tusks"
  },
  "YY8z6xFXJJ2nBNWWiijsHP": {
    "question_id": "YY8z6xFXJJ2nBNWWiijsHP",
    "prediction": "toy story",
    "actual": "toy story"
  },
  "YfFNHQEnioSZJwnStCSHar": {
    "question_id": "YfFNHQEnioSZJwnStCSHar",
    "prediction": "keeping captive",
    "actual": "keeping captive"
  },
  "YkmMkPR5sqwoebanrtJNBw": {
    "question_id": "YkmMkPR5sqwoebanrtJNBw",
    "prediction": "wire",
    "actual": "wire"
  },
  "YoMKzbxjcp5XHZrxcqj3Pn": {
    "question_id": "YoMKzbxjcp5XHZrxcqj3Pn",
    "prediction": "traffic light",
    "actual": "traffic light"
  },
  "Yw4eyrH9WvXX8SLfnqmPmX": {
    "question_id": "Yw4eyrH9WvXX8SLfnqmPmX",
    "prediction": "pastry",
    "actual": "pastry"
  },
  "Yzs9cYUUiiJWUzXRFsu3Qy": {
    "question_id": "Yzs9cYUUiiJWUzXRFsu3Qy",
    "prediction": "zero",
    "actual": "zero"
  },
  "ZH4XEMQDqCEqeyqX8ruMqf": {
    "question_id": "ZH4XEMQDqCEqeyqX8ruMqf",
    "prediction": "tea party",
    "actual": "tea party"
  },
  "ZZaVsZeNSvsTB8M2mFDcqL": {
    "question_id": "ZZaVsZeNSvsTB8M2mFDcqL",
    "prediction": "beer",
    "actual": "beer"
  },
  "ZeUzimMiTU6aJb3tFM7ie3": {
    "question_id": "ZeUzimMiTU6aJb3tFM7ie3",
    "prediction": "tropical",
    "actual": "tropical"
  },
  "ZfTC6zzHXSMikD2CDbSrJn": {
    "question_id": "ZfTC6zzHXSMikD2CDbSrJn",
    "prediction": "plaid",
    "actual": "plaid"
  },
  "Zhx4M3xfkZGgH4dnopMrY2": {
    "question_id": "Zhx4M3xfkZGgH4dnopMrY2",
    "prediction": "to eat",
    "actual": "to eat"
  },
  "Zpnu9g7eUGf6yYwwFN2Hk5": {
    "question_id": "Zpnu9g7eUGf6yYwwFN2Hk5",
    "prediction": "dessert",
    "actual": "dessert"
  },
  "Zt2TzKJkDQHFrbcPkxNZcA": {
    "question_id": "Zt2TzKJkDQHFrbcPkxNZcA",
    "prediction": "balls",
    "actual": "balls"
  },
  "aAEJFGA3xJLXv4gMXqCd84": {
    "question_id": "aAEJFGA3xJLXv4gMXqCd84",
    "prediction": "eye protection",
    "actual": "eye protection"
  },
  "aX3pLQW2CigHrJVVMETaey": {
    "question_id": "aX3pLQW2CigHrJVVMETaey",
    "prediction": "30",
    "actual": "30"
  },
  "aXNsPe9LnRuqorhKQ9McLC": {
    "question_id": "aXNsPe9LnRuqorhKQ9McLC",
    "prediction": "one",
    "actual": "one"
  },
  "adYBVSLgdqCGZjjVacKNGg": {
    "question_id": "adYBVSLgdqCGZjjVacKNGg",
    "prediction": "onion",
    "actual": "onion"
  },
  "apxbVY3Q3arXvhq3DXWFKC": {
    "question_id": "apxbVY3Q3arXvhq3DXWFKC",
    "prediction": "intersection",
    "actual": "intersection"
  },
  "b57dJ74KfRbDSDzkD8bSWJ": {
    "question_id": "b57dJ74KfRbDSDzkD8bSWJ",
    "prediction": "england",
    "actual": "england"
  },
  "b5XoCkzFXxELg4R5SP4uEf": {
    "question_id": "b5XoCkzFXxELg4R5SP4uEf",
    "prediction": "ring toss",
    "actual": "ring toss"
  },
  "bWUR6AzW6CejWi3EG2PZfT": {
    "question_id": "bWUR6AzW6CejWi3EG2PZfT",
    "prediction": "beer",
    "actual": "beer"
  },
  "bZont5aBGPxG5hEGcRHk4r": {
    "question_id": "bZont5aBGPxG5hEGcRHk4r",
    "prediction": "egypt",
    "actual": "egypt"
  },
  "bf6qUEbh434BJZ3d4MWsU9": {
    "question_id": "bf6qUEbh434BJZ3d4MWsU9",
    "prediction": "toyota",
    "actual": "toyota"
  },
  "bkDub4yWQqeZVboUxpBCAd": {
    "question_id": "bkDub4yWQqeZVboUxpBCAd",
    "prediction": "restroom",
    "actual": "restroom"
  },
  "bsEAp6tE9zHfcQ2ZASJYbZ": {
    "question_id": "bsEAp6tE9zHfcQ2ZASJYbZ",
    "prediction": "eating leaves",
    "actual": "eating leaves"
  },
  "cHj9fNtX8oN4JATDhDUC4T": {
    "question_id": "cHj9fNtX8oN4JATDhDUC4T",
    "prediction": "human",
    "actual": "human"
  },
  "cHkTFzqn2VpbUHXky7DhQz": {
    "question_id": "cHkTFzqn2VpbUHXky7DhQz",
    "prediction": "bear",
    "actual": "bear"
  },
  "cRGhffFZWNyQviWrJPmRCg": {
    "question_id": "cRGhffFZWNyQviWrJPmRCg",
    "prediction": "two",
    "actual": "two"
  },
  "cm2fk2B2GKPXCLkpzrSxaH": {
    "question_id": "cm2fk2B2GKPXCLkpzrSxaH",
    "prediction": "europe",
    "actual": "europe"
  },
  "cmnswk6vTNcnbewMUPmnv8": {
    "question_id": "cmnswk6vTNcnbewMUPmnv8",
    "prediction": "happy",
    "actual": "happy"
  },
  "cpFBV7cMfv53fdwaaWiWGt": {
    "question_id": "cpFBV7cMfv53fdwaaWiWGt",
    "prediction": "kitchen",
    "actual": "kitchen"
  },
  "dEK7AgGqKR96Axjhm22tnL": {
    "question_id": "dEK7AgGqKR96Axjhm22tnL",
    "prediction": "string",
    "actual": "string"
  },
  "dGNtvZFEJbcK6dbZNuPfPq": {
    "question_id": "dGNtvZFEJbcK6dbZNuPfPq",
    "prediction": "playing",
    "actual": "playing"
  },
  "dHBDGPwELp65UFhPhSZyEu": {
    "question_id": "dHBDGPwELp65UFhPhSZyEu",
    "prediction": "flight",
    "actual": "flight"
  },
  "da6PS4adVsfrcADUNQ8GMx": {
    "question_id": "da6PS4adVsfrcADUNQ8GMx",
    "prediction": "two",
    "actual": "two"
  },
  "dbC66LJz8ReZjXJJEt7xvW": {
    "question_id": "dbC66LJz8ReZjXJJEt7xvW",
    "prediction": "union jack",
    "actual": "union jack"
  },
  "dhJDsvTigyVh6W3kHQcMLa": {
    "question_id": "dhJDsvTigyVh6W3kHQcMLa",
    "prediction": "baby",
    "actual": "baby"
  },
  "dohJioF4j23dw6b8AgCxqx": {
    "question_id": "dohJioF4j23dw6b8AgCxqx",
    "prediction": "forehand",
    "actual": "forehand"
  },
  "dwxReu6Xio6pQQxjps3Xtj": {
    "question_id": "dwxReu6Xio6pQQxjps3Xtj",
    "prediction": "phone",
    "actual": "phone"
  },
  "e52REttPVvHxGe9H9Y8iya": {
    "question_id": "e52REttPVvHxGe9H9Y8iya",
    "prediction": "united states",
    "actual": "united states"
  },
  "e7kbVPy7P3pEp7pBNJNZTU": {
    "question_id": "e7kbVPy7P3pEp7pBNJNZTU",
    "prediction": "christianity",
    "actual": "christianity"
  },
  "e8EayGjQkqTfuYyHQRAEBC": {
    "question_id": "e8EayGjQkqTfuYyHQRAEBC",
    "prediction": "take picture",
    "actual": "take picture"
  },
  "eB3RtTTsyXa6YKzPMrm4kd": {
    "question_id": "eB3RtTTsyXa6YKzPMrm4kd",
    "prediction": "red wine",
    "actual": "red wine"
  },
  "eDZFWUyFe832NMLpecBV63": {
    "question_id": "eDZFWUyFe832NMLpecBV63",
    "prediction": "picture taking",
    "actual": "picture taking"
  },
  "eEb8jhgNYqiJED63DeAKVT": {
    "question_id": "eEb8jhgNYqiJED63DeAKVT",
    "prediction": "right person",
    "actual": "right person"
  },
  "eJTAScNwDH8iedN247LDBV": {
    "question_id": "eJTAScNwDH8iedN247LDBV",
    "prediction": "tie",
    "actual": "tie"
  },
  "eTzxabUHi9XjTeaAKr9nz2": {
    "question_id": "eTzxabUHi9XjTeaAKr9nz2",
    "prediction": "station",
    "actual": "station"
  },
  "ec8EjipayMWjJLnwsWsrD3": {
    "question_id": "ec8EjipayMWjJLnwsWsrD3",
    "prediction": "surfboard",
    "actual": "surfboard"
  },
  "edgUrxZbEmJboFbFUdBdCm": {
    "question_id": "edgUrxZbEmJboFbFUdBdCm",
    "prediction": "baseball bat",
    "actual": "baseball bat"
  },
  "ee4bPHg93VdP6dqmUAGtbg": {
    "question_id": "ee4bPHg93VdP6dqmUAGtbg",
    "prediction": "volvo",
    "actual": "volvo"
  },
  "eknnNjTPL6m3PBzaxLZbbh": {
    "question_id": "eknnNjTPL6m3PBzaxLZbbh",
    "prediction": "table",
    "actual": "table"
  },
  "et6akpyxHvFPfKyPNtNzSi": {
    "question_id": "et6akpyxHvFPfKyPNtNzSi",
    "prediction": "cellular",
    "actual": "cellular"
  },
  "f98CKzuCeHPRkbQSvQ8DWn": {
    "question_id": "f98CKzuCeHPRkbQSvQ8DWn",
    "prediction": "to sell",
    "actual": "to sell"
  },
  "fANoeH2ASUFa5ZeVzBYwjF": {
    "question_id": "fANoeH2ASUFa5ZeVzBYwjF",
    "prediction": "eating",
    "actual": "eating"
  },
  "fLRvDM4xG4ag8n4JC6CUQz": {
    "question_id": "fLRvDM4xG4ag8n4JC6CUQz",
    "prediction": "teddy bear",
    "actual": "teddy bear"
  },
  "fQxikBu5n7M2LWh5xV2BAb": {
    "question_id": "fQxikBu5n7M2LWh5xV2BAb",
    "prediction": "grind",
    "actual": "grind"
  },
  "fQykduWza8cpGuwj3CxHtF": {
    "question_id": "fQykduWza8cpGuwj3CxHtF",
    "prediction": "herding",
    "actual": "herding"
  },
  "fRsrJ35b56YXKrbbzs59pn": {
    "question_id": "fRsrJ35b56YXKrbbzs59pn",
    "prediction": "high",
    "actual": "high"
  },
  "fUKdZK7FEHkWsjtLTeajkn": {
    "question_id": "fUKdZK7FEHkWsjtLTeajkn",
    "prediction": "seattle",
    "actual": "seattle"
  },
  "fZVNJLSu2SxMramndCnER8": {
    "question_id": "fZVNJLSu2SxMramndCnER8",
    "prediction": "tennis ball",
    "actual": "tennis ball"
  },
  "fc9QkXjzTTYvw5oAqRj6H4": {
    "question_id": "fc9QkXjzTTYvw5oAqRj6H4",
    "prediction": "flock",
    "actual": "flock"
  },
  "feGFfp3nMKyVUYRboCosh9": {
    "question_id": "feGFfp3nMKyVUYRboCosh9",
    "prediction": "food",
    "actual": "food"
  },
  "fgF7yNqEPZiNszHnQZKkxU": {
    "question_id": "fgF7yNqEPZiNszHnQZKkxU",
    "prediction": "glasses",
    "actual": "glasses"
  },
  "fjqDSmg3254rQUdBJujxZy": {
    "question_id": "fjqDSmg3254rQUdBJujxZy",
    "prediction": "europe",
    "actual": "europe"
  },
  "g7xtDFAVrWx9w6DHFgcKkz": {
    "question_id": "g7xtDFAVrWx9w6DHFgcKkz",
    "prediction": "bike lane",
    "actual": "bike lane"
  },
  "gR5qY6Tpgq26YAbGrZAwwJ": {
    "question_id": "gR5qY6Tpgq26YAbGrZAwwJ",
    "prediction": "island",
    "actual": "island"
  },
  "gVpcdVA7d4t69Wgw9yS5d9": {
    "question_id": "gVpcdVA7d4t69Wgw9yS5d9",
    "prediction": "tennis ball",
    "actual": "tennis ball"
  },
  "gXBksm4FiAGgUDw3a3EUaF": {
    "question_id": "gXBksm4FiAGgUDw3a3EUaF",
    "prediction": "motorbike",
    "actual": "motorbike"
  },
  "gYUipbusGScQ7oXEUejBMf": {
    "question_id": "gYUipbusGScQ7oXEUejBMf",
    "prediction": "batting",
    "actual": "batting"
  },
  "gaKyGVP3dVZGGtonfcuK6r": {
    "question_id": "gaKyGVP3dVZGGtonfcuK6r",
    "prediction": "london",
    "actual": "london"
  },
  "geoznuKRiPX5hf2he5EgpS": {
    "question_id": "geoznuKRiPX5hf2he5EgpS",
    "prediction": "three",
    "actual": "three"
  },
  "h4zCFQx6fTvww2Z3rzcq9K": {
    "question_id": "h4zCFQx6fTvww2Z3rzcq9K",
    "prediction": "art",
    "actual": "art"
  },
  "h74gXxfogmocHgcRdcoHEg": {
    "question_id": "h74gXxfogmocHgcRdcoHEg",
    "prediction": "pineapple",
    "actual": "pineapple"
  },
  "hECCUB8FXovMC5nNPG2itn": {
    "question_id": "hECCUB8FXovMC5nNPG2itn",
    "prediction": "14",
    "actual": "14"
  },
  "hJe5wYuE8Qr9uuzc9zahBx": {
    "question_id": "hJe5wYuE8Qr9uuzc9zahBx",
    "prediction": "passenger",
    "actual": "passenger"
  },
  "hTNJXskvyVHvfhYb7Mdp7X": {
    "question_id": "hTNJXskvyVHvfhYb7Mdp7X",
    "prediction": "truck",
    "actual": "truck"
  },
  "hUddfx4tZ3KGtSWFbGphnh": {
    "question_id": "hUddfx4tZ3KGtSWFbGphnh",
    "prediction": "trio",
    "actual": "trio"
  },
  "hYJoVHmJ5wehgSYxxAt2Eb": {
    "question_id": "hYJoVHmJ5wehgSYxxAt2Eb",
    "prediction": "bag",
    "actual": "bag"
  },
  "hkMfnT4LEQi4HKPck6FVor": {
    "question_id": "hkMfnT4LEQi4HKPck6FVor",
    "prediction": "malaysia",
    "actual": "malaysia"
  },
  "hmfuC58r3K4Yg7EkMxJXXb": {
    "question_id": "hmfuC58r3K4Yg7EkMxJXXb",
    "prediction": "potato",
    "actual": "potato"
  },
  "i9MJBUxa64ZL4vaG7hse5x": {
    "question_id": "i9MJBUxa64ZL4vaG7hse5x",
    "prediction": "parking",
    "actual": "parking"
  },
  "iEUBT5a5ajx5MR33EMkQVr": {
    "question_id": "iEUBT5a5ajx5MR33EMkQVr",
    "prediction": "boat",
    "actual": "boat"
  },
  "ijeUcdVFHVYtTABEpPYJCR": {
    "question_id": "ijeUcdVFHVYtTABEpPYJCR",
    "prediction": "uniform",
    "actual": "uniform"
  },
  "inA8DF895bDbH7gLhXnenH": {
    "question_id": "inA8DF895bDbH7gLhXnenH",
    "prediction": "nike",
    "actual": "nike"
  },
  "irhkgQFLQikZ9fY6LfKbKN": {
    "question_id": "irhkgQFLQikZ9fY6LfKbKN",
    "prediction": "under armour",
    "actual": "under armour"
  },
  "iriWmuGxQfwS4Uj8UE2ojD": {
    "question_id": "iriWmuGxQfwS4Uj8UE2ojD",
    "prediction": "wild",
    "actual": "wild"
  },
  "j3G4tBe5ga2sVPS2yWYbFM": {
    "question_id": "j3G4tBe5ga2sVPS2yWYbFM",
    "prediction": "return serve",
    "actual": "return serve"
  },
  "j4usZ4NoJf62hcBq4GCBc7": {
    "question_id": "j4usZ4NoJf62hcBq4GCBc7",
    "prediction": "asian",
    "actual": "asian"
  },
  "j6AP78GdCUYqzaxWmNS5MX": {
    "question_id": "j6AP78GdCUYqzaxWmNS5MX",
    "prediction": "produce",
    "actual": "produce"
  },
  "j6q58xPaDShNBgnj2kKpAP": {
    "question_id": "j6q58xPaDShNBgnj2kKpAP",
    "prediction": "on beach",
    "actual": "on beach"
  },
  "jE3TsyErJ4eD8rPhTzBzb6": {
    "question_id": "jE3TsyErJ4eD8rPhTzBzb6",
    "prediction": "staring",
    "actual": "staring"
  },
  "jJtrzZ4RRXKH8SSVmgw8tp": {
    "question_id": "jJtrzZ4RRXKH8SSVmgw8tp",
    "prediction": "wild",
    "actual": "wild"
  },
  "jKMHHLCYMYAARWrY2r4KHW": {
    "question_id": "jKMHHLCYMYAARWrY2r4KHW",
    "prediction": "right",
    "actual": "right"
  },
  "jRxbsCVJxNtUMvsEBfpTaE": {
    "question_id": "jRxbsCVJxNtUMvsEBfpTaE",
    "prediction": "tank car",
    "actual": "tank car"
  },
  "jb2M9hwaHvK2itZac5i4tb": {
    "question_id": "jb2M9hwaHvK2itZac5i4tb",
    "prediction": "port",
    "actual": "port"
  },
  "jbdEbFFZDtMSrD3h32SFAp": {
    "question_id": "jbdEbFFZDtMSrD3h32SFAp",
    "prediction": "to catch",
    "actual": "to catch"
  },
  "jfuLWvGbtvRTnLYAPEE8pi": {
    "question_id": "jfuLWvGbtvRTnLYAPEE8pi",
    "prediction": "two",
    "actual": "two"
  },
  "jqhSWKF72XwtaJGZH7XbS9": {
    "question_id": "jqhSWKF72XwtaJGZH7XbS9",
    "prediction": "two",
    "actual": "two"
  },
  "k8WjRvSCus9iQjUV6mPbCQ": {
    "question_id": "k8WjRvSCus9iQjUV6mPbCQ",
    "prediction": "stella artois",
    "actual": "stella artois"
  },
  "kZWuYe4HefJH33d7GCb4Tk": {
    "question_id": "kZWuYe4HefJH33d7GCb4Tk",
    "prediction": "japanese",
    "actual": "japanese"
  },
  "kgUHGxPt2H4SrR5Nb9be44": {
    "question_id": "kgUHGxPt2H4SrR5Nb9be44",
    "prediction": "shirt",
    "actual": "shirt"
  },
  "khkvYrTt2t5MTJyJvBNiDR": {
    "question_id": "khkvYrTt2t5MTJyJvBNiDR",
    "prediction": "tomato",
    "actual": "tomato"
  },
  "kkSpeDk4MgZ6g4KPcyS5Lc": {
    "question_id": "kkSpeDk4MgZ6g4KPcyS5Lc",
    "prediction": "two",
    "actual": "two"
  },
  "m4BSqisXuHjv98qLTDT2NE": {
    "question_id": "m4BSqisXuHjv98qLTDT2NE",
    "prediction": "baking",
    "actual": "baking"
  },
  "m4HzZ8497MsdVCT3HWMJA2": {
    "question_id": "m4HzZ8497MsdVCT3HWMJA2",
    "prediction": "mobile",
    "actual": "mobile"
  },
  "m5WdqTRtUoKxbPMBxJRUtg": {
    "question_id": "m5WdqTRtUoKxbPMBxJRUtg",
    "prediction": "parking",
    "actual": "parking"
  },
  "mEmUcZuHB6GamJkfCAwtsD": {
    "question_id": "mEmUcZuHB6GamJkfCAwtsD",
    "prediction": "hills",
    "actual": "hills"
  },
  "mQ4rtN2j9oECfTdyWEczjX": {
    "question_id": "mQ4rtN2j9oECfTdyWEczjX",
    "prediction": "stretching",
    "actual": "stretching"
  },
  "mXqJFvpNahd3xSBSMLqk9M": {
    "question_id": "mXqJFvpNahd3xSBSMLqk9M",
    "prediction": "sauce",
    "actual": "sauce"
  },
  "mcfejYn8zoagoF5VgNuR2F": {
    "question_id": "mcfejYn8zoagoF5VgNuR2F",
    "prediction": "red wine",
    "actual": "red wine"
  },
  "mdxki75RbHjL4kGrUbbSY2": {
    "question_id": "mdxki75RbHjL4kGrUbbSY2",
    "prediction": "san francisco",
    "actual": "san francisco"
  },
  "miQ67PB4K4pA5v37BoLda9": {
    "question_id": "miQ67PB4K4pA5v37BoLda9",
    "prediction": "cook",
    "actual": "cook"
  },
  "mjCY6VtSoZiKbBKKx3YuLZ": {
    "question_id": "mjCY6VtSoZiKbBKKx3YuLZ",
    "prediction": "to eat",
    "actual": "to eat"
  },
  "moDoPYYpw2bSfSdDnFnut9": {
    "question_id": "moDoPYYpw2bSfSdDnFnut9",
    "prediction": "hot dog",
    "actual": "hot dog"
  },
  "mxJ9HhWF4QbrG97rdsY7Pe": {
    "question_id": "mxJ9HhWF4QbrG97rdsY7Pe",
    "prediction": "forest",
    "actual": "forest"
  },
  "myZ67NZGoYaNEa8kADF8rV": {
    "question_id": "myZ67NZGoYaNEa8kADF8rV",
    "prediction": "fall season",
    "actual": "fall season"
  },
  "n2aTnUjkSkZPZEWK8S6T9Q": {
    "question_id": "n2aTnUjkSkZPZEWK8S6T9Q",
    "prediction": "turn right",
    "actual": "turn right"
  },
  "n3EWd223KWajDuTgFCGZmw": {
    "question_id": "n3EWd223KWajDuTgFCGZmw",
    "prediction": "fridge",
    "actual": "fridge"
  },
  "nKwQobxEKFkMGtc8DcQ5Ju": {
    "question_id": "nKwQobxEKFkMGtc8DcQ5Ju",
    "prediction": "two",
    "actual": "two"
  },
  "nRteor62jdHkABoiGEqDoS": {
    "question_id": "nRteor62jdHkABoiGEqDoS",
    "prediction": "plate number",
    "actual": "plate number"
  },
  "nVg8yTiMtqm4VmDPRDPhLB": {
    "question_id": "nVg8yTiMtqm4VmDPRDPhLB",
    "prediction": "drying hair",
    "actual": "drying hair"
  },
  "nif2rWzKpmykkka2moeA3e": {
    "question_id": "nif2rWzKpmykkka2moeA3e",
    "prediction": "riding them",
    "actual": "riding them"
  },
  "nqDVieEVdjDt3CELi7g5Zh": {
    "question_id": "nqDVieEVdjDt3CELi7g5Zh",
    "prediction": "phones",
    "actual": "phones"
  },
  "ntQQ9FVL9GKUoT2WvCWiHD": {
    "question_id": "ntQQ9FVL9GKUoT2WvCWiHD",
    "prediction": "wire ties",
    "actual": "wire ties"
  },
  "o7YUWt5CppEBSMU9tUszUZ": {
    "question_id": "o7YUWt5CppEBSMU9tUszUZ",
    "prediction": "rain",
    "actual": "rain"
  },
  "o9RMCCdLoYDGb6oR8Z3yvi": {
    "question_id": "o9RMCCdLoYDGb6oR8Z3yvi",
    "prediction": "grass",
    "actual": "grass"
  },
  "oNbHrnMXrskfw3TXzZ2QUp": {
    "question_id": "oNbHrnMXrskfw3TXzZ2QUp",
    "prediction": "cheese pizza",
    "actual": "cheese pizza"
  },
  "578p2wBoYH5uozEuVypCEw": {
    "question_id": "578p2wBoYH5uozEuVypCEw",
    "prediction": "elephant",
    "actual": "elephant"
  },
  "DD4oNBRHkHMzFGGVpdmrJi": {
    "question_id": "DD4oNBRHkHMzFGGVpdmrJi",
    "prediction": "legs",
    "actual": "legs"
  },
  "DdkfCj4NDiSSSVhqbtwCY2": {
    "question_id": "DdkfCj4NDiSSSVhqbtwCY2",
    "prediction": "shade",
    "actual": "shade"
  },
  "NRg96YBDgRbc5zFqdhKCC4": {
    "question_id": "NRg96YBDgRbc5zFqdhKCC4",
    "prediction": "gaming",
    "actual": "gaming"
  },
  "QfzADtoknvheZQ3r9o4XWa": {
    "question_id": "QfzADtoknvheZQ3r9o4XWa",
    "prediction": "in shape",
    "actual": "in shape"
  },
  "TCqWeX5SXeeUmMjqkWnbSz": {
    "question_id": "TCqWeX5SXeeUmMjqkWnbSz",
    "prediction": "remote control",
    "actual": "remote control"
  },
  "UY4enMq3yMvLG5oAXZQVQL": {
    "question_id": "UY4enMq3yMvLG5oAXZQVQL",
    "prediction": "hot peppers",
    "actual": "hot peppers"
  },
  "WrPmpcpv5q8Drcc8xwkak9": {
    "question_id": "WrPmpcpv5q8Drcc8xwkak9",
    "prediction": "moving",
    "actual": "moving"
  },
  "b6kMEJD9bLnsJksyGqZgcR": {
    "question_id": "b6kMEJD9bLnsJksyGqZgcR",
    "prediction": "united states",
    "actual": "united states"
  },
  "6GNHDAUJnk4GUrW6x4AJwF": {
    "question_id": "6GNHDAUJnk4GUrW6x4AJwF",
    "prediction": "grass",
    "actual": "grass"
  },
  "A4pTVyj6FszUQtpyuwuEs2": {
    "question_id": "A4pTVyj6FszUQtpyuwuEs2",
    "prediction": "food",
    "actual": "food"
  },
  "ANzKkT7BMAmz62TWUSbPNn": {
    "question_id": "ANzKkT7BMAmz62TWUSbPNn",
    "prediction": "home run",
    "actual": "home run"
  },
  "Gv6voFmtsboJcuT7NppWmh": {
    "question_id": "Gv6voFmtsboJcuT7NppWmh",
    "prediction": "rust",
    "actual": "rust"
  },
  "H6tcAFjWHYBPUpyvG5PVrv": {
    "question_id": "H6tcAFjWHYBPUpyvG5PVrv",
    "prediction": "cool",
    "actual": "cool"
  },
  "KGhKWAGTj6kUsxSUHDH8t5": {
    "question_id": "KGhKWAGTj6kUsxSUHDH8t5",
    "prediction": "candle",
    "actual": "candle"
  },
  "KMF7Ym9gSvVVJ5QoLtTpt6": {
    "question_id": "KMF7Ym9gSvVVJ5QoLtTpt6",
    "prediction": "ball",
    "actual": "ball"
  },
  "MqCKsUbTPGQJxLL75tGc5F": {
    "question_id": "MqCKsUbTPGQJxLL75tGc5F",
    "prediction": "15",
    "actual": "15"
  },
  "QqviUwQkfAndzidCzfJFKS": {
    "question_id": "QqviUwQkfAndzidCzfJFKS",
    "prediction": "passenger seating",
    "actual": "passenger seating"
  },
  "R647v79wCuGwSJmeooBxyY": {
    "question_id": "R647v79wCuGwSJmeooBxyY",
    "prediction": "wait",
    "actual": "wait"
  },
  "RAq5ExoFdoDbbU97rvFYfZ": {
    "question_id": "RAq5ExoFdoDbbU97rvFYfZ",
    "prediction": "dodgers",
    "actual": "dodgers"
  },
  "RBTyZFjfaXXGuDBCesAqcV": {
    "question_id": "RBTyZFjfaXXGuDBCesAqcV",
    "prediction": "nike",
    "actual": "nike"
  },
  "WwzDYpWLZsus6tMdSzVhWk": {
    "question_id": "WwzDYpWLZsus6tMdSzVhWk",
    "prediction": "catcher",
    "actual": "catcher"
  },
  "XPhow2MD6num6LkVWv2WDC": {
    "question_id": "XPhow2MD6num6LkVWv2WDC",
    "prediction": "wish",
    "actual": "wish"
  },
  "ZQKmx3C4YgDDUWd34gaPhS": {
    "question_id": "ZQKmx3C4YgDDUWd34gaPhS",
    "prediction": "business",
    "actual": "business"
  },
  "aqnbMDKEYEGFpVGpxuM6w4": {
    "question_id": "aqnbMDKEYEGFpVGpxuM6w4",
    "prediction": "oncoming traffic",
    "actual": "oncoming traffic"
  },
  "cEtogP8bKLXGuFtxeEqkvZ": {
    "question_id": "cEtogP8bKLXGuFtxeEqkvZ",
    "prediction": "face",
    "actual": "face"
  },
  "mf7iP3eaca7zncQHvBLbEF": {
    "question_id": "mf7iP3eaca7zncQHvBLbEF",
    "prediction": "head and shoulders",
    "actual": "head and shoulders"
  },
  "n6paCuMnYEcapWb2TqLYoa": {
    "question_id": "n6paCuMnYEcapWb2TqLYoa",
    "prediction": "plaid",
    "actual": "plaid"
  }
}