{
  "2C8riXpRLX3CyM5jDz23m7": {
    "question_id": "2C8riXpRLX3CyM5jDz23m7",
    "prediction": "icing",
    "actual": [
      "icing",
      "whipped cream",
      "icing",
      "frosting",
      "icing",
      "frosting",
      "cream",
      "icing",
      "icing",
      "frosting"
    ]
  },
  "2PGwvdFESLvwfFCwK5pbYu": {
    "question_id": "2PGwvdFESLvwfFCwK5pbYu",
    "prediction": "jeans",
    "actual": [
      "jeans",
      "blue jeans",
      "jeans",
      "denim",
      "jeans",
      "jeans",
      "jeans",
      "jeans",
      "jeans",
      "blue jeans"
    ]
  },
  "2RN4dwhRZR3ZSKHtRnJdX3": {
    "question_id": "2RN4dwhRZR3ZSKHtRnJdX3",
    "prediction": "united states",
    "actual": [
      "united states",
      "united states",
      "usa",
      "united states",
      "united states",
      "ukraine",
      "germany",
      "germany",
      "america",
      "usa"
    ]
  },
  "2sUggWn8qBk97E38wKpjN5": {
    "question_id": "2sUggWn8qBk97E38wKpjN5",
    "prediction": "afternoon",
    "actual": [
      "afternoon",
      "evening",
      "evening",
      "evening",
      "daytime",
      "evening",
      "midday",
      "afternoon",
      "afternoon",
      "noon"
    ]
  },
  "2yWyzYRyZuYH2ZB49WNACa": {
    "question_id": "2yWyzYRyZuYH2ZB49WNACa",
    "prediction": "frisbee",
    "actual": [
      "frisbee",
      "frisbee",
      "frisbee",
      "frisbee",
      "frisbee",
      "frisbee",
      "frisbee",
      "frisbee",
      "frisbee",
      "frisbee"
    ]
  },
  "34ah8AmQenWUyH2fZvJH7a": {
    "question_id": "34ah8AmQenWUyH2fZvJH7a",
    "prediction": "ski resort",
    "actual": [
      "ski resort",
      "skiing",
      "ski resort",
      "ski resort",
      "ski resort",
      "ski",
      "ski",
      "ski",
      "ski",
      "snow"
    ]
  },
  "3cCvfCWnLfrmqYEaFzb2Xm": {
    "question_id": "3cCvfCWnLfrmqYEaFzb2Xm",
    "prediction": "market",
    "actual": [
      "outdoor market",
      "market",
      "market",
      "market",
      "market",
      "street festival",
      "event",
      "market",
      "market",
      "street"
    ]
  },
  "4FBqxbmT4zCDwWzm3gH7LY": {
    "question_id": "4FBqxbmT4zCDwWzm3gH7LY",
    "prediction": "meat",
    "actual": [
      "plated",
      "frogs",
      "meat",
      "meat",
      "whatever's pictured",
      "squid",
      "meat",
      "meat",
      "crabs",
      "mushrooms"
    ]
  },
  "4UrYfZMUToiF5f7GK6eMaz": {
    "question_id": "4UrYfZMUToiF5f7GK6eMaz",
    "prediction": "visibility",
    "actual": [
      "safety",
      "safety",
      "safety reflection",
      "safety",
      "visibility",
      "safety",
      "workers",
      "visibility",
      "visibility",
      "safety reflection"
    ]
  },
  "4dnt6ahNTCENKrvBhExyvV": {
    "question_id": "4dnt6ahNTCENKrvBhExyvV",
    "prediction": "no",
    "actual": [
      "absolutely no",
      "no",
      "no",
      "no",
      "yes",
      "yes",
      "yes",
      "no",
      "no",
      "no"
    ]
  },
  "4jnshoBeGDGmRjspTuvr29": {
    "question_id": "4jnshoBeGDGmRjspTuvr29",
    "prediction": "dirt bikes",
    "actual": [
      "motorcycle",
      "motorcycles",
      "dirt bikes",
      "motorcycles",
      "motorbikes",
      "motorcycle",
      "dirtbike",
      "dirt bikes",
      "motorcycles",
      "dirt bikes"
    ]
  },
  "4mgcpzD4d6adkPQP7cxg54": {
    "question_id": "4mgcpzD4d6adkPQP7cxg54",
    "prediction": "new york",
    "actual": [
      "new york",
      "new york",
      "new york",
      "new york",
      "new york",
      "new york",
      "new york",
      "nyc",
      "new york",
      "new york"
    ]
  },
  "4wVv7CDVuQNaz7LLHDg89t": {
    "question_id": "4wVv7CDVuQNaz7LLHDg89t",
    "prediction": "bike",
    "actual": [
      "two wheeler",
      "bicycle parking",
      "bike",
      "bike",
      "bicycle",
      "bicycle",
      "two wheeler",
      "metered parking",
      "outdoors",
      "bike"
    ]
  },
  "5LTzpByXwsWGViYAXqiVEX": {
    "question_id": "5LTzpByXwsWGViYAXqiVEX",
    "prediction": "balls",
    "actual": [
      "balls",
      "balls",
      "tennis balls",
      "ball",
      "tennis balls",
      "balls",
      "tennis balls",
      "tennis balls",
      "balls",
      "ball"
    ]
  },
  "5oBisjqVjcXEXGkd2uKPDe": {
    "question_id": "5oBisjqVjcXEXGkd2uKPDe",
    "prediction": "phone",
    "actual": [
      "phone",
      "phone",
      "phone",
      "cellphone",
      "phone",
      "cellphone",
      "phone",
      "phone",
      "cellphone",
      "phone"
    ]
  },
  "5z9Zmf4GRKoCa7igqv4Ef7": {
    "question_id": "5z9Zmf4GRKoCa7igqv4Ef7",
    "prediction": "travel",
    "actual": [
      "travel",
      "travel",
      "parking",
      "travelers clothes",
      "traveling luggage",
      "suitcase",
      "travel",
      "traveling",
      "clothing",
      "travel"
    ]
  },
  "66abRGQG535WgzgU5Ue9ru": {
    "question_id": "66abRGQG535WgzgU5Ue9ru",
    "prediction": "garage",
    "actual": [
      "hallway",
      "home",
      "bedroom",
      "street",
      "garage",
      "garage",
      "livingroom",
      "garage",
      "garage",
      "garage"
    ]
  },
  "6FKSZrTS9wzHwnKasBSfdP": {
    "question_id": "6FKSZrTS9wzHwnKasBSfdP",
    "prediction": "dip",
    "actual": [
      "sour cream",
      "dip",
      "dipping",
      "dip",
      "dipping",
      "dipping",
      "dip",
      "dip",
      "dipping",
      "dipping"
    ]
  },
  "6SYTPwk8BEHMp486oLsFgw": {
    "question_id": "6SYTPwk8BEHMp486oLsFgw",
    "prediction": "new york",
    "actual": [
      "new york",
      "new york",
      "new york",
      "new york",
      "new york",
      "new york",
      "new york",
      "new york",
      "new york",
      "new york"
    ]
  },
  "6YyPKdGwhA3LJkUpL3p9F6": {
    "question_id": "6YyPKdGwhA3LJkUpL3p9F6",
    "prediction": "skiing",
    "actual": [
      "skiing",
      "skating",
      "skiing",
      "skiing",
      "skiing",
      "skiing",
      "skiing",
      "skiing",
      "skiing",
      "skiing"
    ]
  },
  "6fCWweqmigW6UaiyaHq4Sy": {
    "question_id": "6fCWweqmigW6UaiyaHq4Sy",
    "prediction": "pitcher",
    "actual": [
      "pitcher",
      "baseball player",
      "baseball",
      "pitcher",
      "pitcher",
      "pitcher",
      "position",
      "pitcher",
      "pitcher",
      "pitcher"
    ]
  },
  "6xTMCHe4ABbm6NDntoEkLJ": {
    "question_id": "6xTMCHe4ABbm6NDntoEkLJ",
    "prediction": "palm tree",
    "actual": [
      "palm tree",
      "palm tree",
      "palm",
      "palm",
      "palm",
      "palm tree",
      "palm tree",
      "palm",
      "palm tree",
      "palm tree"
    ]
  },
  "74CMNF7KTeAFsXza5GJLGb": {
    "question_id": "74CMNF7KTeAFsXza5GJLGb",
    "prediction": "school bus",
    "actual": [
      "school bus",
      "school bus",
      "school",
      "school bus",
      "school",
      "school bus",
      "school",
      "school",
      "school",
      "school bus"
    ]
  },
  "7L2zGA6XFJrPCfLJCwBrww": {
    "question_id": "7L2zGA6XFJrPCfLJCwBrww",
    "prediction": "eating",
    "actual": [
      "grazing",
      "grazing",
      "eating",
      "eating",
      "eating",
      "grazing",
      "eating",
      "grazing",
      "grazing",
      "eating"
    ]
  },
  "7ViVwUt2pnJxqcZoeTc4TR": {
    "question_id": "7ViVwUt2pnJxqcZoeTc4TR",
    "prediction": "bananas",
    "actual": [
      "banana",
      "bananas",
      "bananas",
      "bananas",
      "banana",
      "bananas",
      "bananas",
      "banana",
      "bananas",
      "bananas"
    ]
  },
  "7Wj97TEQc4fnsxvvsbnUXH": {
    "question_id": "7Wj97TEQc4fnsxvvsbnUXH",
    "prediction": "carrot",
    "actual": [
      "carrot",
      "carrot",
      "carrot",
      "chicken",
      "carrot",
      "carrot",
      "carrot",
      "carrot",
      "carrot",
      "carrots"
    ]
  },
  "859iiHHEi5eRJHipVattDU": {
    "question_id": "859iiHHEi5eRJHipVattDU",
    "prediction": "tennis",
    "actual": [
      "tennis",
      "tennis",
      "tennis",
      "racket ball",
      "tennis",
      "tennis",
      "tennis",
      "racket ball",
      "tennis",
      "tennis"
    ]
  },
  "86vHZcPAsgzHoG4VL93xqr": {
    "question_id": "86vHZcPAsgzHoG4VL93xqr",
    "prediction": "red",
    "actual": [
      "lime",
      "red",
      "lime",
      "blue team",
      "red",
      "red",
      "red",
      "blue team",
      "red",
      "blue team"
    ]
  },
  "8HQ9sy9TdK4XZffkkhmtRW": {
    "question_id": "8HQ9sy9TdK4XZffkkhmtRW",
    "prediction": "tusks",
    "actual": [
      "tail",
      "tusks",
      "tusk",
      "tusks",
      "tusks",
      "tusks",
      "tusks",
      "tusks",
      "arrow",
      "tusks"
    ]
  },
  "8PZriuWuwokXCriqVBZwSJ": {
    "question_id": "8PZriuWuwokXCriqVBZwSJ",
    "prediction": "rails",
    "actual": [
      "track",
      "train",
      "tracks",
      "tracks",
      "train tracks",
      "rails",
      "train tracks",
      "rails",
      "tracks",
      "rails"
    ]
  },
  "8vuMQFQGMNiU6TcoNUNe2U": {
    "question_id": "8vuMQFQGMNiU6TcoNUNe2U",
    "prediction": "advertisement",
    "actual": [
      "advertisement",
      "advertising",
      "advertisement",
      "advertisement",
      "advertisement",
      "advertisement",
      "advertisement",
      "advertise",
      "advertisement",
      "advertisement"
    ]
  },
  "99VEZ5bvSGBLWtkpJiAAXg": {
    "question_id": "99VEZ5bvSGBLWtkpJiAAXg",
    "prediction": "eating",
    "actual": [
      "eating",
      "eating",
      "eating",
      "eating",
      "eating",
      "eating",
      "eating",
      "eating",
      "eating",
      "eating"
    ]
  },
  "9PGPr3vxBAb9jyWDiR9ous": {
    "question_id": "9PGPr3vxBAb9jyWDiR9ous",
    "prediction": "hp",
    "actual": [
      "hp",
      "hp",
      "hp",
      "hp",
      "hewlett packard",
      "hp",
      "hewlett packard",
      "hp",
      "hewitt packard",
      "hp"
    ]
  },
  "9PZxoQZCdEn8VijhqTfENe": {
    "question_id": "9PZxoQZCdEn8VijhqTfENe",
    "prediction": "fork",
    "actual": [
      "fork",
      "fork",
      "knife fork",
      "fork",
      "fork",
      "knife fork",
      "fork",
      "fork",
      "fork",
      "fork"
    ]
  },
  "9VR7RNoJkVj6AWsYtwpDz7": {
    "question_id": "9VR7RNoJkVj6AWsYtwpDz7",
    "prediction": "vegetarian",
    "actual": [
      "vegetarian",
      "vegetarian",
      "japanese",
      "vegetarian",
      "vegetarian",
      "vegan",
      "vegetarian",
      "vegetarian",
      "nutritionist",
      "healthy"
    ]
  },
  "9agpK8NJBKhb2vcWiKXRi7": {
    "question_id": "9agpK8NJBKhb2vcWiKXRi7",
    "prediction": "water",
    "actual": [
      "water",
      "water",
      "water",
      "water",
      "water",
      "water",
      "water",
      "water",
      "water",
      "water"
    ]
  },
  "9d7StqUZPtRBbHjSDFwwqa": {
    "question_id": "9d7StqUZPtRBbHjSDFwwqa",
    "prediction": "classmates",
    "actual": [
      "school class",
      "classmates",
      "classmates",
      "classmates",
      "classmates",
      "classmates",
      "classmates",
      "school chums",
      "school",
      "classmates"
    ]
  },
  "9mBjXaxYD4jzJptHzwbeYW": {
    "question_id": "9mBjXaxYD4jzJptHzwbeYW",
    "prediction": "plastic",
    "actual": [
      "paper",
      "paper",
      "paper",
      "paper",
      "plastic",
      "paper",
      "plastic",
      "plastic",
      "paper",
      "paper"
    ]
  },
  "ADSaLsXSNftfMMYWMKKqCS": {
    "question_id": "ADSaLsXSNftfMMYWMKKqCS",
    "prediction": "living room",
    "actual": [
      "right corner",
      "living room",
      "living room",
      "corner",
      "living room",
      "right",
      "living room",
      "corner",
      "corner",
      "living room"
    ]
  },
  "AHYLVWQ4whMVkWeDJiisi9": {
    "question_id": "AHYLVWQ4whMVkWeDJiisi9",
    "prediction": "beach",
    "actual": [
      "beach towels",
      "beach",
      "beach towels",
      "beach",
      "beach",
      "beach",
      "beach",
      "beach",
      "beach",
      "beach"
    ]
  },
  "AJvjHZ5SF3hD6C3eYniXsc": {
    "question_id": "AJvjHZ5SF3hD6C3eYniXsc",
    "prediction": "plowing",
    "actual": [
      "farming",
      "plowing",
      "farming",
      "farming",
      "plowing",
      "carriage pulling",
      "plowing",
      "farming",
      "plow field",
      "plowing"
    ]
  },
  "ANKUidMb7wYYN6GuJ8eERw": {
    "question_id": "ANKUidMb7wYYN6GuJ8eERw",
    "prediction": "fridge",
    "actual": [
      "fridge",
      "refrigerator",
      "refrigerator",
      "fridge",
      "refrigerator",
      "fridge",
      "refrigerator",
      "refrigerator",
      "refrigerator",
      "fridge"
    ]
  },
  "APKEVGn8hXAWmsWYxQQukD": {
    "question_id": "APKEVGn8hXAWmsWYxQQukD",
    "prediction": "sun",
    "actual": [
      "sun",
      "sun",
      "sun",
      "sun",
      "sun",
      "sun",
      "summer",
      "sunshine",
      "hot sun",
      "sun"
    ]
  },
  "AR5jScMLqmYDjzmKHxKzMT": {
    "question_id": "AR5jScMLqmYDjzmKHxKzMT",
    "prediction": "christmas",
    "actual": [
      "christmas",
      "christmas",
      "christmas",
      "christmas dinner",
      "dinner",
      "christmas",
      "christmas dinner",
      "christmas",
      "christmas dinner",
      "holiday dinner"
    ]
  },
  "B725pHrrknZKDAqoLBjeof": {
    "question_id": "B725pHrrknZKDAqoLBjeof",
    "prediction": "apple",
    "actual": [
      "apple",
      "apple",
      "apple",
      "apple",
      "apple",
      "apple",
      "apple",
      "apple",
      "apple",
      "apple"
    ]
  },
  "BECCJDkBDxrjtJNK7NGXQH": {
    "question_id": "BECCJDkBDxrjtJNK7NGXQH",
    "prediction": "carrot",
    "actual": [
      "carrot",
      "carrot",
      "carrot",
      "carrot",
      "carrot",
      "carrot",
      "carrot",
      "carrot",
      "carrot",
      "carrot"
    ]
  },
  "BNpoJaz9Qu7KQ87FoFfRab": {
    "question_id": "BNpoJaz9Qu7KQ87FoFfRab",
    "prediction": "plowing",
    "actual": [
      "farming",
      "farming",
      "tilling",
      "plowing field",
      "plowing",
      "ploughing",
      "plowing",
      "plow",
      "plowing",
      "tilling"
    ]
  },
  "BQYQHxqKeExvS6GyHbBLjJ": {
    "question_id": "BQYQHxqKeExvS6GyHbBLjJ",
    "prediction": "airport",
    "actual": [
      "airport",
      "airport",
      "airport",
      "airport",
      "airport",
      "airport",
      "airport",
      "airport",
      "airport",
      "airport"
    ]
  },
  "BSgG9C63esRw6W3Tw6rBbu": {
    "question_id": "BSgG9C63esRw6W3Tw6rBbu",
    "prediction": "skateboard",
    "actual": [
      "skateboard",
      "skateboard",
      "skateboard",
      "skateboard",
      "skateboard move",
      "skateboard move",
      "skateboard",
      "skateboard",
      "skateboard",
      "skateboard"
    ]
  },
  "Bp5VwMuky5fXJPzp54X6XE": {
    "question_id": "Bp5VwMuky5fXJPzp54X6XE",
    "prediction": "food",
    "actual": [
      "cooking",
      "chef",
      "food service",
      "food",
      "restaurant",
      "food",
      "restaurant",
      "food",
      "food",
      "chef"
    ]
  },
  "BpLgWvp3a7WEzrsmnpQBWT": {
    "question_id": "BpLgWvp3a7WEzrsmnpQBWT",
    "prediction": "string",
    "actual": [
      "tail",
      "string",
      "string",
      "string",
      "threat",
      "wind",
      "wind",
      "camp",
      "kite",
      "string"
    ]
  },
  "BwNg9mG4uXsALtLg2ztFgz": {
    "question_id": "BwNg9mG4uXsALtLg2ztFgz",
    "prediction": "yeast",
    "actual": [
      "yeast",
      "yeast",
      "yeast",
      "yeast",
      "unknown",
      "yeast",
      "yeast",
      "yeast",
      "flour",
      "yeast"
    ]
  },
  "C4iGaNrPm4zXWRgxL2XdRF": {
    "question_id": "C4iGaNrPm4zXWRgxL2XdRF",
    "prediction": "dinner",
    "actual": [
      "dinner",
      "supper",
      "dinner",
      "dinner",
      "dinner",
      "supper",
      "supper",
      "dinner",
      "dinner",
      "tea"
    ]
  },
  "CTrTbwL2BtnQqY9vjiEiFF": {
    "question_id": "CTrTbwL2BtnQqY9vjiEiFF",
    "prediction": "wine",
    "actual": [
      "wine",
      "wine",
      "wine",
      "wine",
      "wine",
      "wine",
      "wine",
      "wine",
      "wine",
      "wine"
    ]
  },
  "CrTrpTaqCFB2AYxne8FFyw": {
    "question_id": "CrTrpTaqCFB2AYxne8FFyw",
    "prediction": "motorcycles",
    "actual": [
      "motorcycle",
      "motorcycles",
      "motorcycle",
      "motorcycles",
      "motorcycle",
      "motorcycles",
      "motorcycles",
      "motorcycles",
      "motorcycles",
      "motorcycle"
    ]
  },
  "Cy5KPSnpjZdbRiQsbPug95": {
    "question_id": "Cy5KPSnpjZdbRiQsbPug95",
    "prediction": "barn",
    "actual": [
      "barn",
      "stable",
      "barn",
      "barn",
      "stable",
      "barn",
      "stable",
      "barn",
      "barn",
      "barn"
    ]
  },
  "D6DfPGuGowm35cTuQhvw4s": {
    "question_id": "D6DfPGuGowm35cTuQhvw4s",
    "prediction": "horse",
    "actual": [
      "horses",
      "horse",
      "horse",
      "horses",
      "horses",
      "miniature horses",
      "horse",
      "horses",
      "horses",
      "horses"
    ]
  },
  "DKLAWnnRuvz8p7UrHGzQzK": {
    "question_id": "DKLAWnnRuvz8p7UrHGzQzK",
    "prediction": "airport",
    "actual": [
      "airport",
      "airport",
      "airport",
      "airport baggage",
      "airport",
      "airport",
      "airport baggage",
      "airport",
      "airport",
      "airport"
    ]
  },
  "DNGTUpUeLqmbKUNNns3kZs": {
    "question_id": "DNGTUpUeLqmbKUNNns3kZs",
    "prediction": "high",
    "actual": [
      "six feet",
      "high",
      "4 feet",
      "not question",
      "above fence",
      "ramp",
      "high",
      "16 inch",
      "five feet",
      "high"
    ]
  },
  "DwKTiqQxFH5Ei2cQGR3Y9U": {
    "question_id": "DwKTiqQxFH5Ei2cQGR3Y9U",
    "prediction": "wok",
    "actual": [
      "wok",
      "wok",
      "wok",
      "wok",
      "wok",
      "wok",
      "stir fry",
      "pan",
      "wok",
      "saucer pan"
    ]
  },
  "E9JLQaGpyoZudcYaQCrzvA": {
    "question_id": "E9JLQaGpyoZudcYaQCrzvA",
    "prediction": "desk",
    "actual": [
      "desk",
      "desk",
      "desk",
      "desk",
      "desk",
      "desk",
      "desk",
      "desk",
      "desk",
      "desk"
    ]
  },
  "EAHmczQURaep8SJkvhYCje": {
    "question_id": "EAHmczQURaep8SJkvhYCje",
    "prediction": "fence",
    "actual": [
      "fence",
      "fence",
      "dog",
      "fence",
      "fence",
      "fence",
      "fence",
      "wired fence",
      "fencing",
      "fence"
    ]
  },
  "EAWGdocBoaqPxLQuJ3UJb6": {
    "question_id": "EAWGdocBoaqPxLQuJ3UJb6",
    "prediction": "winter",
    "actual": [
      "spring",
      "fall-winter",
      "fall",
      "winter",
      "winter",
      "fall",
      "winter",
      "fall",
      "fall",
      "fall"
    ]
  },
  "EDFzCznf6oQmdpV8T8S7vU": {
    "question_id": "EDFzCznf6oQmdpV8T8S7vU",
    "prediction": "two",
    "actual": [
      "two",
      "two",
      "two",
      "two",
      "three",
      "two",
      "two",
      "three",
      "three",
      "three"
    ]
  },
  "EER9xudvx7aG37Zbaewxkw": {
    "question_id": "EER9xudvx7aG37Zbaewxkw",
    "prediction": "pepsi",
    "actual": [
      "pepsi",
      "pepsi",
      "pepsi",
      "pepsi",
      "pepsi",
      "pepsi",
      "pepsi cola",
      "pepsi",
      "pepsi",
      "pepsi"
    ]
  },
  "EF29EeN2WxPcuEMDavijXb": {
    "question_id": "EF29EeN2WxPcuEMDavijXb",
    "prediction": "bus",
    "actual": [
      "bus",
      "public",
      "road",
      "bus",
      "public",
      "bus",
      "bus",
      "bus",
      "metropolitan transit",
      "bus"
    ]
  },
  "ETucTwACABQrgrZujBsiQq": {
    "question_id": "ETucTwACABQrgrZujBsiQq",
    "prediction": "forehand",
    "actual": [
      "righthand",
      "serve",
      "forehand",
      "forehand",
      "forehand",
      "forehand",
      "forehand",
      "forehand",
      "tennis shot",
      "swing"
    ]
  },
  "ETvPS6xXYPupruZTU3pf3F": {
    "question_id": "ETvPS6xXYPupruZTU3pf3F",
    "prediction": "intersection",
    "actual": [
      "cracked",
      "intersection",
      "highway",
      "stop sign",
      "stop sign",
      "sign",
      "four way",
      "intersection",
      "intersection",
      "intersection"
    ]
  },
  "EmU9DKov4EwRDaZuKvzAXj": {
    "question_id": "EmU9DKov4EwRDaZuKvzAXj",
    "prediction": "beer",
    "actual": [
      "beer",
      "beer",
      "beer",
      "beer",
      "beer",
      "beer",
      "beer",
      "beer",
      "beer",
      "beer"
    ]
  },
  "EohV983PdD4udviqEUgU3D": {
    "question_id": "EohV983PdD4udviqEUgU3D",
    "prediction": "three",
    "actual": [
      "three",
      "three skateboards",
      "two",
      "two",
      "two",
      "three",
      "three",
      "two",
      "two",
      "three"
    ]
  },
  "EsctZHEwzyvi6A7K55acJq": {
    "question_id": "EsctZHEwzyvi6A7K55acJq",
    "prediction": "luggage",
    "actual": [
      "clothes",
      "luggage",
      "clothes",
      "clothing",
      "luggage",
      "clothes",
      "clothing",
      "personal",
      "wheeled luggage",
      "luggage"
    ]
  },
  "EyxALxGEvCyePSado4wnJL": {
    "question_id": "EyxALxGEvCyePSado4wnJL",
    "prediction": "orange",
    "actual": [
      "orange",
      "orange",
      "orange",
      "orange",
      "orange",
      "orange",
      "orange",
      "orange",
      "orange",
      "orange"
    ]
  },
  "F92aSsSv7ZAtXnGBVREhqq": {
    "question_id": "F92aSsSv7ZAtXnGBVREhqq",
    "prediction": "breakfast",
    "actual": [
      "breakfast",
      "breakfast",
      "breakfast",
      "breakfast",
      "breakfast",
      "breakfast",
      "breakfast",
      "breakfast",
      "breakfast",
      "breakfast"
    ]
  },
  "FFw7axjcwgXQxHygov52fm": {
    "question_id": "FFw7axjcwgXQxHygov52fm",
    "prediction": "skateboard",
    "actual": [
      "camera",
      "camera",
      "skateboard",
      "camera",
      "skateboard",
      "skateboard",
      "skateboard",
      "skateboard",
      "camera",
      "camera"
    ]
  },
  "FG6kmHCaikmwGGpw9RhpSD": {
    "question_id": "FG6kmHCaikmwGGpw9RhpSD",
    "prediction": "employee",
    "actual": [
      "office worker",
      "business person",
      "employee",
      "employee",
      "worker",
      "office worker",
      "employee",
      "worker",
      "worker",
      "it worker"
    ]
  },
  "Fg53NYDDkdBe9AAbXNb5df": {
    "question_id": "Fg53NYDDkdBe9AAbXNb5df",
    "prediction": "bicycle",
    "actual": [
      "car",
      "bike",
      "bike",
      "bicycle",
      "bike",
      "bicycle",
      "bicycle",
      "bicycle",
      "bike",
      "bike"
    ]
  },
  "Fr2NzFhfutw8k7CpoAGnW8": {
    "question_id": "Fr2NzFhfutw8k7CpoAGnW8",
    "prediction": "two",
    "actual": [
      "2 lights",
      "two",
      "two",
      "two",
      "two",
      "2 lights",
      "two",
      "two",
      "two",
      "two"
    ]
  },
  "G5UFNWEn9cZH66apuAaxQj": {
    "question_id": "G5UFNWEn9cZH66apuAaxQj",
    "prediction": "morning",
    "actual": [
      "day",
      "morning maybe",
      "afternoon",
      "morning",
      "late afternoon",
      "morning",
      "morning",
      "midday",
      "midday",
      "daytime"
    ]
  },
  "GGnMBYFpNz6ukDqFQ7Cdgx": {
    "question_id": "GGnMBYFpNz6ukDqFQ7Cdgx",
    "prediction": "cross",
    "actual": [
      "cross",
      "light change",
      "ride bus",
      "cross",
      "ride bus",
      "cross",
      "cross",
      "cross",
      "cross",
      "cross"
    ]
  },
  "GTZGtuDSqd76CSi8NDrEKx": {
    "question_id": "GTZGtuDSqd76CSi8NDrEKx",
    "prediction": "road",
    "actual": [
      "mountain",
      "road",
      "mountain",
      "mountain",
      "road",
      "road",
      "street",
      "road",
      "road",
      "road"
    ]
  },
  "GfXMvDmY2rQYcnA8kLrFvf": {
    "question_id": "GfXMvDmY2rQYcnA8kLrFvf",
    "prediction": "sneakers",
    "actual": [
      "shoes",
      "light",
      "shoes",
      "shoes",
      "sneakers",
      "shoes",
      "sneakers",
      "sneakers",
      "shoes",
      "shoes"
    ]
  },
  "GkrGRjhVED6WinovPED8iZ": {
    "question_id": "GkrGRjhVED6WinovPED8iZ",
    "prediction": "statue",
    "actual": [
      "statue",
      "statues",
      "statues",
      "statues",
      "statue",
      "statues",
      "statues",
      "statues",
      "statues",
      "statue"
    ]
  },
  "GoBun4WYj2oK6vRihjfEGv": {
    "question_id": "GoBun4WYj2oK6vRihjfEGv",
    "prediction": "wine",
    "actual": [
      "wine",
      "wine",
      "wine",
      "red wine",
      "wine",
      "wine",
      "wine",
      "wine",
      "wine",
      "wine"
    ]
  },
  "GuEXoRNmgAED6SJqUXtHhA": {
    "question_id": "GuEXoRNmgAED6SJqUXtHhA",
    "prediction": "cows",
    "actual": [
      "cows",
      "cow",
      "cow",
      "cows",
      "cows",
      "cows",
      "cows",
      "cows",
      "cows",
      "cow"
    ]
  },
  "GzEbcQExF4cHmrhk7rdnce": {
    "question_id": "GzEbcQExF4cHmrhk7rdnce",
    "prediction": "nintendo wii",
    "actual": [
      "wii",
      "nintendo wii",
      "wii",
      "wii",
      "wii",
      "nintendo wii",
      "wii",
      "nintendo wii",
      "nintendo wii",
      "wi"
    ]
  },
  "H5BWeWuYriU6bmUwUPKtGE": {
    "question_id": "H5BWeWuYriU6bmUwUPKtGE",
    "prediction": "glass",
    "actual": [
      "glass",
      "glass",
      "glass",
      "glass",
      "glass",
      "glass",
      "glass",
      "glass",
      "glass",
      "glass"
    ]
  },
  "H5ij2UADeZudHffAeLzw6z": {
    "question_id": "H5ij2UADeZudHffAeLzw6z",
    "prediction": "apple",
    "actual": [
      "apple",
      "apple",
      "apple",
      "apple",
      "apple",
      "apple",
      "apple",
      "apple",
      "apple",
      "apple"
    ]
  },
  "H8bbnrXJwvzCPyGsK48h8c": {
    "question_id": "H8bbnrXJwvzCPyGsK48h8c",
    "prediction": "classroom",
    "actual": [
      "school",
      "classroom",
      "classroom",
      "classroom",
      "school",
      "classroom",
      "computer lab",
      "classroom",
      "conference room",
      "school"
    ]
  },
  "HBocRDMRkRehHhDX4BnCwq": {
    "question_id": "HBocRDMRkRehHhDX4BnCwq",
    "prediction": "shoes",
    "actual": [
      "boots",
      "shoes",
      "boots",
      "shoes",
      "boots",
      "styled boots",
      "boots",
      "flats",
      "shoes",
      "boots"
    ]
  },
  "HM4obw9fQyb3aPheZjgtqq": {
    "question_id": "HM4obw9fQyb3aPheZjgtqq",
    "prediction": "visibility",
    "actual": [
      "visibility safety",
      "visibility",
      "visibility",
      "visibility",
      "visibility",
      "visibility",
      "visibility",
      "visibility",
      "safety visibility",
      "visibility"
    ]
  },
  "HPZPYitwJBDrLAkkGa9AJ5": {
    "question_id": "HPZPYitwJBDrLAkkGa9AJ5",
    "prediction": "adidas",
    "actual": [
      "adidas",
      "adidas",
      "sketchers",
      "puma",
      "nike",
      "nike",
      "nike",
      "adidas",
      "adidas",
      "adidas"
    ]
  },
  "HRRChNRZfHh9JRVSVaZvt7": {
    "question_id": "HRRChNRZfHh9JRVSVaZvt7",
    "prediction": "oven",
    "actual": [
      "glove",
      "oven",
      "oven",
      "oven",
      "oven",
      "grill",
      "keep food",
      "outdoor cooker",
      "oven",
      "oven"
    ]
  },
  "HdyKrZXRwibeYWRs8Qnkhe": {
    "question_id": "HdyKrZXRwibeYWRs8Qnkhe",
    "prediction": "ham",
    "actual": [
      "meat",
      "turkey",
      "ham",
      "ham",
      "cheese",
      "ham",
      "ham",
      "ham",
      "ham",
      "meat"
    ]
  },
  "Hnor848pYZFWrEeYWfuYCF": {
    "question_id": "Hnor848pYZFWrEeYWfuYCF",
    "prediction": "coffee",
    "actual": [
      "coffee",
      "food",
      "coffee",
      "coffee",
      "coffee",
      "coffee",
      "coffee",
      "using",
      "food",
      "coffee"
    ]
  },
  "JTLLmy2W6V6VETwzhkgDPh": {
    "question_id": "JTLLmy2W6V6VETwzhkgDPh",
    "prediction": "one",
    "actual": [
      "one",
      "one",
      "one",
      "two",
      "one",
      "one",
      "one",
      "one",
      "1 person",
      "one"
    ]
  },
  "Jo6cB9daaqeW3nwSc3Sv6E": {
    "question_id": "Jo6cB9daaqeW3nwSc3Sv6E",
    "prediction": "giraffe",
    "actual": [
      "giraffe",
      "giraffe",
      "giraffes",
      "giraffes",
      "giraffes",
      "giraffes",
      "giraffe",
      "giraffes",
      "giraffes",
      "giraffes"
    ]
  },
  "KDt9uiMSWXdfqZg8DkfQYP": {
    "question_id": "KDt9uiMSWXdfqZg8DkfQYP",
    "prediction": "sleeping",
    "actual": [
      "sleeping",
      "sleep",
      "sleep",
      "sleeping",
      "sleep",
      "sleeping",
      "sleeping",
      "sleeping",
      "sleep",
      "sleeping"
    ]
  },
  "KJfQQQhNGQydZ2gdW6dv9A": {
    "question_id": "KJfQQQhNGQydZ2gdW6dv9A",
    "prediction": "meat",
    "actual": [
      "from meat",
      "salami",
      "meat",
      "salami",
      "meat",
      "deli meat",
      "ham",
      "meat cheese",
      "meat",
      "salami"
    ]
  },
  "KYHbG5z9mj4H4dAJbzLuQ4": {
    "question_id": "KYHbG5z9mj4H4dAJbzLuQ4",
    "prediction": "dress",
    "actual": [
      "blue dress",
      "dress",
      "dress",
      "dress",
      "dress",
      "dress",
      "dress",
      "anklet",
      "ankle bracelet",
      "dress"
    ]
  },
  "KatNcK2tJQ8nr2oasRaXoD": {
    "question_id": "KatNcK2tJQ8nr2oasRaXoD",
    "prediction": "run",
    "actual": [
      "run",
      "run",
      "run",
      "run",
      "run",
      "take run",
      "take run",
      "run",
      "run",
      "run"
    ]
  },
  "KpXGPyoqZUqo76FaqZuNXF": {
    "question_id": "KpXGPyoqZUqo76FaqZuNXF",
    "prediction": "hotel",
    "actual": [
      "motel",
      "hotel",
      "motel",
      "hotel",
      "hotel",
      "hotel",
      "apartment",
      "master bedroom",
      "hotel",
      "house"
    ]
  },
  "KtndapoEif4gqUGbYMKim6": {
    "question_id": "KtndapoEif4gqUGbYMKim6",
    "prediction": "baseball",
    "actual": [
      "caps",
      "baseball",
      "baseball",
      "baseball",
      "baseball",
      "gloves",
      "gloves",
      "baseball gloves",
      "baseball",
      "baseball equipment"
    ]
  },
  "LGdv7ZFDA5bxdGaYw5XSLZ": {
    "question_id": "LGdv7ZFDA5bxdGaYw5XSLZ",
    "prediction": "camouflage",
    "actual": [
      "camouflage",
      "camouflage",
      "camouflage",
      "thermoregulation",
      "absorb heat",
      "camouflage",
      "camouflage",
      "thermoregulation",
      "heat protection",
      "camophlage"
    ]
  },
  "LWHhV7yq9EbPQXgaXmYEXk": {
    "question_id": "LWHhV7yq9EbPQXgaXmYEXk",
    "prediction": "sunset",
    "actual": [
      "early evening",
      "evening",
      "evening",
      "sunset",
      "sunset",
      "sunset",
      "sunset",
      "evening",
      "sunset",
      "sunset"
    ]
  },
  "LnBiYuXmqeyEHsquVemheo": {
    "question_id": "LnBiYuXmqeyEHsquVemheo",
    "prediction": "drink",
    "actual": [
      "drink toast",
      "drink",
      "drink wine",
      "drink wine",
      "celebrate",
      "drink",
      "drink wine",
      "drink",
      "taste wine",
      "drink wine"
    ]
  },
  "M24oDREQRXZxbPHeX82hTm": {
    "question_id": "M24oDREQRXZxbPHeX82hTm",
    "prediction": "to eat",
    "actual": [
      "to eat",
      "eating",
      "eat",
      "eating",
      "to eat",
      "to eat",
      "to eat",
      "to eat",
      "to eat",
      "dinner"
    ]
  },
  "M3yABkFk8uMPsVkecGAnZR": {
    "question_id": "M3yABkFk8uMPsVkecGAnZR",
    "prediction": "stirring",
    "actual": [
      "cook soup",
      "stirring",
      "stir",
      "stir",
      "stir",
      "stirring",
      "stir",
      "stirring",
      "stir",
      "stir"
    ]
  },
  "M4bEQ9vKhFhuWXb9nEf76d": {
    "question_id": "M4bEQ9vKhFhuWXb9nEf76d",
    "prediction": "eating",
    "actual": [
      "discussing",
      "eating",
      "eating",
      "crafting",
      "side",
      "picnic",
      "eating",
      "eating",
      "picnic",
      "picnicking"
    ]
  },
  "MDyjdP8Esi9N3eEpLVuwx7": {
    "question_id": "MDyjdP8Esi9N3eEpLVuwx7",
    "prediction": "safety",
    "actual": [
      "safety",
      "horseback riding",
      "safety",
      "riding horse",
      "protection",
      "safety",
      "riding horse",
      "safety",
      "horse ride",
      "head safety"
    ]
  },
  "MNd63HUuxoKR7oBz6d3zA5": {
    "question_id": "MNd63HUuxoKR7oBz6d3zA5",
    "prediction": "purse",
    "actual": [
      "purse",
      "purse",
      "purse",
      "fanny pack",
      "purse",
      "fanny pack",
      "purse",
      "purse",
      "purse",
      "purse"
    ]
  },
  "Mj2xTvTMWmPfD2AvR3cDQw": {
    "question_id": "Mj2xTvTMWmPfD2AvR3cDQw",
    "prediction": "elephant",
    "actual": [
      "elephant",
      "elephant",
      "elephant",
      "elephant",
      "elephant",
      "elephant",
      "elephant",
      "elephant",
      "elephant",
      "elephant"
    ]
  },
  "MvjdGpXqcdaADbsGwjo2Bm": {
    "question_id": "MvjdGpXqcdaADbsGwjo2Bm",
    "prediction": "ski poles",
    "actual": [
      "ski poles",
      "ski poles",
      "ski poles",
      "ski poles",
      "poles",
      "poles",
      "poles",
      "ski poles",
      "ski poles",
      "poles"
    ]
  },
  "NQQEM9mH6viipfoP9kMC6v": {
    "question_id": "NQQEM9mH6viipfoP9kMC6v",
    "prediction": "tourists",
    "actual": [
      "married",
      "tourists",
      "tourists",
      "married",
      "tourists",
      "tourists",
      "tourists",
      "tourists",
      "tourists",
      "tourists"
    ]
  },
  "P4kW6QHjRQjrDBY2YdCNxg": {
    "question_id": "P4kW6QHjRQjrDBY2YdCNxg",
    "prediction": "cross street",
    "actual": [
      "shop",
      "cross road",
      "cross street",
      "cross street",
      "cross street",
      "cross street",
      "cross street",
      "cross street",
      "cross street",
      "cross"
    ]
  },
  "P849UYcdPdpuMhsTCbyCuu": {
    "question_id": "P849UYcdPdpuMhsTCbyCuu",
    "prediction": "jockeys",
    "actual": [
      "jockey",
      "jockey",
      "jockeys",
      "jockeys",
      "jockey",
      "jockeys",
      "jockeys",
      "jockeys",
      "jockeys",
      "jockey"
    ]
  },
  "PCavtGPpEZnoW3vRUb2vbM": {
    "question_id": "PCavtGPpEZnoW3vRUb2vbM",
    "prediction": "smoking",
    "actual": [
      "annoyed",
      "annoyed",
      "smoking",
      "smoking",
      "annoyed",
      "smoking",
      "smoking",
      "smoking",
      "smoking",
      "smoking"
    ]
  },
  "PGrM6kp6herk4ducZoyUUd": {
    "question_id": "PGrM6kp6herk4ducZoyUUd",
    "prediction": "broccoli",
    "actual": [
      "broccoli",
      "broccoli",
      "broccoli",
      "broccoli",
      "towards vegetable",
      "broccoli",
      "brocolli",
      "broccoli",
      "broccoli",
      "broccoli"
    ]
  },
  "PPGK4QYUUdYhLhBKKfPCp3": {
    "question_id": "PPGK4QYUUdYhLhBKKfPCp3",
    "prediction": "pottery",
    "actual": [
      "pottery",
      "pottery",
      "pottery",
      "abstract",
      "pottery",
      "abstract",
      "pottery",
      "clay pottery",
      "terracotta",
      "pottery"
    ]
  },
  "PPGegcRPeAJZ58gfYTUAZH": {
    "question_id": "PPGegcRPeAJZ58gfYTUAZH",
    "prediction": "market",
    "actual": [
      "market",
      "vegetable stand",
      "market",
      "market",
      "market",
      "market",
      "roadside stand",
      "farmers market",
      "market",
      "market"
    ]
  },
  "PbFfJju4rM4x4PzP9E3dmq": {
    "question_id": "PbFfJju4rM4x4PzP9E3dmq",
    "prediction": "bartender",
    "actual": [
      "bartender",
      "bartender",
      "bartender",
      "bar tending",
      "bartender",
      "bartending",
      "bartender",
      "bartender",
      "bartending",
      "bartending"
    ]
  },
  "PceZftPFbFZ7xbF3urpTvL": {
    "question_id": "PceZftPFbFZ7xbF3urpTvL",
    "prediction": "two",
    "actual": [
      "two",
      "two",
      "two",
      "two",
      "two",
      "two",
      "two",
      "two",
      "two",
      "two"
    ]
  },
  "Q5hfYjQnaxng9vg7QmEqa5": {
    "question_id": "Q5hfYjQnaxng9vg7QmEqa5",
    "prediction": "siblings",
    "actual": [
      "siblings",
      "siblings",
      "siblings",
      "siblings",
      "siblings",
      "birth",
      "birth",
      "siblings",
      "siblings",
      "siblings"
    ]
  },
  "Q6BuYZYZySn9YZXf8iBwXD": {
    "question_id": "Q6BuYZYZySn9YZXf8iBwXD",
    "prediction": "three",
    "actual": [
      "three",
      "two",
      "one",
      "three",
      "one",
      "three",
      "one",
      "three",
      "one",
      "three"
    ]
  },
  "Q8qrsK2VxVXdM3LRKyhi5U": {
    "question_id": "Q8qrsK2VxVXdM3LRKyhi5U",
    "prediction": "coach",
    "actual": [
      "coach",
      "instructor",
      "friends",
      "coach",
      "dad",
      "students",
      "coach",
      "father",
      "coach",
      "father"
    ]
  },
  "QXpLwCmcjZXSBHQULTdAXu": {
    "question_id": "QXpLwCmcjZXSBHQULTdAXu",
    "prediction": "icing",
    "actual": [
      "icing",
      "icing",
      "cream",
      "frosting",
      "frosting",
      "frosting",
      "cream",
      "frosting",
      "cream",
      "icing"
    ]
  },
  "QgbaJEnafjdsdWx5ReQAPn": {
    "question_id": "QgbaJEnafjdsdWx5ReQAPn",
    "prediction": "electricity",
    "actual": [
      "electricity",
      "electricity",
      "electric",
      "magnetic force",
      "electricity",
      "electric",
      "electric",
      "electricity",
      "electric",
      "electricity"
    ]
  },
  "QsW8sBQzRc4Zsxds7WwTJ7": {
    "question_id": "QsW8sBQzRc4Zsxds7WwTJ7",
    "prediction": "backyard",
    "actual": [
      "frisbee",
      "backyard",
      "back yard",
      "frisbee",
      "park",
      "backyard",
      "grass",
      "backyard",
      "outdoors",
      "backyard"
    ]
  },
  "R5zKF5LPj53tXkChG4Mq7M": {
    "question_id": "R5zKF5LPj53tXkChG4Mq7M",
    "prediction": "boat",
    "actual": [
      "boats",
      "boat",
      "bicycle",
      "bike",
      "boat",
      "boat",
      "bike",
      "boat",
      "boat",
      "bike"
    ]
  },
  "RE7AjTGi4wSmoqR4QYLrjB": {
    "question_id": "RE7AjTGi4wSmoqR4QYLrjB",
    "prediction": "octopus",
    "actual": [
      "squid",
      "octopus",
      "octopus",
      "octopus",
      "octopus",
      "octopus",
      "octopus",
      "octopus",
      "octopus",
      "octopus"
    ]
  },
  "RrQ48CMWPTgqsvg2K4P7eR": {
    "question_id": "RrQ48CMWPTgqsvg2K4P7eR",
    "prediction": "catcher",
    "actual": [
      "crouch",
      "crouched",
      "crouched",
      "catcher",
      "catcher",
      "catcher",
      "catcher",
      "pitcher",
      "squat",
      "crouch"
    ]
  },
  "SdAdWFmnnNenYAp5iLkkSM": {
    "question_id": "SdAdWFmnnNenYAp5iLkkSM",
    "prediction": "drink water",
    "actual": [
      "drink",
      "drink water",
      "drink",
      "drink",
      "drink",
      "drink",
      "drink water",
      "to drink",
      "drink",
      "drink water"
    ]
  },
  "SpnBQjkqymWyZ5gEzPTwKu": {
    "question_id": "SpnBQjkqymWyZ5gEzPTwKu",
    "prediction": "cow",
    "actual": [
      "cow",
      "cow",
      "cow",
      "cow",
      "cows",
      "cows",
      "cows",
      "cow",
      "cows",
      "cow"
    ]
  },
  "TCXSs2iG5qmduZYmRir2cK": {
    "question_id": "TCXSs2iG5qmduZYmRir2cK",
    "prediction": "pond",
    "actual": [
      "pond",
      "lake",
      "river",
      "pond",
      "fresh",
      "lake",
      "pond",
      "pond",
      "fresh water",
      "fresh"
    ]
  },
  "TP6CLZw55zqvf7ysJUnG2B": {
    "question_id": "TP6CLZw55zqvf7ysJUnG2B",
    "prediction": "microphone",
    "actual": [
      "microphone",
      "microphone",
      "behind you",
      "microphone",
      "microphone",
      "speakers",
      "microphone",
      "lapel microphone",
      "microphone",
      "shirt microphone"
    ]
  },
  "TU3Jt6U4vLxsHp26fpMWW8": {
    "question_id": "TU3Jt6U4vLxsHp26fpMWW8",
    "prediction": "cutting board",
    "actual": [
      "cheese board",
      "dining",
      "charcuterie",
      "wooden board",
      "wood",
      "cutting board",
      "wood",
      "cutting board",
      "cutting board",
      "cutting"
    ]
  },
  "TgnxoGn2URnSnsnWhniwQ9": {
    "question_id": "TgnxoGn2URnSnsnWhniwQ9",
    "prediction": "dogs",
    "actual": [
      "dog",
      "dogs",
      "dog",
      "dogs",
      "dogs",
      "dog",
      "dogs",
      "dogs",
      "dogs",
      "dog"
    ]
  },
  "TiHYTuQWNZA5Ui4kwswtvh": {
    "question_id": "TiHYTuQWNZA5Ui4kwswtvh",
    "prediction": "black",
    "actual": [
      "purple",
      "gray",
      "blue",
      "blue white",
      "black",
      "black",
      "blue",
      "grey",
      "black",
      "black"
    ]
  },
  "U3vN2kLcHwnX4WfdNGnvxW": {
    "question_id": "U3vN2kLcHwnX4WfdNGnvxW",
    "prediction": "ocean",
    "actual": [
      "ocean",
      "sea",
      "ocean",
      "ocean",
      "ocean",
      "ocean",
      "shore",
      "ocean",
      "shore",
      "shore"
    ]
  },
  "UPhByDxcyegyWfhgbrkTZD": {
    "question_id": "UPhByDxcyegyWfhgbrkTZD",
    "prediction": "phone",
    "actual": [
      "phone",
      "phone",
      "cellphone",
      "phone",
      "cellphone",
      "phone",
      "phone",
      "cellphone",
      "phone",
      "cell phone"
    ]
  },
  "US64WDYHmJ3UBhFuwDmcWM": {
    "question_id": "US64WDYHmJ3UBhFuwDmcWM",
    "prediction": "police officer",
    "actual": [
      "police",
      "police officer",
      "police officer",
      "law enforcement",
      "police",
      "police",
      "police officer",
      "police officer",
      "police",
      "police"
    ]
  },
  "UXR5X7hqtMs7BPFyniqscB": {
    "question_id": "UXR5X7hqtMs7BPFyniqscB",
    "prediction": "snowboarding",
    "actual": [
      "skiing snowboarding",
      "snow boarding",
      "snowboarding skiing",
      "snowboarding",
      "snowboarding",
      "snowboarding",
      "snowboarding",
      "snowboarding",
      "ski poles",
      "winter sports"
    ]
  },
  "UcdDMTu4br8uyQPYPQxgo6": {
    "question_id": "UcdDMTu4br8uyQPYPQxgo6",
    "prediction": "asia",
    "actual": [
      "japan",
      "asia",
      "asia",
      "asia",
      "japan",
      "east asia",
      "korea",
      "singapore",
      "japan",
      "asia"
    ]
  },
  "V4VjJ3eNtgQnM7ZvF2S3iL": {
    "question_id": "V4VjJ3eNtgQnM7ZvF2S3iL",
    "prediction": "mother",
    "actual": [
      "mother",
      "mother",
      "mother",
      "parent",
      "mother",
      "mother",
      "parent",
      "mother",
      "mother",
      "mother"
    ]
  },
  "VF8AXcb7aXEHcTu4ZWtQf6": {
    "question_id": "VF8AXcb7aXEHcTu4ZWtQf6",
    "prediction": "restaurant",
    "actual": [
      "restaurant",
      "pizzeria",
      "front entrance",
      "supreme",
      "restaurant",
      "restaurant",
      "pizzeria",
      "pizza restaurant",
      "pizza restaurant",
      "restaurant"
    ]
  },
  "VdepsSMSGD3FJyBybbLsFD": {
    "question_id": "VdepsSMSGD3FJyBybbLsFD",
    "prediction": "exercise",
    "actual": [
      "exercise",
      "ball",
      "exercise",
      "excited",
      "exercise",
      "exercise",
      "exercise",
      "exercise",
      "ball",
      "food"
    ]
  },
  "VfFoJ6PWrs7H65Tw6eP9PS": {
    "question_id": "VfFoJ6PWrs7H65Tw6eP9PS",
    "prediction": "mouse",
    "actual": [
      "computer mouse",
      "mouse",
      "mouse",
      "mouse",
      "mouse",
      "mouse",
      "mouse",
      "computer mouse",
      "mouse",
      "mouse"
    ]
  },
  "VnvcXjkeZTbMsRfQZwQXUF": {
    "question_id": "VnvcXjkeZTbMsRfQZwQXUF",
    "prediction": "reading",
    "actual": [
      "study",
      "reading",
      "listen music",
      "reading",
      "reading",
      "living room",
      "reading",
      "changing",
      "fully furniture",
      "reading"
    ]
  },
  "W7NENqwhQdUFDHrkxS2Ch6": {
    "question_id": "W7NENqwhQdUFDHrkxS2Ch6",
    "prediction": "glass",
    "actual": [
      "protective",
      "glass",
      "window",
      "glass",
      "window",
      "window",
      "window",
      "window",
      "glass",
      "glass"
    ]
  },
  "W9SuEnjPaJ2SReannrgG2Y": {
    "question_id": "W9SuEnjPaJ2SReannrgG2Y",
    "prediction": "plowing",
    "actual": [
      "plowing fields",
      "hay bailing",
      "ploughing",
      "carrying",
      "plowing",
      "plowing",
      "plowing field",
      "harvesting",
      "farming",
      "plowing"
    ]
  },
  "WHkq5C8BiaowwnmsHGAxgf": {
    "question_id": "WHkq5C8BiaowwnmsHGAxgf",
    "prediction": "jelly",
    "actual": [
      "jelly",
      "jam",
      "sprinkles",
      "cheese",
      "jelly",
      "butter",
      "salt",
      "jelly",
      "icing",
      "icing"
    ]
  },
  "WRniXpa5KWfR7D85cwFASi": {
    "question_id": "WRniXpa5KWfR7D85cwFASi",
    "prediction": "nintendo wii",
    "actual": [
      "nintendo wii",
      "wii",
      "wii",
      "wii",
      "wii",
      "nintendo wii",
      "wii",
      "nintendo wii",
      "wii",
      "nintendo wii"
    ]
  },
  "WhPka9j3UV3XKdiqHbupMJ": {
    "question_id": "WhPka9j3UV3XKdiqHbupMJ",
    "prediction": "elephant",
    "actual": [
      "glass",
      "elephant",
      "elephant",
      "elephant",
      "elephant",
      "wall",
      "people",
      "long-haired person",
      "elephant moving",
      "elephant"
    ]
  },
  "WnCzZybnZ7YyuDvJ62YLyt": {
    "question_id": "WnCzZybnZ7YyuDvJ62YLyt",
    "prediction": "airport",
    "actual": [
      "airport",
      "airport",
      "airport",
      "airport's",
      "airport",
      "airport",
      "airport",
      "airports",
      "airport",
      "airports"
    ]
  },
  "XAvbeZ5Rqjf9hb6eDnVNhQ": {
    "question_id": "XAvbeZ5Rqjf9hb6eDnVNhQ",
    "prediction": "fall",
    "actual": [
      "summer",
      "autumn",
      "spring",
      "summer",
      "summer",
      "fall",
      "fall",
      "fall",
      "fall",
      "spring"
    ]
  },
  "XKjvNP3RonaQcJbF2oreHb": {
    "question_id": "XKjvNP3RonaQcJbF2oreHb",
    "prediction": "striped",
    "actual": [
      "stripes",
      "striped",
      "line pattern",
      "mohawk",
      "stripes",
      "striped",
      "zebra pattern",
      "mohawk",
      "striped",
      "striped"
    ]
  },
  "XYmNkcLb88NVASUfFkcMXC": {
    "question_id": "XYmNkcLb88NVASUfFkcMXC",
    "prediction": "alcohol",
    "actual": [
      "detergent",
      "vodka",
      "alcohol",
      "soap",
      "dishwasher",
      "liquor",
      "alcoholic",
      "alcohol",
      "liquor",
      "alcohol"
    ]
  },
  "XcYCdxp4Javwyxx6cihuSz": {
    "question_id": "XcYCdxp4Javwyxx6cihuSz",
    "prediction": "rails",
    "actual": [
      "rails",
      "rails",
      "rails",
      "railroad",
      "tracks",
      "rail",
      "junction",
      "tracks",
      "tracks",
      "railroad tracks"
    ]
  },
  "YQ3iE6vHkcuYRWwn3fFd8N": {
    "question_id": "YQ3iE6vHkcuYRWwn3fFd8N",
    "prediction": "bow tie",
    "actual": [
      "bowtie",
      "bow tie",
      "bow tie",
      "bowtie",
      "bow tie",
      "bow",
      "bowtie",
      "bowtie",
      "bow tie",
      "bowtie"
    ]
  },
  "YkoPwAEMfgMqGRxLyzEXpz": {
    "question_id": "YkoPwAEMfgMqGRxLyzEXpz",
    "prediction": "dinner",
    "actual": [
      "dinner",
      "breakfast",
      "lunch",
      "dinner",
      "breakfast",
      "breakfast",
      "breakfast",
      "lunch",
      "breakfast",
      "dinner"
    ]
  },
  "YofsNmbN6XCqNdfHTBmzNq": {
    "question_id": "YofsNmbN6XCqNdfHTBmzNq",
    "prediction": "glass",
    "actual": [
      "acrylic",
      "glass",
      "glass",
      "glass",
      "glass",
      "glass",
      "glass",
      "cloth",
      "decrote",
      "made flowers"
    ]
  },
  "ZpLohrc8reFQkCjJ3iFQXX": {
    "question_id": "ZpLohrc8reFQkCjJ3iFQXX",
    "prediction": "headphones",
    "actual": [
      "headphones",
      "headphones",
      "headphones",
      "headphones",
      "headset",
      "headphones",
      "headphones",
      "headphones",
      "headset",
      "headset"
    ]
  },
  "aC77EkAro3tybKmAJPUAH4": {
    "question_id": "aC77EkAro3tybKmAJPUAH4",
    "prediction": "helmet",
    "actual": [
      "helmet",
      "helmet",
      "helmet",
      "helmet",
      "angrily",
      "protection",
      "safety",
      "helmet",
      "helmet",
      "helmet"
    ]
  },
  "aL2mrGutdZCcG5Da5m6avg": {
    "question_id": "aL2mrGutdZCcG5Da5m6avg",
    "prediction": "wind",
    "actual": [
      "sunlight",
      "sunshine",
      "sunshine",
      "wind",
      "sun",
      "sun",
      "wind",
      "wind",
      "sunshine",
      "sunshine"
    ]
  },
  "akDNCt5XCGvjw33C3ong5d": {
    "question_id": "akDNCt5XCGvjw33C3ong5d",
    "prediction": "dinner",
    "actual": [
      "breakfast",
      "supper",
      "dinner",
      "rice",
      "dinner",
      "rice/fish",
      "dinner",
      "dinner",
      "dinner",
      "dinner"
    ]
  },
  "b5XoCkzFXxELg4R5SP4uEf": {
    "question_id": "b5XoCkzFXxELg4R5SP4uEf",
    "prediction": "frisbee",
    "actual": [
      "ring toss",
      "frisbee",
      "frisbee",
      "frisbee",
      "frisbee",
      "frisbee",
      "frisbee",
      "frisbee",
      "frisbee",
      "frisbee"
    ]
  },
  "bFHUSwTBE33hag9jVm6iJr": {
    "question_id": "bFHUSwTBE33hag9jVm6iJr",
    "prediction": "fork",
    "actual": [
      "fork knife",
      "fork knife",
      "silverware",
      "fork",
      "utensils",
      "fork",
      "fork knife",
      "knife",
      "fork",
      "fork"
    ]
  },
  "bTkroMPt2NzXSUFCPZS823": {
    "question_id": "bTkroMPt2NzXSUFCPZS823",
    "prediction": "parked",
    "actual": [
      "parked",
      "in taxi",
      "loading",
      "loading",
      "rest",
      "passenger loading",
      "landing",
      "parked",
      "parked",
      "gate"
    ]
  },
  "bWUR6AzW6CejWi3EG2PZfT": {
    "question_id": "bWUR6AzW6CejWi3EG2PZfT",
    "prediction": "alcohol",
    "actual": [
      "alcohol",
      "beer",
      "beer",
      "alcohol",
      "beer",
      "beer",
      "alcohol",
      "beer",
      "beer",
      "beer"
    ]
  },
  "bcXERNeXxn8CmkodKezv7X": {
    "question_id": "bcXERNeXxn8CmkodKezv7X",
    "prediction": "advertisement",
    "actual": [
      "advertisement",
      "advertisements",
      "advertisement",
      "actress",
      "advertisement",
      "cindy sherman",
      "poster",
      "exhibit advertisement",
      "advertisement",
      "poster"
    ]
  },
  "bezNeT66zH5bmV9XRsGhcf": {
    "question_id": "bezNeT66zH5bmV9XRsGhcf",
    "prediction": "mountain",
    "actual": [
      "mountain",
      "mountain",
      "mountain",
      "mountain",
      "hillside",
      "mountain",
      "mountain",
      "mountain",
      "hillside",
      "hillside"
    ]
  },
  "bfr2EuyWxuSqeL23qocAe4": {
    "question_id": "bfr2EuyWxuSqeL23qocAe4",
    "prediction": "wood",
    "actual": [
      "wood",
      "wood",
      "wood",
      "wood",
      "wood",
      "wood",
      "wood",
      "wood",
      "wood",
      "wood"
    ]
  },
  "bgFM5EQ66AGQWorBoJzymJ": {
    "question_id": "bgFM5EQ66AGQWorBoJzymJ",
    "prediction": "three",
    "actual": [
      "three",
      "three",
      "three",
      "three",
      "two",
      "three",
      "three",
      "3 markers",
      "three",
      "3 markers"
    ]
  },
  "bmXjvk9NznKw8jyhjjZuqi": {
    "question_id": "bmXjvk9NznKw8jyhjjZuqi",
    "prediction": "plastic",
    "actual": [
      "plastic",
      "toy parts",
      "plastic",
      "plastic",
      "plastic",
      "pork",
      "plastic",
      "plastic",
      "plastic",
      "plastic"
    ]
  },
  "bp87frxTcBx6bA7KtzDFp7": {
    "question_id": "bp87frxTcBx6bA7KtzDFp7",
    "prediction": "street",
    "actual": [
      "street",
      "in road",
      "in street",
      "street",
      "street",
      "street",
      "street",
      "street",
      "migrating",
      "destination"
    ]
  },
  "bqgrwRMbZtGzixs99Lommf": {
    "question_id": "bqgrwRMbZtGzixs99Lommf",
    "prediction": "skateboard",
    "actual": [
      "skateboard",
      "skateboard",
      "skateboard",
      "skateboard",
      "skateboard",
      "skateboard",
      "skateboard",
      "skateboard",
      "skateboard",
      "skateboard"
    ]
  },
  "bt6WFDHUBaFadif2oq3h4k": {
    "question_id": "bt6WFDHUBaFadif2oq3h4k",
    "prediction": "running",
    "actual": [
      "eating",
      "fighting",
      "big",
      "running",
      "running",
      "fighting",
      "turning",
      "running",
      "running",
      "running"
    ]
  },
  "cHj9fNtX8oN4JATDhDUC4T": {
    "question_id": "cHj9fNtX8oN4JATDhDUC4T",
    "prediction": "human",
    "actual": [
      "person",
      "dog",
      "dog",
      "human",
      "human",
      "human",
      "human",
      "human",
      "man",
      "dog"
    ]
  },
  "ckEWdFtXTjmNaM5gGbqQH4": {
    "question_id": "ckEWdFtXTjmNaM5gGbqQH4",
    "prediction": "eat",
    "actual": [
      "eat",
      "celebrate",
      "eat",
      "eat pie",
      "eat",
      "eat cake",
      "eat cake",
      "eat",
      "eat",
      "eat"
    ]
  },
  "dvvTUCDA3wK4Q9KZKboPgg": {
    "question_id": "dvvTUCDA3wK4Q9KZKboPgg",
    "prediction": "smoke",
    "actual": [
      "steam",
      "smoke",
      "steam",
      "smoke",
      "steam",
      "smog",
      "smoke",
      "steam",
      "smoke",
      "steam"
    ]
  },
  "eQRQC4E5pZanwwyme6kTJA": {
    "question_id": "eQRQC4E5pZanwwyme6kTJA",
    "prediction": "field",
    "actual": [
      "rural",
      "field",
      "pasture",
      "farming",
      "field",
      "field",
      "pasture",
      "fields",
      "pasture",
      "farm"
    ]
  },
  "eTzxabUHi9XjTeaAKr9nz2": {
    "question_id": "eTzxabUHi9XjTeaAKr9nz2",
    "prediction": "airport",
    "actual": [
      "station",
      "airport",
      "airport",
      "airport",
      "airport",
      "airport",
      "airport",
      "airport",
      "shopping mall",
      "airport"
    ]
  },
  "efPGEhVYzatJbs8HcmV9rW": {
    "question_id": "efPGEhVYzatJbs8HcmV9rW",
    "prediction": "home",
    "actual": [
      "home",
      "home",
      "vase",
      "dining room",
      "dining room",
      "kitchen",
      "home",
      "kitchen",
      "wedding",
      "home"
    ]
  },
  "eiLeNz2CFKYS7AFZDXrKEM": {
    "question_id": "eiLeNz2CFKYS7AFZDXrKEM",
    "prediction": "school",
    "actual": [
      "school",
      "school",
      "class",
      "school class",
      "school",
      "class",
      "school",
      "school class",
      "school",
      "school age"
    ]
  },
  "eiTuwtpwaP6LXCBDdhRfUU": {
    "question_id": "eiTuwtpwaP6LXCBDdhRfUU",
    "prediction": "grill",
    "actual": [
      "grill",
      "pizza",
      "pizza",
      "grill",
      "grill",
      "grill",
      "grill",
      "pizza",
      "pizza",
      "grill"
    ]
  },
  "epeFzsUCjPeSnj6QjSa9So": {
    "question_id": "epeFzsUCjPeSnj6QjSa9So",
    "prediction": "curb",
    "actual": [
      "curb",
      "concrete",
      "ledge",
      "scatting board",
      "curb",
      "bench",
      "ramp",
      "curb",
      "platform",
      "curb"
    ]
  },
  "f5DyWHCeTdLVN7kHd8zguE": {
    "question_id": "f5DyWHCeTdLVN7kHd8zguE",
    "prediction": "rain",
    "actual": [
      "it's raining",
      "raining",
      "rain",
      "rainy day",
      "its raining",
      "raining",
      "raining",
      "rain",
      "rain",
      "raining"
    ]
  },
  "f8zgqNptbviU5cyJpQKege": {
    "question_id": "f8zgqNptbviU5cyJpQKege",
    "prediction": "laptop",
    "actual": [
      "laptop",
      "laptop",
      "laptop",
      "laptop",
      "laptop",
      "laptop",
      "laptop",
      "laptop",
      "laptop",
      "laptop"
    ]
  },
  "fANoeH2ASUFa5ZeVzBYwjF": {
    "question_id": "fANoeH2ASUFa5ZeVzBYwjF",
    "prediction": "eating",
    "actual": [
      "drinking water",
      "talking",
      "talking",
      "having meal",
      "eating",
      "socializing",
      "eating",
      "drinking",
      "eating",
      "typing"
    ]
  },
  "fBAFVnTtnpQ93wUBQAEC8L": {
    "question_id": "fBAFVnTtnpQ93wUBQAEC8L",
    "prediction": "clock",
    "actual": [
      "clock",
      "numbers",
      "clock",
      "clock",
      "clock",
      "clock",
      "clock",
      "clock",
      "clock",
      "clock"
    ]
  },
  "feGFfp3nMKyVUYRboCosh9": {
    "question_id": "feGFfp3nMKyVUYRboCosh9",
    "prediction": "fruits",
    "actual": [
      "fruits",
      "fruit",
      "food",
      "fruits vegetables",
      "fruits vegetables",
      "fruits",
      "fruits vegetables",
      "fruits",
      "fruits",
      "fruit"
    ]
  },
  "fgF7yNqEPZiNszHnQZKkxU": {
    "question_id": "fgF7yNqEPZiNszHnQZKkxU",
    "prediction": "glasses",
    "actual": [
      "hat",
      "glasses",
      "hats",
      "glasses",
      "glasses",
      "wearing glass",
      "glasses",
      "glasses",
      "glasses",
      "glasses"
    ]
  },
  "fjqDSmg3254rQUdBJujxZy": {
    "question_id": "fjqDSmg3254rQUdBJujxZy",
    "prediction": "europe",
    "actual": [
      "britain",
      "europe",
      "europe",
      "italy",
      "europe",
      "europe",
      "european",
      "europe",
      "europe",
      "europe"
    ]
  },
  "fpF5ZKeP3xrZCP58anLwra": {
    "question_id": "fpF5ZKeP3xrZCP58anLwra",
    "prediction": "banana",
    "actual": [
      "fruit",
      "banana",
      "banana",
      "banana",
      "banana",
      "banana",
      "banana",
      "banana",
      "banana",
      "banana"
    ]
  },
  "fpgzreGfZFZQjPFocePhFo": {
    "question_id": "fpgzreGfZFZQjPFocePhFo",
    "prediction": "snow",
    "actual": [
      "snow",
      "snow",
      "snow",
      "snow",
      "snow",
      "snow",
      "snow",
      "snow",
      "snow",
      "snow"
    ]
  },
  "gVpcdVA7d4t69Wgw9yS5d9": {
    "question_id": "gVpcdVA7d4t69Wgw9yS5d9",
    "prediction": "ball",
    "actual": [
      "ball",
      "tennis ball",
      "tennis ball",
      "ball",
      "tennis ball",
      "tennis ball",
      "tennis ball",
      "tennis ball",
      "tennis ball",
      "ball"
    ]
  },
  "gaHwkDQUiMLveSnrXFQMms": {
    "question_id": "gaHwkDQUiMLveSnrXFQMms",
    "prediction": "crosswalk",
    "actual": [
      "sidewalk",
      "crosswalk",
      "crosswalk",
      "crosswalk",
      "crosswalk",
      "corner",
      "intersection",
      "crosswalk",
      "green light",
      "crosswalk"
    ]
  },
  "geoznuKRiPX5hf2he5EgpS": {
    "question_id": "geoznuKRiPX5hf2he5EgpS",
    "prediction": "three",
    "actual": [
      "three",
      "three",
      "three",
      "three",
      "three",
      "three",
      "three",
      "three",
      "three",
      "three"
    ]
  },
  "hB2doqSEEeky2XNUEHdz79": {
    "question_id": "hB2doqSEEeky2XNUEHdz79",
    "prediction": "grass",
    "actual": [
      "grass",
      "grass",
      "grass",
      "grass",
      "grass",
      "grass",
      "grass",
      "field",
      "grass",
      "grass"
    ]
  },
  "hikczeyros8C4QajTVYThj": {
    "question_id": "hikczeyros8C4QajTVYThj",
    "prediction": "frisbee",
    "actual": [
      "frisbees",
      "frisbee",
      "frisbees",
      "frisbee",
      "frisbee",
      "frisbee",
      "frisbees",
      "frisbee",
      "frisbees",
      "frisbees"
    ]
  },
  "hnKD5XstcaNYe6tjb6vCPe": {
    "question_id": "hnKD5XstcaNYe6tjb6vCPe",
    "prediction": "office",
    "actual": [
      "office",
      "at desk",
      "office",
      "office",
      "office",
      "office",
      "at desk",
      "office",
      "office",
      "office"
    ]
  },
  "hrzBKUpTCF5Bp7uvJbjv9Z": {
    "question_id": "hrzBKUpTCF5Bp7uvJbjv9Z",
    "prediction": "purple",
    "actual": [
      "purple",
      "purple",
      "purple",
      "brown",
      "purple",
      "purple",
      "brown",
      "purple",
      "purple",
      "purple"
    ]
  },
  "i2ZhyTn4CzHyVxCjM6JFP5": {
    "question_id": "i2ZhyTn4CzHyVxCjM6JFP5",
    "prediction": "apples",
    "actual": [
      "apples",
      "apple",
      "apples",
      "apples",
      "apple",
      "apple",
      "apples",
      "fruit",
      "fruits",
      "apples"
    ]
  },
  "iEUBT5a5ajx5MR33EMkQVr": {
    "question_id": "iEUBT5a5ajx5MR33EMkQVr",
    "prediction": "boats",
    "actual": [
      "canoes",
      "boats",
      "boats",
      "canoes",
      "boat",
      "boats",
      "boat",
      "boats",
      "boats",
      "fishing boats"
    ]
  },
  "iepNGdTWvJFnPbHVTuKmLw": {
    "question_id": "iepNGdTWvJFnPbHVTuKmLw",
    "prediction": "sailboat",
    "actual": [
      "sailboats",
      "sailboat",
      "sailboat",
      "sailing vessel",
      "sailboat",
      "sail",
      "sail",
      "sailboat",
      "fishing",
      "sailboat"
    ]
  },
  "ioNZxNbwvEagLBwSYCmVkU": {
    "question_id": "ioNZxNbwvEagLBwSYCmVkU",
    "prediction": "pelican",
    "actual": [
      "stork",
      "pelican",
      "pelican",
      "pelican",
      "pelican",
      "flamingo",
      "pelican",
      "stork",
      "egrit",
      "ibis"
    ]
  },
  "j3G4tBe5ga2sVPS2yWYbFM": {
    "question_id": "j3G4tBe5ga2sVPS2yWYbFM",
    "prediction": "serve",
    "actual": [
      "return serve",
      "serve ball",
      "return serve",
      "serve",
      "hit ball",
      "catch",
      "serve",
      "serve",
      "return serve",
      "retrieve ball"
    ]
  },
  "j4usZ4NoJf62hcBq4GCBc7": {
    "question_id": "j4usZ4NoJf62hcBq4GCBc7",
    "prediction": "chinese",
    "actual": [
      "japanese",
      "chinese",
      "asian",
      "chinese",
      "asian",
      "stirfry",
      "chinese",
      "chinese",
      "chinese",
      "asian"
    ]
  },
  "j5j6LUEzw383spcNXi7XhT": {
    "question_id": "j5j6LUEzw383spcNXi7XhT",
    "prediction": "skateboard",
    "actual": [
      "skateboard",
      "skateboard",
      "skateboard",
      "ground",
      "ground",
      "skateboard",
      "skateboard",
      "skateboard",
      "skateboard",
      "skateboard"
    ]
  },
  "jQLQXdTab2NMEr4CHskSjQ": {
    "question_id": "jQLQXdTab2NMEr4CHskSjQ",
    "prediction": "motorcycle",
    "actual": [
      "moped",
      "motorcycle",
      "motorcycles",
      "motorcycle",
      "motorcycles",
      "motorcycles",
      "motorcycle",
      "motorcycles",
      "motorcycles",
      "motorcycle"
    ]
  },
  "jQjEGnnPzL4AVqfBAfHvjq": {
    "question_id": "jQjEGnnPzL4AVqfBAfHvjq",
    "prediction": "gym",
    "actual": [
      "basketball court",
      "gym",
      "gym",
      "gym",
      "indoor gym",
      "gym",
      "basketball court",
      "gymnasium",
      "gym",
      "gym"
    ]
  },
  "jVXbihURQxsHwkTVByGBKj": {
    "question_id": "jVXbihURQxsHwkTVByGBKj",
    "prediction": "surfboards",
    "actual": [
      "waves",
      "surfboards",
      "surfboards",
      "surfboards",
      "surfboard",
      "surf boards",
      "surfboard",
      "surf boards",
      "surfboards",
      "surf board"
    ]
  },
  "ja6pMKAxBoEM6Q9tvtsmMA": {
    "question_id": "ja6pMKAxBoEM6Q9tvtsmMA",
    "prediction": "metal",
    "actual": [
      "metal",
      "metal",
      "aluminum",
      "porcelain",
      "metal",
      "metal",
      "aluminum",
      "metal",
      "metal",
      "metal"
    ]
  },
  "jb2M9hwaHvK2itZac5i4tb": {
    "question_id": "jb2M9hwaHvK2itZac5i4tb",
    "prediction": "boats",
    "actual": [
      "marina docks",
      "marina",
      "boats",
      "boats",
      "marina",
      "docks",
      "docks",
      "boats",
      "pier",
      "port"
    ]
  },
  "jfuLWvGbtvRTnLYAPEE8pi": {
    "question_id": "jfuLWvGbtvRTnLYAPEE8pi",
    "prediction": "two",
    "actual": [
      "two",
      "two",
      "two",
      "two",
      "two",
      "two",
      "two",
      "two",
      "two",
      "two"
    ]
  },
  "jtqcU9Q9ToadtKDFM8p7mP": {
    "question_id": "jtqcU9Q9ToadtKDFM8p7mP",
    "prediction": "rice",
    "actual": [
      "fried rice",
      "fried rice",
      "cereal",
      "rice",
      "rice",
      "rice",
      "pasta",
      "rice",
      "egg rice",
      "rice"
    ]
  },
  "jyrnj3VZZGHVf5gYxzYmxA": {
    "question_id": "jyrnj3VZZGHVf5gYxzYmxA",
    "prediction": "wine tasting",
    "actual": [
      "wine tasting",
      "wine tasting",
      "wine gallery",
      "wine tasting",
      "tasting",
      "wine tasting",
      "wine tasting",
      "tasting",
      "wine tasting",
      "wine tasting"
    ]
  },
  "kHb4MjmU3bZTRY5qJSrZe7": {
    "question_id": "kHb4MjmU3bZTRY5qJSrZe7",
    "prediction": "forehand",
    "actual": [
      "backhand",
      "tennis",
      "tennis ball",
      "forehand",
      "right hand",
      "forehand",
      "forehand",
      "backhand",
      "swing",
      "forehand"
    ]
  },
  "kZWuYe4HefJH33d7GCb4Tk": {
    "question_id": "kZWuYe4HefJH33d7GCb4Tk",
    "prediction": "chinese",
    "actual": [
      "japanese",
      "chinese",
      "asian",
      "chinese",
      "asia",
      "chinese",
      "china",
      "chinese",
      "chinese food",
      "asian"
    ]
  },
  "kgUHGxPt2H4SrR5Nb9be44": {
    "question_id": "kgUHGxPt2H4SrR5Nb9be44",
    "prediction": "shirt",
    "actual": [
      "shirt",
      "sweater",
      "sweater",
      "shirt",
      "shirt",
      "shirt",
      "shirt",
      "shirt",
      "sweater",
      "shirt"
    ]
  },
  "kpuykmWTony3CofsE8S8Dt": {
    "question_id": "kpuykmWTony3CofsE8S8Dt",
    "prediction": "new york",
    "actual": [
      "new york",
      "nyc",
      "new york",
      "boston",
      "new york",
      "new york",
      "new york",
      "new york",
      "new york",
      "new york"
    ]
  },
  "m2mA48VKETDDYeJKgD5qSx": {
    "question_id": "m2mA48VKETDDYeJKgD5qSx",
    "prediction": "family",
    "actual": [
      "reunion",
      "potluck",
      "thanksgiving",
      "family",
      "family",
      "family gathering",
      "family",
      "holiday meal",
      "dinner",
      "family"
    ]
  },
  "m4BSqisXuHjv98qLTDT2NE": {
    "question_id": "m4BSqisXuHjv98qLTDT2NE",
    "prediction": "baking",
    "actual": [
      "cooking cakes",
      "baking",
      "baking cake",
      "cooking",
      "cooling rack",
      "cake",
      "baking",
      "cooking",
      "baking",
      "baking"
    ]
  },
  "mQ5TJVLswrNGGP3La64Erc": {
    "question_id": "mQ5TJVLswrNGGP3La64Erc",
    "prediction": "grazing",
    "actual": [
      "grazing",
      "eating",
      "feeding",
      "grazing",
      "grazing",
      "grazing",
      "grazing",
      "grazing",
      "grazing",
      "grazing"
    ]
  },
  "mcfejYn8zoagoF5VgNuR2F": {
    "question_id": "mcfejYn8zoagoF5VgNuR2F",
    "prediction": "red wine",
    "actual": [
      "wine",
      "wine",
      "red wine",
      "wine",
      "wine",
      "wine",
      "wine",
      "red wine",
      "wine",
      "red wine"
    ]
  },
  "n3EWd223KWajDuTgFCGZmw": {
    "question_id": "n3EWd223KWajDuTgFCGZmw",
    "prediction": "refrigerator",
    "actual": [
      "refrigerator",
      "fridge",
      "fridge",
      "fridge",
      "fridge",
      "fridge",
      "refrigerator",
      "fridge",
      "refrigerator",
      "fridge"
    ]
  },
  "nKwQobxEKFkMGtc8DcQ5Ju": {
    "question_id": "nKwQobxEKFkMGtc8DcQ5Ju",
    "prediction": "two",
    "actual": [
      "two",
      "two",
      "two",
      "two",
      "one",
      "two",
      "two",
      "two",
      "two",
      "two"
    ]
  },
  "nPTyUSa2BpdW7QXX7eKxpv": {
    "question_id": "nPTyUSa2BpdW7QXX7eKxpv",
    "prediction": "four",
    "actual": [
      "four",
      "four",
      "4837280",
      "four",
      "four",
      "four",
      "four",
      "four",
      "four",
      "four"
    ]
  },
  "nbKEZAsRQ7mimyjkQYFn6d": {
    "question_id": "nbKEZAsRQ7mimyjkQYFn6d",
    "prediction": "fire",
    "actual": [
      "fire",
      "fire department",
      "fire department",
      "fire department",
      "fire",
      "fire department",
      "fire department",
      "fire",
      "fire",
      "fire"
    ]
  },
  "nejsAgBentBTfKxMaELBsr": {
    "question_id": "nejsAgBentBTfKxMaELBsr",
    "prediction": "write",
    "actual": [
      "grade paper",
      "grade paper",
      "write",
      "write",
      "write",
      "write",
      "write",
      "write",
      "write",
      "grade paper"
    ]
  },
  "npMJUgqcniPJuZPEh7mP3t": {
    "question_id": "npMJUgqcniPJuZPEh7mP3t",
    "prediction": "boat",
    "actual": [
      "water",
      "water",
      "boat",
      "dock",
      "dock",
      "buoys",
      "boat",
      "boat",
      "ocean",
      "water"
    ]
  },
  "o7YUWt5CppEBSMU9tUszUZ": {
    "question_id": "o7YUWt5CppEBSMU9tUszUZ",
    "prediction": "rain",
    "actual": [
      "rain",
      "rainy day",
      "rainy day",
      "rainy day",
      "rain",
      "rain",
      "rain",
      "rain",
      "rain",
      "rain"
    ]
  },
  "o9UdSvT8pgAVAQCkm8XPdz": {
    "question_id": "o9UdSvT8pgAVAQCkm8XPdz",
    "prediction": "canal",
    "actual": [
      "river",
      "canal",
      "canal",
      "canal",
      "river",
      "canal",
      "canal",
      "river",
      "canal",
      "venice canal"
    ]
  },
  "oJD9cm8E2JFszgzyPjaVgn": {
    "question_id": "oJD9cm8E2JFszgzyPjaVgn",
    "prediction": "siblings",
    "actual": [
      "twins",
      "brothers",
      "twins",
      "siblings",
      "sisters",
      "siblings",
      "siblings",
      "siblings",
      "siblings",
      "siblings"
    ]
  },
  "QfzADtoknvheZQ3r9o4XWa": {
    "question_id": "QfzADtoknvheZQ3r9o4XWa",
    "prediction": "athletic",
    "actual": [
      "lean",
      "physique",
      "fit",
      "athletic",
      "slim",
      "slim",
      "in shape",
      "athletic",
      "scrawny lean",
      "athletic"
    ]
  },
  "b6kMEJD9bLnsJksyGqZgcR": {
    "question_id": "b6kMEJD9bLnsJksyGqZgcR",
    "prediction": "united states",
    "actual": [
      "united states",
      "united states",
      "america",
      "usa",
      "america",
      "united states",
      "united states",
      "united states",
      "usa",
      "usa"
    ]
  },
  "kGn5XFpkwvtJNrUnPLSzwm": {
    "question_id": "kGn5XFpkwvtJNrUnPLSzwm",
    "prediction": "umbrella",
    "actual": [
      "tent",
      "umbrella",
      "shadow",
      "t-hsirt",
      "umbrella",
      "umbrella",
      "umbrella",
      "umbrella",
      "umbrella",
      "shadow"
    ]
  },
  "n3q6CBsJfobMm4vAqMGi38": {
    "question_id": "n3q6CBsJfobMm4vAqMGi38",
    "prediction": "bagel",
    "actual": [
      "bagel",
      "bagel",
      "bagel",
      "bagel cheese",
      "cheese bagel",
      "bagel",
      "bagel",
      "bagel",
      "bread",
      "bagel"
    ]
  },
  "6GNHDAUJnk4GUrW6x4AJwF": {
    "question_id": "6GNHDAUJnk4GUrW6x4AJwF",
    "prediction": "grass",
    "actual": [
      "grass",
      "three zebras",
      "wild animals",
      "grass",
      "grassy ground",
      "forest",
      "grass",
      "running",
      "grass",
      "field"
    ]
  },
  "F8Df2XjGi87XQBkJNa79Ka": {
    "question_id": "F8Df2XjGi87XQBkJNa79Ka",
    "prediction": "bakery",
    "actual": [
      "cake cutting",
      "birthday cakes",
      "bakery",
      "cake",
      "bakery",
      "bakery",
      "organization",
      "bakery",
      "bakery",
      "rainbow"
    ]
  },
  "KGhKWAGTj6kUsxSUHDH8t5": {
    "question_id": "KGhKWAGTj6kUsxSUHDH8t5",
    "prediction": "candle",
    "actual": [
      "dishes tables",
      "corn",
      "eating",
      "cook",
      "candle",
      "candle",
      "candle",
      "dinning tablet",
      "candle",
      "candle"
    ]
  },
  "Kn65sKCZq6EBQWNdQB469p": {
    "question_id": "Kn65sKCZq6EBQWNdQB469p",
    "prediction": "banana",
    "actual": [
      "big bananas",
      "banana",
      "banana",
      "bananas",
      "banana",
      "banana shop",
      "banana",
      "banana",
      "banana",
      "banana"
    ]
  },
  "WwzDYpWLZsus6tMdSzVhWk": {
    "question_id": "WwzDYpWLZsus6tMdSzVhWk",
    "prediction": "catcher",
    "actual": [
      "catching",
      "catcher",
      "catcher",
      "catcher",
      "running",
      "catcher",
      "giove",
      "playing time",
      "tennis player",
      "catcher"
    ]
  },
  "cEtogP8bKLXGuFtxeEqkvZ": {
    "question_id": "cEtogP8bKLXGuFtxeEqkvZ",
    "prediction": "face",
    "actual": [
      "doll",
      "angry face",
      "water",
      "fire hydrant",
      "grump",
      "face",
      "person",
      "face",
      "yellow",
      "face"
    ]
  }
}