{
  "2Aq5RiEn7eyfWjEbpuYT2o": {
    "question_id": "2Aq5RiEn7eyfWjEbpuYT2o",
    "prediction": "thirty",
    "actual": "thirty"
  },
  "2C8riXpRLX3CyM5jDz23m7": {
    "question_id": "2C8riXpRLX3CyM5jDz23m7",
    "prediction": "icing",
    "actual": "icing"
  },
  "2DQex53EkNGH2cfo3WPuPn": {
    "question_id": "2DQex53EkNGH2cfo3WPuPn",
    "prediction": "mobile phone",
    "actual": "mobile phone"
  },
  "2GhdXLaZFBYHSip4rvYKfK": {
    "question_id": "2GhdXLaZFBYHSip4rvYKfK",
    "prediction": "devil",
    "actual": "devil"
  },
  "2LCLpdpD3yy2dgH5tQbcFe": {
    "question_id": "2LCLpdpD3yy2dgH5tQbcFe",
    "prediction": "drying hair",
    "actual": "drying hair"
  },
  "2N5sYXgyFqbDnuUhJFAWr5": {
    "question_id": "2N5sYXgyFqbDnuUhJFAWr5",
    "prediction": "crowded",
    "actual": "crowded"
  },
  "2RN4dwhRZR3ZSKHtRnJdX3": {
    "question_id": "2RN4dwhRZR3ZSKHtRnJdX3",
    "prediction": "united states",
    "actual": "united states"
  },
  "2oPzCyj5FjrKtBLjGZH2rF": {
    "question_id": "2oPzCyj5FjrKtBLjGZH2rF",
    "prediction": "american",
    "actual": "american"
  },
  "2rC38fZh4n6ZXcyrUEKukj": {
    "question_id": "2rC38fZh4n6ZXcyrUEKukj",
    "prediction": "books",
    "actual": "books"
  },
  "2wbNBVZMGZnVpYohDAed8d": {
    "question_id": "2wbNBVZMGZnVpYohDAed8d",
    "prediction": "date",
    "actual": "date"
  },
  "2xDeTCXSRqdhvREBDhHsMx": {
    "question_id": "2xDeTCXSRqdhvREBDhHsMx",
    "prediction": "fondant",
    "actual": "fondant"
  },
  "2xn24MrfJ2mLJC7xDBGUJA": {
    "question_id": "2xn24MrfJ2mLJC7xDBGUJA",
    "prediction": "chef",
    "actual": "chef"
  },
  "2yWyzYRyZuYH2ZB49WNACa": {
    "question_id": "2yWyzYRyZuYH2ZB49WNACa",
    "prediction": "frisbee",
    "actual": "frisbee"
  },
  "2zTqTkKqa89GUKLzMUkDic": {
    "question_id": "2zTqTkKqa89GUKLzMUkDic",
    "prediction": "human",
    "actual": "human"
  },
  "34ah8AmQenWUyH2fZvJH7a": {
    "question_id": "34ah8AmQenWUyH2fZvJH7a",
    "prediction": "ski resort",
    "actual": "ski resort"
  },
  "399Vdu2QjamF3vheUvbRg2": {
    "question_id": "399Vdu2QjamF3vheUvbRg2",
    "prediction": "air",
    "actual": "air"
  },
  "39CcpmwATuiwiZLZo3XMuv": {
    "question_id": "39CcpmwATuiwiZLZo3XMuv",
    "prediction": "down",
    "actual": "down"
  },
  "3R6SnZ4MRGXXvao5ARVE8e": {
    "question_id": "3R6SnZ4MRGXXvao5ARVE8e",
    "prediction": "air traffic",
    "actual": "air traffic"
  },
  "3cCvfCWnLfrmqYEaFzb2Xm": {
    "question_id": "3cCvfCWnLfrmqYEaFzb2Xm",
    "prediction": "street festival",
    "actual": "street festival"
  },
  "3echacwmLBUByWpjh85Mfv": {
    "question_id": "3echacwmLBUByWpjh85Mfv",
    "prediction": "white bag",
    "actual": "white bag"
  },
  "3ef8KXbKoJaJZyVmxVZMaq": {
    "question_id": "3ef8KXbKoJaJZyVmxVZMaq",
    "prediction": "happy birthday",
    "actual": "happy birthday"
  },
  "3qnvp3XRGpc5L6RMhRZ3gg": {
    "question_id": "3qnvp3XRGpc5L6RMhRZ3gg",
    "prediction": "shampoo conditioner",
    "actual": "shampoo conditioner"
  },
  "3zxLUD8FPcCLJWYsG7h2KY": {
    "question_id": "3zxLUD8FPcCLJWYsG7h2KY",
    "prediction": "domestic kitchen",
    "actual": "domestic kitchen"
  },
  "455nQuaxbURN5ofLfbCqfq": {
    "question_id": "455nQuaxbURN5ofLfbCqfq",
    "prediction": "savanna",
    "actual": "savanna"
  },
  "45ZJiwQ8E4sqUTyJSUzEN3": {
    "question_id": "45ZJiwQ8E4sqUTyJSUzEN3",
    "prediction": "steel",
    "actual": "steel"
  },
  "49CisPCc2LiA5TUAdHZgXe": {
    "question_id": "49CisPCc2LiA5TUAdHZgXe",
    "prediction": "dog",
    "actual": "dog"
  },
  "4BFN6MtJcaFzpccm3UwZva": {
    "question_id": "4BFN6MtJcaFzpccm3UwZva",
    "prediction": "bathroom",
    "actual": "bathroom"
  },
  "4FBqxbmT4zCDwWzm3gH7LY": {
    "question_id": "4FBqxbmT4zCDwWzm3gH7LY",
    "prediction": "meat",
    "actual": "meat"
  },
  "4HXTUJHey3SSzuoE66yHKi": {
    "question_id": "4HXTUJHey3SSzuoE66yHKi",
    "prediction": "tie dyed",
    "actual": "tie dyed"
  },
  "4PvLY9C3GyARH3WSGYbYFq": {
    "question_id": "4PvLY9C3GyARH3WSGYbYFq",
    "prediction": "asian",
    "actual": "asian"
  },
  "4UrYfZMUToiF5f7GK6eMaz": {
    "question_id": "4UrYfZMUToiF5f7GK6eMaz",
    "prediction": "visibility",
    "actual": "visibility"
  },
  "4YvFMFoDw46kzXhajSgc9W": {
    "question_id": "4YvFMFoDw46kzXhajSgc9W",
    "prediction": "to eat",
    "actual": "to eat"
  },
  "4Z7WvuLTj7VUpVtLL2W2g7": {
    "question_id": "4Z7WvuLTj7VUpVtLL2W2g7",
    "prediction": "bathroom",
    "actual": "bathroom"
  },
  "4iV8UfNJs7Wy6XAt9SHMVJ": {
    "question_id": "4iV8UfNJs7Wy6XAt9SHMVJ",
    "prediction": "bedroom",
    "actual": "bedroom"
  },
  "4jnshoBeGDGmRjspTuvr29": {
    "question_id": "4jnshoBeGDGmRjspTuvr29",
    "prediction": "dirt bikes",
    "actual": "dirt bikes"
  },
  "4mgcpzD4d6adkPQP7cxg54": {
    "question_id": "4mgcpzD4d6adkPQP7cxg54",
    "prediction": "new york",
    "actual": "new york"
  },
  "4wVv7CDVuQNaz7LLHDg89t": {
    "question_id": "4wVv7CDVuQNaz7LLHDg89t",
    "prediction": "bicycle",
    "actual": "bicycle"
  },
  "4yd2xqYxWenwSYEucHnNXR": {
    "question_id": "4yd2xqYxWenwSYEucHnNXR",
    "prediction": "france",
    "actual": "france"
  },
  "4yq3AnREQ4PP7MXMWvBb5a": {
    "question_id": "4yq3AnREQ4PP7MXMWvBb5a",
    "prediction": "christmas",
    "actual": "christmas"
  },
  "5LTzpByXwsWGViYAXqiVEX": {
    "question_id": "5LTzpByXwsWGViYAXqiVEX",
    "prediction": "tennis balls",
    "actual": "tennis balls"
  },
  "5NysKUokKJcrFfUcBbr9Vo": {
    "question_id": "5NysKUokKJcrFfUcBbr9Vo",
    "prediction": "crashing",
    "actual": "crashing"
  },
  "5Re4MQxw5XwLbQQzqQVZcV": {
    "question_id": "5Re4MQxw5XwLbQQzqQVZcV",
    "prediction": "soup",
    "actual": "soup"
  },
  "5S32A279iAfRetbkeWJd77": {
    "question_id": "5S32A279iAfRetbkeWJd77",
    "prediction": "two-wheeler",
    "actual": "two-wheeler"
  },
  "5SgmGLJtR47rB539V4Jwt6": {
    "question_id": "5SgmGLJtR47rB539V4Jwt6",
    "prediction": "visibility",
    "actual": "visibility"
  },
  "5aRkxnYoakzDQFyDGb9qJ2": {
    "question_id": "5aRkxnYoakzDQFyDGb9qJ2",
    "prediction": "jessica biel",
    "actual": "jessica biel"
  },
  "5fDUuYWCZMudfXVEPywFYc": {
    "question_id": "5fDUuYWCZMudfXVEPywFYc",
    "prediction": "maria sharapova",
    "actual": "maria sharapova"
  },
  "5gQSkSh2eK3ZZ8bEyweBiA": {
    "question_id": "5gQSkSh2eK3ZZ8bEyweBiA",
    "prediction": "travel",
    "actual": "travel"
  },
  "64o6jMUzFmawogFAYnhNoh": {
    "question_id": "64o6jMUzFmawogFAYnhNoh",
    "prediction": "camouflage",
    "actual": "camouflage"
  },
  "64yPpMFbTw3CnmTULYZWTp": {
    "question_id": "64yPpMFbTw3CnmTULYZWTp",
    "prediction": "paris",
    "actual": "paris"
  },
  "66abRGQG535WgzgU5Ue9ru": {
    "question_id": "66abRGQG535WgzgU5Ue9ru",
    "prediction": "home",
    "actual": "home"
  },
  "6EzruBdkEgwx74NmrhoyBV": {
    "question_id": "6EzruBdkEgwx74NmrhoyBV",
    "prediction": "clock",
    "actual": "clock"
  },
  "6FKSZrTS9wzHwnKasBSfdP": {
    "question_id": "6FKSZrTS9wzHwnKasBSfdP",
    "prediction": "dipping",
    "actual": "dipping"
  },
  "6J2yw53YiEDoNpMSt9mSsC": {
    "question_id": "6J2yw53YiEDoNpMSt9mSsC",
    "prediction": "meeting",
    "actual": "meeting"
  },
  "6LfBvcynQvD7BaU3CCvfNG": {
    "question_id": "6LfBvcynQvD7BaU3CCvfNG",
    "prediction": "building",
    "actual": "building"
  },
  "6Ps8BgA4pbvK4eKToCDQqu": {
    "question_id": "6Ps8BgA4pbvK4eKToCDQqu",
    "prediction": "fireplace",
    "actual": "fireplace"
  },
  "6Qf2MxVMdHGnxrEZ3xGn7Q": {
    "question_id": "6Qf2MxVMdHGnxrEZ3xGn7Q",
    "prediction": "raining",
    "actual": "raining"
  },
  "6QuPF6pNBjs3DEXQh4AQt4": {
    "question_id": "6QuPF6pNBjs3DEXQh4AQt4",
    "prediction": "to eat",
    "actual": "to eat"
  },
  "6SYTPwk8BEHMp486oLsFgw": {
    "question_id": "6SYTPwk8BEHMp486oLsFgw",
    "prediction": "new york",
    "actual": "new york"
  },
  "6YyPKdGwhA3LJkUpL3p9F6": {
    "question_id": "6YyPKdGwhA3LJkUpL3p9F6",
    "prediction": "skating",
    "actual": "skating"
  },
  "6bXnCzchqyDdBZcBGGNbmm": {
    "question_id": "6bXnCzchqyDdBZcBGGNbmm",
    "prediction": "commercial",
    "actual": "commercial"
  },
  "6kpEuXnXz4ghWMLLBcRjmf": {
    "question_id": "6kpEuXnXz4ghWMLLBcRjmf",
    "prediction": "parking",
    "actual": "parking"
  },
  "6nV6KKMbWYsw8Rv9Sw7k2N": {
    "question_id": "6nV6KKMbWYsw8Rv9Sw7k2N",
    "prediction": "xena",
    "actual": "xena"
  },
  "6pTSACKywJKkVRa7WGmzKe": {
    "question_id": "6pTSACKywJKkVRa7WGmzKe",
    "prediction": "green",
    "actual": "green"
  },
  "6phsfhJ9iw5j6nYTpVBd9A": {
    "question_id": "6phsfhJ9iw5j6nYTpVBd9A",
    "prediction": "grandparents",
    "actual": "grandparents"
  },
  "6vnibNuMQyy5nWAxNEGTgj": {
    "question_id": "6vnibNuMQyy5nWAxNEGTgj",
    "prediction": "alcohol",
    "actual": "alcohol"
  },
  "6xTMCHe4ABbm6NDntoEkLJ": {
    "question_id": "6xTMCHe4ABbm6NDntoEkLJ",
    "prediction": "palm tree",
    "actual": "palm tree"
  },
  "73ixwXaUcqfgsJYLzCABWC": {
    "question_id": "73ixwXaUcqfgsJYLzCABWC",
    "prediction": "kite",
    "actual": "kite"
  },
  "74CMNF7KTeAFsXza5GJLGb": {
    "question_id": "74CMNF7KTeAFsXza5GJLGb",
    "prediction": "school",
    "actual": "school"
  },
  "767TWXi3wYjFiBX3YXyMuU": {
    "question_id": "767TWXi3wYjFiBX3YXyMuU",
    "prediction": "frosting",
    "actual": "frosting"
  },
  "79yRxKFXwWZZiCBAHtJqeE": {
    "question_id": "79yRxKFXwWZZiCBAHtJqeE",
    "prediction": "twentieth",
    "actual": "twentieth"
  },
  "7DWnTRkU9e86XMwb7QqxYd": {
    "question_id": "7DWnTRkU9e86XMwb7QqxYd",
    "prediction": "grill",
    "actual": "grill"
  },
  "7Hndh7JzZ7BizC4XDSV5Z5": {
    "question_id": "7Hndh7JzZ7BizC4XDSV5Z5",
    "prediction": "housecat",
    "actual": "housecat"
  },
  "7L2zGA6XFJrPCfLJCwBrww": {
    "question_id": "7L2zGA6XFJrPCfLJCwBrww",
    "prediction": "grazing",
    "actual": "grazing"
  },
  "7NXz8t4QzQWvJzpHqfPzRw": {
    "question_id": "7NXz8t4QzQWvJzpHqfPzRw",
    "prediction": "spectating",
    "actual": "spectating"
  },
  "7NxakvvZZEHKsh8MbNHHvz": {
    "question_id": "7NxakvvZZEHKsh8MbNHHvz",
    "prediction": "mason jar",
    "actual": "mason jar"
  },
  "7RjA6a3CFR8w5fVRc8Arji": {
    "question_id": "7RjA6a3CFR8w5fVRc8Arji",
    "prediction": "vegetarian",
    "actual": "vegetarian"
  },
  "7ViVwUt2pnJxqcZoeTc4TR": {
    "question_id": "7ViVwUt2pnJxqcZoeTc4TR",
    "prediction": "bananas",
    "actual": "bananas"
  },
  "7YTajnBGjXEmwuYjmsXsdX": {
    "question_id": "7YTajnBGjXEmwuYjmsXsdX",
    "prediction": "disneyland",
    "actual": "disneyland"
  },
  "7hKGdKpiEqfqB8dEeAw9hu": {
    "question_id": "7hKGdKpiEqfqB8dEeAw9hu",
    "prediction": "rain",
    "actual": "rain"
  },
  "7pAKkw446jdqTk9peDKjyY": {
    "question_id": "7pAKkw446jdqTk9peDKjyY",
    "prediction": "basement",
    "actual": "basement"
  },
  "7xotSD89TZKNHK4rMZLzfo": {
    "question_id": "7xotSD89TZKNHK4rMZLzfo",
    "prediction": "aquatic",
    "actual": "aquatic"
  },
  "82bLyanbdDeEq6mkVa3YGM": {
    "question_id": "82bLyanbdDeEq6mkVa3YGM",
    "prediction": "usa",
    "actual": "usa"
  },
  "859iiHHEi5eRJHipVattDU": {
    "question_id": "859iiHHEi5eRJHipVattDU",
    "prediction": "tennis",
    "actual": "tennis"
  },
  "8HQ9sy9TdK4XZffkkhmtRW": {
    "question_id": "8HQ9sy9TdK4XZffkkhmtRW",
    "prediction": "tusks",
    "actual": "tusks"
  },
  "8KFq64eMdw4qeAp2JXe96r": {
    "question_id": "8KFq64eMdw4qeAp2JXe96r",
    "prediction": "waiting room",
    "actual": "waiting room"
  },
  "8KqQoveNzvvZSgxxPeepUY": {
    "question_id": "8KqQoveNzvvZSgxxPeepUY",
    "prediction": "red bus",
    "actual": "red bus"
  },
  "8LVHUcGX7daYbXPh59c8pW": {
    "question_id": "8LVHUcGX7daYbXPh59c8pW",
    "prediction": "airplane",
    "actual": "airplane"
  },
  "8MMdCgrej5iBZ7PitRYrt3": {
    "question_id": "8MMdCgrej5iBZ7PitRYrt3",
    "prediction": "suitcase",
    "actual": "suitcase"
  },
  "8PZriuWuwokXCriqVBZwSJ": {
    "question_id": "8PZriuWuwokXCriqVBZwSJ",
    "prediction": "train tracks",
    "actual": "train tracks"
  },
  "8Q69Bei8UReA69MSuQAcLT": {
    "question_id": "8Q69Bei8UReA69MSuQAcLT",
    "prediction": "picture",
    "actual": "picture"
  },
  "8R6BwQYURjKQu4FPYr8TpL": {
    "question_id": "8R6BwQYURjKQu4FPYr8TpL",
    "prediction": "seattle",
    "actual": "seattle"
  },
  "8RDETmscMEEsHh6Sbekaa6": {
    "question_id": "8RDETmscMEEsHh6Sbekaa6",
    "prediction": "smiling",
    "actual": "smiling"
  },
  "8SzR5UpGtrsFWoxheZ9SkE": {
    "question_id": "8SzR5UpGtrsFWoxheZ9SkE",
    "prediction": "nintendo wii",
    "actual": "nintendo wii"
  },
  "8vnLAkEcA5mAC66h59f4dE": {
    "question_id": "8vnLAkEcA5mAC66h59f4dE",
    "prediction": "absolutely no",
    "actual": "absolutely no"
  },
  "8vzpRWS6dDNrFCouzebMm9": {
    "question_id": "8vzpRWS6dDNrFCouzebMm9",
    "prediction": "nintendo wii",
    "actual": "nintendo wii"
  },
  "99Ra8z27K9FLU2u5acKAqp": {
    "question_id": "99Ra8z27K9FLU2u5acKAqp",
    "prediction": "rail",
    "actual": "rail"
  },
  "99VEZ5bvSGBLWtkpJiAAXg": {
    "question_id": "99VEZ5bvSGBLWtkpJiAAXg",
    "prediction": "eating",
    "actual": "eating"
  },
  "9Fvp6un9Bh9va6z5nz9k74": {
    "question_id": "9Fvp6un9Bh9va6z5nz9k74",
    "prediction": "commercial",
    "actual": "commercial"
  },
  "9HoQP5bpke2rstGjD8AG7Y": {
    "question_id": "9HoQP5bpke2rstGjD8AG7Y",
    "prediction": "stove/oven",
    "actual": "stove/oven"
  },
  "9PZxoQZCdEn8VijhqTfENe": {
    "question_id": "9PZxoQZCdEn8VijhqTfENe",
    "prediction": "fork",
    "actual": "fork"
  },
  "9TJtRYnGa8xr8CF67M5Mof": {
    "question_id": "9TJtRYnGa8xr8CF67M5Mof",
    "prediction": "cats",
    "actual": "cats"
  },
  "9VR7RNoJkVj6AWsYtwpDz7": {
    "question_id": "9VR7RNoJkVj6AWsYtwpDz7",
    "prediction": "nutritionist",
    "actual": "nutritionist"
  },
  "9ZB4WcL9Sbo3L6ZPkaqzKY": {
    "question_id": "9ZB4WcL9Sbo3L6ZPkaqzKY",
    "prediction": "three",
    "actual": "three"
  },
  "9d7StqUZPtRBbHjSDFwwqa": {
    "question_id": "9d7StqUZPtRBbHjSDFwwqa",
    "prediction": "classmates",
    "actual": "classmates"
  },
  "9fX9oZHdEtHPfWbHi4BhwA": {
    "question_id": "9fX9oZHdEtHPfWbHi4BhwA",
    "prediction": "coke",
    "actual": "coke"
  },
  "9m5dBgT3PJrhWRCDg9ee2z": {
    "question_id": "9m5dBgT3PJrhWRCDg9ee2z",
    "prediction": "passenger",
    "actual": "passenger"
  },
  "9mBjXaxYD4jzJptHzwbeYW": {
    "question_id": "9mBjXaxYD4jzJptHzwbeYW",
    "prediction": "paper",
    "actual": "paper"
  },
  "9sqHw3RioVzmBGcxbMqBDM": {
    "question_id": "9sqHw3RioVzmBGcxbMqBDM",
    "prediction": "brown",
    "actual": "brown"
  },
  "9wkHkHDXGGtbJwvLAcXSVs": {
    "question_id": "9wkHkHDXGGtbJwvLAcXSVs",
    "prediction": "toaster",
    "actual": "toaster"
  },
  "A2uU9gQWJp8Z3LJePdL9u8": {
    "question_id": "A2uU9gQWJp8Z3LJePdL9u8",
    "prediction": "japanese",
    "actual": "japanese"
  },
  "A7MATFYMiNxpWLN7ucoWmS": {
    "question_id": "A7MATFYMiNxpWLN7ucoWmS",
    "prediction": "basement",
    "actual": "basement"
  },
  "ACMY4KCmBjXQNimvG4dJhA": {
    "question_id": "ACMY4KCmBjXQNimvG4dJhA",
    "prediction": "four",
    "actual": "four"
  },
  "AGorRcu8xFxfMHzdj6nxuV": {
    "question_id": "AGorRcu8xFxfMHzdj6nxuV",
    "prediction": "air",
    "actual": "air"
  },
  "AHYLVWQ4whMVkWeDJiisi9": {
    "question_id": "AHYLVWQ4whMVkWeDJiisi9",
    "prediction": "beach",
    "actual": "beach"
  },
  "AJvjHZ5SF3hD6C3eYniXsc": {
    "question_id": "AJvjHZ5SF3hD6C3eYniXsc",
    "prediction": "farming",
    "actual": "farming"
  },
  "ANKUidMb7wYYN6GuJ8eERw": {
    "question_id": "ANKUidMb7wYYN6GuJ8eERw",
    "prediction": "fridge",
    "actual": "fridge"
  },
  "APKEVGn8hXAWmsWYxQQukD": {
    "question_id": "APKEVGn8hXAWmsWYxQQukD",
    "prediction": "sun",
    "actual": "sun"
  },
  "AR5jScMLqmYDjzmKHxKzMT": {
    "question_id": "AR5jScMLqmYDjzmKHxKzMT",
    "prediction": "holiday dinner",
    "actual": "holiday dinner"
  },
  "AXvcbZSCWScQ9hb4hjB4si": {
    "question_id": "AXvcbZSCWScQ9hb4hjB4si",
    "prediction": "spiderman",
    "actual": "spiderman"
  },
  "AYNy264QNVzJ6rgeCkW4SU": {
    "question_id": "AYNy264QNVzJ6rgeCkW4SU",
    "prediction": "throw ball",
    "actual": "throw ball"
  },
  "AhrmUB8LFNXLkpiLGaaAuY": {
    "question_id": "AhrmUB8LFNXLkpiLGaaAuY",
    "prediction": "reach",
    "actual": "reach"
  },
  "AiqztJZtJ4dNX7XYnu8rYU": {
    "question_id": "AiqztJZtJ4dNX7XYnu8rYU",
    "prediction": "cow",
    "actual": "cow"
  },
  "AvkwREzm6e6NBB6ERwG4ws": {
    "question_id": "AvkwREzm6e6NBB6ERwG4ws",
    "prediction": "wimbledon",
    "actual": "wimbledon"
  },
  "B725pHrrknZKDAqoLBjeof": {
    "question_id": "B725pHrrknZKDAqoLBjeof",
    "prediction": "apple",
    "actual": "apple"
  },
  "BNpoJaz9Qu7KQ87FoFfRab": {
    "question_id": "BNpoJaz9Qu7KQ87FoFfRab",
    "prediction": "plowing",
    "actual": "plowing"
  },
  "BPPnGELjMEGtrmqgkrBt6V": {
    "question_id": "BPPnGELjMEGtrmqgkrBt6V",
    "prediction": "bakery",
    "actual": "bakery"
  },
  "BQYQHxqKeExvS6GyHbBLjJ": {
    "question_id": "BQYQHxqKeExvS6GyHbBLjJ",
    "prediction": "airport",
    "actual": "airport"
  },
  "BSZ9GqpZWjmXRxdbn5nTjf": {
    "question_id": "BSZ9GqpZWjmXRxdbn5nTjf",
    "prediction": "kite",
    "actual": "kite"
  },
  "BSgG9C63esRw6W3Tw6rBbu": {
    "question_id": "BSgG9C63esRw6W3Tw6rBbu",
    "prediction": "skateboard",
    "actual": "skateboard"
  },
  "BhVeP3bxgcP5SjZLEfrm9y": {
    "question_id": "BhVeP3bxgcP5SjZLEfrm9y",
    "prediction": "snowboarding",
    "actual": "snowboarding"
  },
  "Bp5VwMuky5fXJPzp54X6XE": {
    "question_id": "Bp5VwMuky5fXJPzp54X6XE",
    "prediction": "restaurant",
    "actual": "restaurant"
  },
  "Bq4zFDne6edPRs7sBBMEad": {
    "question_id": "Bq4zFDne6edPRs7sBBMEad",
    "prediction": "oranges",
    "actual": "oranges"
  },
  "CKj2DmTDPa2HMKUvU9d6RN": {
    "question_id": "CKj2DmTDPa2HMKUvU9d6RN",
    "prediction": "vespa",
    "actual": "vespa"
  },
  "CMPt5xfqSyHQoFockxCWux": {
    "question_id": "CMPt5xfqSyHQoFockxCWux",
    "prediction": "rain",
    "actual": "rain"
  },
  "CQ7rcUkY5B9MZfB9yoU6ei": {
    "question_id": "CQ7rcUkY5B9MZfB9yoU6ei",
    "prediction": "underground",
    "actual": "underground"
  },
  "CTrTbwL2BtnQqY9vjiEiFF": {
    "question_id": "CTrTbwL2BtnQqY9vjiEiFF",
    "prediction": "wine",
    "actual": "wine"
  },
  "CTzwocs3uGc2GjPFZG425g": {
    "question_id": "CTzwocs3uGc2GjPFZG425g",
    "prediction": "britain",
    "actual": "britain"
  },
  "Ce788SudmyHCPCCvyXs2kW": {
    "question_id": "Ce788SudmyHCPCCvyXs2kW",
    "prediction": "osaka",
    "actual": "osaka"
  },
  "CjTrsVaGpA8tU9gav5uAkC": {
    "question_id": "CjTrsVaGpA8tU9gav5uAkC",
    "prediction": "flower",
    "actual": "flower"
  },
  "CrTrpTaqCFB2AYxne8FFyw": {
    "question_id": "CrTrpTaqCFB2AYxne8FFyw",
    "prediction": "motorcycle",
    "actual": "motorcycle"
  },
  "Cy5KPSnpjZdbRiQsbPug95": {
    "question_id": "Cy5KPSnpjZdbRiQsbPug95",
    "prediction": "barn",
    "actual": "barn"
  },
  "D2nH9ADi8U2ATp3ryKnDvb": {
    "question_id": "D2nH9ADi8U2ATp3ryKnDvb",
    "prediction": "chariot racing",
    "actual": "chariot racing"
  },
  "D6DfPGuGowm35cTuQhvw4s": {
    "question_id": "D6DfPGuGowm35cTuQhvw4s",
    "prediction": "horse",
    "actual": "horse"
  },
  "D6q9dXSUpTBgDkWi7e7dYS": {
    "question_id": "D6q9dXSUpTBgDkWi7e7dYS",
    "prediction": "banana split",
    "actual": "banana split"
  },
  "DKLAWnnRuvz8p7UrHGzQzK": {
    "question_id": "DKLAWnnRuvz8p7UrHGzQzK",
    "prediction": "airport",
    "actual": "airport"
  },
  "DR94rYWve8KwpGjAtovqZt": {
    "question_id": "DR94rYWve8KwpGjAtovqZt",
    "prediction": "spiderman",
    "actual": "spiderman"
  },
  "DRLyePKKPxvXEDiKygRjjt": {
    "question_id": "DRLyePKKPxvXEDiKygRjjt",
    "prediction": "little league",
    "actual": "little league"
  },
  "DX4bBD5XMPxQuu3hqWAdDW": {
    "question_id": "DX4bBD5XMPxQuu3hqWAdDW",
    "prediction": "weight",
    "actual": "weight"
  },
  "DbTAWKt7kZTzG8Xsa36K6R": {
    "question_id": "DbTAWKt7kZTzG8Xsa36K6R",
    "prediction": "food",
    "actual": "food"
  },
  "DhYoususnAa6GHBnV7UkZ7": {
    "question_id": "DhYoususnAa6GHBnV7UkZ7",
    "prediction": "keyboard",
    "actual": "keyboard"
  },
  "DwKTiqQxFH5Ei2cQGR3Y9U": {
    "question_id": "DwKTiqQxFH5Ei2cQGR3Y9U",
    "prediction": "wok",
    "actual": "wok"
  },
  "DxR6agStFKhyFqTSYRUgPa": {
    "question_id": "DxR6agStFKhyFqTSYRUgPa",
    "prediction": "wearing uniform",
    "actual": "wearing uniform"
  },
  "E6oDJ9maBhuvp2wvnBXfCH": {
    "question_id": "E6oDJ9maBhuvp2wvnBXfCH",
    "prediction": "peeler",
    "actual": "peeler"
  },
  "E6vGrKzLTzqabYt55Ksc2N": {
    "question_id": "E6vGrKzLTzqabYt55Ksc2N",
    "prediction": "absolutely no",
    "actual": "absolutely no"
  },
  "E7LafAUEeJM9NiMjemXwRW": {
    "question_id": "E7LafAUEeJM9NiMjemXwRW",
    "prediction": "zebra",
    "actual": "zebra"
  },
  "E9JLQaGpyoZudcYaQCrzvA": {
    "question_id": "E9JLQaGpyoZudcYaQCrzvA",
    "prediction": "desk",
    "actual": "desk"
  },
  "E9Tea7kyCg7eW4bPeT5W83": {
    "question_id": "E9Tea7kyCg7eW4bPeT5W83",
    "prediction": "beer",
    "actual": "beer"
  },
  "EAHmczQURaep8SJkvhYCje": {
    "question_id": "EAHmczQURaep8SJkvhYCje",
    "prediction": "fence",
    "actual": "fence"
  },
  "EAWGdocBoaqPxLQuJ3UJb6": {
    "question_id": "EAWGdocBoaqPxLQuJ3UJb6",
    "prediction": "fall-winter",
    "actual": "fall-winter"
  },
  "ETucTwACABQrgrZujBsiQq": {
    "question_id": "ETucTwACABQrgrZujBsiQq",
    "prediction": "forehand",
    "actual": "forehand"
  },
  "ETvPS6xXYPupruZTU3pf3F": {
    "question_id": "ETvPS6xXYPupruZTU3pf3F",
    "prediction": "intersection",
    "actual": "intersection"
  },
  "EtRReER5fXmbnTmQTzM7Di": {
    "question_id": "EtRReER5fXmbnTmQTzM7Di",
    "prediction": "room",
    "actual": "room"
  },
  "F5CqqWCtosWowj39Kchh9E": {
    "question_id": "F5CqqWCtosWowj39Kchh9E",
    "prediction": "domestic pet",
    "actual": "domestic pet"
  },
  "F92aSsSv7ZAtXnGBVREhqq": {
    "question_id": "F92aSsSv7ZAtXnGBVREhqq",
    "prediction": "breakfast",
    "actual": "breakfast"
  },
  "FCACCnmERAWpKikUkfc5jV": {
    "question_id": "FCACCnmERAWpKikUkfc5jV",
    "prediction": "white",
    "actual": "white"
  },
  "FCXFfhVqdfimMXqx3Vx8b5": {
    "question_id": "FCXFfhVqdfimMXqx3Vx8b5",
    "prediction": "zebra",
    "actual": "zebra"
  },
  "FDVQDJDFkV3tWkfTvrnAFy": {
    "question_id": "FDVQDJDFkV3tWkfTvrnAFy",
    "prediction": "lighting",
    "actual": "lighting"
  },
  "FFw7axjcwgXQxHygov52fm": {
    "question_id": "FFw7axjcwgXQxHygov52fm",
    "prediction": "skateboard",
    "actual": "skateboard"
  },
  "FG6kmHCaikmwGGpw9RhpSD": {
    "question_id": "FG6kmHCaikmwGGpw9RhpSD",
    "prediction": "employee",
    "actual": "employee"
  },
  "FQuJEPNnrznkjkvyN4UbUR": {
    "question_id": "FQuJEPNnrznkjkvyN4UbUR",
    "prediction": "new york",
    "actual": "new york"
  },
  "FWFywCJZaAGVJa2FAuwqyP": {
    "question_id": "FWFywCJZaAGVJa2FAuwqyP",
    "prediction": "polo",
    "actual": "polo"
  },
  "FWokXQxyNdSctoKKriQTqh": {
    "question_id": "FWokXQxyNdSctoKKriQTqh",
    "prediction": "rain",
    "actual": "rain"
  },
  "FWxu3Lu6FiTr37WCUXdKM9": {
    "question_id": "FWxu3Lu6FiTr37WCUXdKM9",
    "prediction": "selfie",
    "actual": "selfie"
  },
  "Fah5Jtkg728bXGLKKjgwjV": {
    "question_id": "Fah5Jtkg728bXGLKKjgwjV",
    "prediction": "sports car",
    "actual": "sports car"
  },
  "Fg53NYDDkdBe9AAbXNb5df": {
    "question_id": "Fg53NYDDkdBe9AAbXNb5df",
    "prediction": "bicycle",
    "actual": "bicycle"
  },
  "Fq7RXZuYTk7pKt4gf6Fvm4": {
    "question_id": "Fq7RXZuYTk7pKt4gf6Fvm4",
    "prediction": "to catch",
    "actual": "to catch"
  },
  "Fr2NzFhfutw8k7CpoAGnW8": {
    "question_id": "Fr2NzFhfutw8k7CpoAGnW8",
    "prediction": "two",
    "actual": "two"
  },
  "G7durJhNy8kAYScbWXjvyQ": {
    "question_id": "G7durJhNy8kAYScbWXjvyQ",
    "prediction": "ranch",
    "actual": "ranch"
  },
  "GDYFtTMthQh2SHrVrKvynR": {
    "question_id": "GDYFtTMthQh2SHrVrKvynR",
    "prediction": "balls",
    "actual": "balls"
  },
  "GGnMBYFpNz6ukDqFQ7Cdgx": {
    "question_id": "GGnMBYFpNz6ukDqFQ7Cdgx",
    "prediction": "cross",
    "actual": "cross"
  },
  "GYERWEzeTRB8TqAZXguSbG": {
    "question_id": "GYERWEzeTRB8TqAZXguSbG",
    "prediction": "rain protection",
    "actual": "rain protection"
  },
  "GaMNX53oAdZUoytgminHKh": {
    "question_id": "GaMNX53oAdZUoytgminHKh",
    "prediction": "grey",
    "actual": "grey"
  },
  "Gd2FCTGcKM4yuJrprWpsyp": {
    "question_id": "Gd2FCTGcKM4yuJrprWpsyp",
    "prediction": "cement",
    "actual": "cement"
  },
  "GfXMvDmY2rQYcnA8kLrFvf": {
    "question_id": "GfXMvDmY2rQYcnA8kLrFvf",
    "prediction": "sneakers",
    "actual": "sneakers"
  },
  "GhbDi6TH7F8tykDJvovapH": {
    "question_id": "GhbDi6TH7F8tykDJvovapH",
    "prediction": "time lapse",
    "actual": "time lapse"
  },
  "GhbJVpKaUP7PmgNUiwq2VA": {
    "question_id": "GhbJVpKaUP7PmgNUiwq2VA",
    "prediction": "green",
    "actual": "green"
  },
  "GkrGRjhVED6WinovPED8iZ": {
    "question_id": "GkrGRjhVED6WinovPED8iZ",
    "prediction": "statues",
    "actual": "statues"
  },
  "GoBun4WYj2oK6vRihjfEGv": {
    "question_id": "GoBun4WYj2oK6vRihjfEGv",
    "prediction": "red wine",
    "actual": "red wine"
  },
  "GrkdG8hexJX5weRDGtgQNj": {
    "question_id": "GrkdG8hexJX5weRDGtgQNj",
    "prediction": "cruise",
    "actual": "cruise"
  },
  "GuEXoRNmgAED6SJqUXtHhA": {
    "question_id": "GuEXoRNmgAED6SJqUXtHhA",
    "prediction": "cow",
    "actual": "cow"
  },
  "GzEbcQExF4cHmrhk7rdnce": {
    "question_id": "GzEbcQExF4cHmrhk7rdnce",
    "prediction": "nintendo wii",
    "actual": "nintendo wii"
  },
  "H4vJVSnFkLQaJVgHbJSVob": {
    "question_id": "H4vJVSnFkLQaJVgHbJSVob",
    "prediction": "to transport",
    "actual": "to transport"
  },
  "H5BWeWuYriU6bmUwUPKtGE": {
    "question_id": "H5BWeWuYriU6bmUwUPKtGE",
    "prediction": "glass",
    "actual": "glass"
  },
  "H7Pz5njX8cDqfXoLU546ym": {
    "question_id": "H7Pz5njX8cDqfXoLU546ym",
    "prediction": "stroud uk",
    "actual": "stroud uk"
  },
  "H7QnkgRHJJYQpjyyG3Szfc": {
    "question_id": "H7QnkgRHJJYQpjyyG3Szfc",
    "prediction": "handle",
    "actual": "handle"
  },
  "H84RC5rtsFPxCmNS27jbHf": {
    "question_id": "H84RC5rtsFPxCmNS27jbHf",
    "prediction": "smoke",
    "actual": "smoke"
  },
  "H8KBdToKYoc2D9GPVE6mds": {
    "question_id": "H8KBdToKYoc2D9GPVE6mds",
    "prediction": "newsboy",
    "actual": "newsboy"
  },
  "H8bbnrXJwvzCPyGsK48h8c": {
    "question_id": "H8bbnrXJwvzCPyGsK48h8c",
    "prediction": "conference room",
    "actual": "conference room"
  },
  "HJsZ5ZgnFUZ4Sik8UzeCYY": {
    "question_id": "HJsZ5ZgnFUZ4Sik8UzeCYY",
    "prediction": "left",
    "actual": "left"
  },
  "HM4obw9fQyb3aPheZjgtqq": {
    "question_id": "HM4obw9fQyb3aPheZjgtqq",
    "prediction": "visibility",
    "actual": "visibility"
  },
  "HRRChNRZfHh9JRVSVaZvt7": {
    "question_id": "HRRChNRZfHh9JRVSVaZvt7",
    "prediction": "oven",
    "actual": "oven"
  },
  "HdyKrZXRwibeYWRs8Qnkhe": {
    "question_id": "HdyKrZXRwibeYWRs8Qnkhe",
    "prediction": "ham",
    "actual": "ham"
  },
  "HmwKHh89ZFtLUWCExGKoLw": {
    "question_id": "HmwKHh89ZFtLUWCExGKoLw",
    "prediction": "hello",
    "actual": "hello"
  },
  "J4WUAZW5eUveUgDRSq3r7y": {
    "question_id": "J4WUAZW5eUveUgDRSq3r7y",
    "prediction": "four",
    "actual": "four"
  },
  "JCLA7VcpiUFhSr4WfS22EA": {
    "question_id": "JCLA7VcpiUFhSr4WfS22EA",
    "prediction": "daytime",
    "actual": "daytime"
  },
  "JJmTumn8HhCZdb6sNWftWr": {
    "question_id": "JJmTumn8HhCZdb6sNWftWr",
    "prediction": "green",
    "actual": "green"
  },
  "JK2iuDmUfAfGyyNaUnWZgK": {
    "question_id": "JK2iuDmUfAfGyyNaUnWZgK",
    "prediction": "fish eye",
    "actual": "fish eye"
  },
  "JKfRNnyDQBfsZrkokU8uQa": {
    "question_id": "JKfRNnyDQBfsZrkokU8uQa",
    "prediction": "air",
    "actual": "air"
  },
  "JLeJRnVgCAQDSxhnN2LLGU": {
    "question_id": "JLeJRnVgCAQDSxhnN2LLGU",
    "prediction": "donut",
    "actual": "donut"
  },
  "JTUjHvTpxRzo2TtJWiCzUy": {
    "question_id": "JTUjHvTpxRzo2TtJWiCzUy",
    "prediction": "herd sheep",
    "actual": "herd sheep"
  },
  "JTpPkML3VmfSm8yQwMycuL": {
    "question_id": "JTpPkML3VmfSm8yQwMycuL",
    "prediction": "playful",
    "actual": "playful"
  },
  "Jo6cB9daaqeW3nwSc3Sv6E": {
    "question_id": "Jo6cB9daaqeW3nwSc3Sv6E",
    "prediction": "giraffe",
    "actual": "giraffe"
  },
  "JuxtrucqNyPwRLsANkhiRw": {
    "question_id": "JuxtrucqNyPwRLsANkhiRw",
    "prediction": "asian",
    "actual": "asian"
  },
  "JzruB6ybwPgmhZ5euNweVS": {
    "question_id": "JzruB6ybwPgmhZ5euNweVS",
    "prediction": "cellular",
    "actual": "cellular"
  },
  "K4hCLffyy8Lq3xuDXr4Tue": {
    "question_id": "K4hCLffyy8Lq3xuDXr4Tue",
    "prediction": "sherriff",
    "actual": "sherriff"
  },
  "KA3cQWXpQhyGmzPKC9d7jv": {
    "question_id": "KA3cQWXpQhyGmzPKC9d7jv",
    "prediction": "playing baseball",
    "actual": "playing baseball"
  },
  "KDt9uiMSWXdfqZg8DkfQYP": {
    "question_id": "KDt9uiMSWXdfqZg8DkfQYP",
    "prediction": "sleep",
    "actual": "sleep"
  },
  "KMYPv55YgBCMho3xHBu4GM": {
    "question_id": "KMYPv55YgBCMho3xHBu4GM",
    "prediction": "canada",
    "actual": "canada"
  },
  "KSBuivjEvKXo6nskDiHPRK": {
    "question_id": "KSBuivjEvKXo6nskDiHPRK",
    "prediction": "ice cream",
    "actual": "ice cream"
  },
  "KULnaCXEwqsqxdegDzQRjT": {
    "question_id": "KULnaCXEwqsqxdegDzQRjT",
    "prediction": "three",
    "actual": "three"
  },
  "KYHbG5z9mj4H4dAJbzLuQ4": {
    "question_id": "KYHbG5z9mj4H4dAJbzLuQ4",
    "prediction": "dress",
    "actual": "dress"
  },
  "KatNcK2tJQ8nr2oasRaXoD": {
    "question_id": "KatNcK2tJQ8nr2oasRaXoD",
    "prediction": "run",
    "actual": "run"
  },
  "Kg2epvxdD43djHjdN3HBEw": {
    "question_id": "Kg2epvxdD43djHjdN3HBEw",
    "prediction": "market",
    "actual": "market"
  },
  "KpXGPyoqZUqo76FaqZuNXF": {
    "question_id": "KpXGPyoqZUqo76FaqZuNXF",
    "prediction": "hotel",
    "actual": "hotel"
  },
  "KtndapoEif4gqUGbYMKim6": {
    "question_id": "KtndapoEif4gqUGbYMKim6",
    "prediction": "baseball",
    "actual": "baseball"
  },
  "KxDzK3TmVjHrd7PVRGf6AP": {
    "question_id": "KxDzK3TmVjHrd7PVRGf6AP",
    "prediction": "cutting food",
    "actual": "cutting food"
  },
  "LGdv7ZFDA5bxdGaYw5XSLZ": {
    "question_id": "LGdv7ZFDA5bxdGaYw5XSLZ",
    "prediction": "camouflage",
    "actual": "camouflage"
  },
  "LHVciAWegjMeYHxTjEpTPc": {
    "question_id": "LHVciAWegjMeYHxTjEpTPc",
    "prediction": "beach",
    "actual": "beach"
  },
  "LJ4sDDbqD2hawGCiejEBpQ": {
    "question_id": "LJ4sDDbqD2hawGCiejEBpQ",
    "prediction": "chairlift",
    "actual": "chairlift"
  },
  "LWHhV7yq9EbPQXgaXmYEXk": {
    "question_id": "LWHhV7yq9EbPQXgaXmYEXk",
    "prediction": "sunset",
    "actual": "sunset"
  },
  "LYvkz5jUWHpZYkZ8VhxESf": {
    "question_id": "LYvkz5jUWHpZYkZ8VhxESf",
    "prediction": "to rest",
    "actual": "to rest"
  },
  "LaVtN4tgwqXPxzoGfKPQjg": {
    "question_id": "LaVtN4tgwqXPxzoGfKPQjg",
    "prediction": "peapod",
    "actual": "peapod"
  },
  "LduCAeBABsAgiTkxMrytDf": {
    "question_id": "LduCAeBABsAgiTkxMrytDf",
    "prediction": "olive oil",
    "actual": "olive oil"
  },
  "LnBiYuXmqeyEHsquVemheo": {
    "question_id": "LnBiYuXmqeyEHsquVemheo",
    "prediction": "drink",
    "actual": "drink"
  },
  "M24oDREQRXZxbPHeX82hTm": {
    "question_id": "M24oDREQRXZxbPHeX82hTm",
    "prediction": "eat",
    "actual": "eat"
  },
  "M3UwocoRkLnvoEsrqhUrRZ": {
    "question_id": "M3UwocoRkLnvoEsrqhUrRZ",
    "prediction": "cart",
    "actual": "cart"
  },
  "M3yABkFk8uMPsVkecGAnZR": {
    "question_id": "M3yABkFk8uMPsVkecGAnZR",
    "prediction": "stir",
    "actual": "stir"
  },
  "M46zwhVtTDuYcfKTvw5Bsk": {
    "question_id": "M46zwhVtTDuYcfKTvw5Bsk",
    "prediction": "balls",
    "actual": "balls"
  },
  "M4bEQ9vKhFhuWXb9nEf76d": {
    "question_id": "M4bEQ9vKhFhuWXb9nEf76d",
    "prediction": "eating",
    "actual": "eating"
  },
  "M7GYpdBrUzhDxznbhPebAi": {
    "question_id": "M7GYpdBrUzhDxznbhPebAi",
    "prediction": "red stripe",
    "actual": "red stripe"
  },
  "MAH3KC3SWvoTum6Ja75hB3": {
    "question_id": "MAH3KC3SWvoTum6Ja75hB3",
    "prediction": "two",
    "actual": "two"
  },
  "MAPPrc68FM8HwQsJHE6W2q": {
    "question_id": "MAPPrc68FM8HwQsJHE6W2q",
    "prediction": "race",
    "actual": "race"
  },
  "MFcz9WFowTCRnWEpVdEfiJ": {
    "question_id": "MFcz9WFowTCRnWEpVdEfiJ",
    "prediction": "snow",
    "actual": "snow"
  },
  "MLS7svNqmdHua7qB2dvKuq": {
    "question_id": "MLS7svNqmdHua7qB2dvKuq",
    "prediction": "wimbledon",
    "actual": "wimbledon"
  },
  "MMgmqJzM4kBYppdQX5f3gL": {
    "question_id": "MMgmqJzM4kBYppdQX5f3gL",
    "prediction": "england",
    "actual": "england"
  },
  "MYWA3eAGfavXR4ehMz22fV": {
    "question_id": "MYWA3eAGfavXR4ehMz22fV",
    "prediction": "to race",
    "actual": "to race"
  },
  "MdawSWWcrGZdyq4yMLZRMN": {
    "question_id": "MdawSWWcrGZdyq4yMLZRMN",
    "prediction": "sidewalk",
    "actual": "sidewalk"
  },
  "MgwZ9gzpwfp2xz2oGjemMc": {
    "question_id": "MgwZ9gzpwfp2xz2oGjemMc",
    "prediction": "camera lens",
    "actual": "camera lens"
  },
  "MiavLRSwBYJp9ooFkFHjv6": {
    "question_id": "MiavLRSwBYJp9ooFkFHjv6",
    "prediction": "vegetarians",
    "actual": "vegetarians"
  },
  "MtpJjmnfFfb8pD3fpbvCTq": {
    "question_id": "MtpJjmnfFfb8pD3fpbvCTq",
    "prediction": "crossing street",
    "actual": "crossing street"
  },
  "MvjdGpXqcdaADbsGwjo2Bm": {
    "question_id": "MvjdGpXqcdaADbsGwjo2Bm",
    "prediction": "ski poles",
    "actual": "ski poles"
  },
  "NDUEeMTroLKXs44BF3Z56m": {
    "question_id": "NDUEeMTroLKXs44BF3Z56m",
    "prediction": "soda",
    "actual": "soda"
  },
  "NMaWJvLKEHntrF2zNxigMq": {
    "question_id": "NMaWJvLKEHntrF2zNxigMq",
    "prediction": "body surf",
    "actual": "body surf"
  },
  "NYcTJoQKwAGgyi4FB5gAt8": {
    "question_id": "NYcTJoQKwAGgyi4FB5gAt8",
    "prediction": "to travel",
    "actual": "to travel"
  },
  "NmKj6PbaycvbudUKgRzibs": {
    "question_id": "NmKj6PbaycvbudUKgRzibs",
    "prediction": "home",
    "actual": "home"
  },
  "NsLGudV3NNLiYhGjCqbw78": {
    "question_id": "NsLGudV3NNLiYhGjCqbw78",
    "prediction": "laughing",
    "actual": "laughing"
  },
  "NtLrgnLvk747vSc3scsUHn": {
    "question_id": "NtLrgnLvk747vSc3scsUHn",
    "prediction": "knight",
    "actual": "knight"
  },
  "NvwixocPuSU8e4uyGqdY9X": {
    "question_id": "NvwixocPuSU8e4uyGqdY9X",
    "prediction": "bathroom",
    "actual": "bathroom"
  },
  "NxB3LACrQbQmimYNePAYyK": {
    "question_id": "NxB3LACrQbQmimYNePAYyK",
    "prediction": "relax",
    "actual": "relax"
  },
  "NzFEWXcTYWqgrRXUnqVK6h": {
    "question_id": "NzFEWXcTYWqgrRXUnqVK6h",
    "prediction": "gift",
    "actual": "gift"
  },
  "P4cavrtzjFu5Ur3DCjn6YK": {
    "question_id": "P4cavrtzjFu5Ur3DCjn6YK",
    "prediction": "sightseeing rides",
    "actual": "sightseeing rides"
  },
  "P4kW6QHjRQjrDBY2YdCNxg": {
    "question_id": "P4kW6QHjRQjrDBY2YdCNxg",
    "prediction": "cross street",
    "actual": "cross street"
  },
  "P6oCrLWLEpt8yyJ6x9AbAd": {
    "question_id": "P6oCrLWLEpt8yyJ6x9AbAd",
    "prediction": "cologne germany",
    "actual": "cologne germany"
  },
  "P849UYcdPdpuMhsTCbyCuu": {
    "question_id": "P849UYcdPdpuMhsTCbyCuu",
    "prediction": "jockeys",
    "actual": "jockeys"
  },
  "P8dF9URdgyA2NX7Na7Cc2K": {
    "question_id": "P8dF9URdgyA2NX7Na7Cc2K",
    "prediction": "coffee maker",
    "actual": "coffee maker"
  },
  "PPGK4QYUUdYhLhBKKfPCp3": {
    "question_id": "PPGK4QYUUdYhLhBKKfPCp3",
    "prediction": "pottery",
    "actual": "pottery"
  },
  "PPGegcRPeAJZ58gfYTUAZH": {
    "question_id": "PPGegcRPeAJZ58gfYTUAZH",
    "prediction": "roadside stand",
    "actual": "roadside stand"
  },
  "PR3YdLbDHdwHNJENygZqBa": {
    "question_id": "PR3YdLbDHdwHNJENygZqBa",
    "prediction": "warm",
    "actual": "warm"
  },
  "PSBwpAo47YDwimGuqy75Pm": {
    "question_id": "PSBwpAo47YDwimGuqy75Pm",
    "prediction": "four",
    "actual": "four"
  },
  "PSyBiDyNfASh3NPty6sGVq": {
    "question_id": "PSyBiDyNfASh3NPty6sGVq",
    "prediction": "getting married",
    "actual": "getting married"
  },
  "PXXkdGKz45qtjq76Scf9Hj": {
    "question_id": "PXXkdGKz45qtjq76Scf9Hj",
    "prediction": "airport",
    "actual": "airport"
  },
  "PazMPafpzhf5zWhAzzfKG9": {
    "question_id": "PazMPafpzhf5zWhAzzfKG9",
    "prediction": "fighter jets",
    "actual": "fighter jets"
  },
  "PbFfJju4rM4x4PzP9E3dmq": {
    "question_id": "PbFfJju4rM4x4PzP9E3dmq",
    "prediction": "bartender",
    "actual": "bartender"
  },
  "PceZftPFbFZ7xbF3urpTvL": {
    "question_id": "PceZftPFbFZ7xbF3urpTvL",
    "prediction": "two",
    "actual": "two"
  },
  "Pgr2EjnVJiyNjUnPs2qgkg": {
    "question_id": "Pgr2EjnVJiyNjUnPs2qgkg",
    "prediction": "curiosity",
    "actual": "curiosity"
  },
  "PmWMsFgyX6apXWit2Z87aj": {
    "question_id": "PmWMsFgyX6apXWit2Z87aj",
    "prediction": "magazine",
    "actual": "magazine"
  },
  "PrbWUDZrELd3nWMbQ72MSD": {
    "question_id": "PrbWUDZrELd3nWMbQ72MSD",
    "prediction": "badminton",
    "actual": "badminton"
  },
  "PvkdPe2rHmCnyKrzoFjrgy": {
    "question_id": "PvkdPe2rHmCnyKrzoFjrgy",
    "prediction": "sitting",
    "actual": "sitting"
  },
  "Px66AnBiMseHFPF94hYP93": {
    "question_id": "Px66AnBiMseHFPF94hYP93",
    "prediction": "dhalsim",
    "actual": "dhalsim"
  },
  "Q5hfYjQnaxng9vg7QmEqa5": {
    "question_id": "Q5hfYjQnaxng9vg7QmEqa5",
    "prediction": "siblings",
    "actual": "siblings"
  },
  "Q7cdndwDheQypkx5d6WvbN": {
    "question_id": "Q7cdndwDheQypkx5d6WvbN",
    "prediction": "clown",
    "actual": "clown"
  },
  "Q8qrsK2VxVXdM3LRKyhi5U": {
    "question_id": "Q8qrsK2VxVXdM3LRKyhi5U",
    "prediction": "coach",
    "actual": "coach"
  },
  "QBfzUChLwDv8fW2akWWDxP": {
    "question_id": "QBfzUChLwDv8fW2akWWDxP",
    "prediction": "board",
    "actual": "board"
  },
  "QJvRFzyGr6FEDrTqLohf7D": {
    "question_id": "QJvRFzyGr6FEDrTqLohf7D",
    "prediction": "fire hydrants",
    "actual": "fire hydrants"
  },
  "QKSFmfG3S2PeXAuucEHUam": {
    "question_id": "QKSFmfG3S2PeXAuucEHUam",
    "prediction": "tokyo",
    "actual": "tokyo"
  },
  "QXpLwCmcjZXSBHQULTdAXu": {
    "question_id": "QXpLwCmcjZXSBHQULTdAXu",
    "prediction": "icing",
    "actual": "icing"
  },
  "QaNQeaARotkH69bbZmrpuA": {
    "question_id": "QaNQeaARotkH69bbZmrpuA",
    "prediction": "glass",
    "actual": "glass"
  },
  "QgbaJEnafjdsdWx5ReQAPn": {
    "question_id": "QgbaJEnafjdsdWx5ReQAPn",
    "prediction": "magnetic force",
    "actual": "magnetic force"
  },
  "QjpYU2U32pH2dPpPoDEreR": {
    "question_id": "QjpYU2U32pH2dPpPoDEreR",
    "prediction": "sailboat",
    "actual": "sailboat"
  },
  "Qpu4P46aupMV73vp2wmEGk": {
    "question_id": "Qpu4P46aupMV73vp2wmEGk",
    "prediction": "bar",
    "actual": "bar"
  },
  "QsW8sBQzRc4Zsxds7WwTJ7": {
    "question_id": "QsW8sBQzRc4Zsxds7WwTJ7",
    "prediction": "backyard",
    "actual": "backyard"
  },
  "Qv49BJttrdU8moobFFSe58": {
    "question_id": "Qv49BJttrdU8moobFFSe58",
    "prediction": "poles",
    "actual": "poles"
  },
  "R5zKF5LPj53tXkChG4Mq7M": {
    "question_id": "R5zKF5LPj53tXkChG4Mq7M",
    "prediction": "bicycle",
    "actual": "bicycle"
  },
  "R6NkFiXvj9TEor6T66JJmM": {
    "question_id": "R6NkFiXvj9TEor6T66JJmM",
    "prediction": "sisters",
    "actual": "sisters"
  },
  "R9V95LVNMqbNuxcHhqktUJ": {
    "question_id": "R9V95LVNMqbNuxcHhqktUJ",
    "prediction": "chess",
    "actual": "chess"
  },
  "RFYFh4DWWiKWEQZW6uR4Uh": {
    "question_id": "RFYFh4DWWiKWEQZW6uR4Uh",
    "prediction": "athlete",
    "actual": "athlete"
  },
  "RHuE3kjsrxziVFTSuHGQTD": {
    "question_id": "RHuE3kjsrxziVFTSuHGQTD",
    "prediction": "horse",
    "actual": "horse"
  },
  "ReDe96f2774vpupY23aBCH": {
    "question_id": "ReDe96f2774vpupY23aBCH",
    "prediction": "pete rose",
    "actual": "pete rose"
  },
  "RhZ5i6awC44Si9nVyCzBst": {
    "question_id": "RhZ5i6awC44Si9nVyCzBst",
    "prediction": "pulling it",
    "actual": "pulling it"
  },
  "RktS7Pmjx4EvyCUjQB5TSr": {
    "question_id": "RktS7Pmjx4EvyCUjQB5TSr",
    "prediction": "mousepad",
    "actual": "mousepad"
  },
  "RrQ48CMWPTgqsvg2K4P7eR": {
    "question_id": "RrQ48CMWPTgqsvg2K4P7eR",
    "prediction": "crouch",
    "actual": "crouch"
  },
  "RwpxKDcMF2E4fdhCjCJNEN": {
    "question_id": "RwpxKDcMF2E4fdhCjCJNEN",
    "prediction": "eat",
    "actual": "eat"
  },
  "S2UN3nzSfNpeyBMH2GUyCk": {
    "question_id": "S2UN3nzSfNpeyBMH2GUyCk",
    "prediction": "plane",
    "actual": "plane"
  },
  "S5T6eMemksb6hVpMnB8hYf": {
    "question_id": "S5T6eMemksb6hVpMnB8hYf",
    "prediction": "school",
    "actual": "school"
  },
  "SA8eYDyzQYZXZRykahrGmf": {
    "question_id": "SA8eYDyzQYZXZRykahrGmf",
    "prediction": "left hand",
    "actual": "left hand"
  },
  "SDfSmLAeRRq77jeB3mdieQ": {
    "question_id": "SDfSmLAeRRq77jeB3mdieQ",
    "prediction": "sleeping bag",
    "actual": "sleeping bag"
  },
  "SgSpH9dKik4F3kZ9pu2EbH": {
    "question_id": "SgSpH9dKik4F3kZ9pu2EbH",
    "prediction": "donuts",
    "actual": "donuts"
  },
  "Sk8wJePwpdzCXP4WzjbGdu": {
    "question_id": "Sk8wJePwpdzCXP4WzjbGdu",
    "prediction": "reading",
    "actual": "reading"
  },
  "SpnBQjkqymWyZ5gEzPTwKu": {
    "question_id": "SpnBQjkqymWyZ5gEzPTwKu",
    "prediction": "cow",
    "actual": "cow"
  },
  "SsQakUmPuH7a7w6tvHfNjc": {
    "question_id": "SsQakUmPuH7a7w6tvHfNjc",
    "prediction": "table",
    "actual": "table"
  },
  "Su4RjX7NpuDbXwjPMBxq9g": {
    "question_id": "Su4RjX7NpuDbXwjPMBxq9g",
    "prediction": "buses",
    "actual": "buses"
  },
  "SvWosPQqsqcUBDy2Jzg4hr": {
    "question_id": "SvWosPQqsqcUBDy2Jzg4hr",
    "prediction": "for shade",
    "actual": "for shade"
  },
  "SwkgX6iwJ3do4mFyGFad4H": {
    "question_id": "SwkgX6iwJ3do4mFyGFad4H",
    "prediction": "spatula",
    "actual": "spatula"
  },
  "T4VcxwB778ZJZ8ggDRcct6": {
    "question_id": "T4VcxwB778ZJZ8ggDRcct6",
    "prediction": "clouds",
    "actual": "clouds"
  },
  "T9KmhNREm5oz68KpHDp4jR": {
    "question_id": "T9KmhNREm5oz68KpHDp4jR",
    "prediction": "person",
    "actual": "person"
  },
  "TAKCfAy3yDzuEtuq994hdn": {
    "question_id": "TAKCfAy3yDzuEtuq994hdn",
    "prediction": "groom",
    "actual": "groom"
  },
  "TAwFJVcYrztESePxFhSyAt": {
    "question_id": "TAwFJVcYrztESePxFhSyAt",
    "prediction": "ball",
    "actual": "ball"
  },
  "TU3Jt6U4vLxsHp26fpMWW8": {
    "question_id": "TU3Jt6U4vLxsHp26fpMWW8",
    "prediction": "charcuterie",
    "actual": "charcuterie"
  },
  "TWyAuHgJjHojJL8osH3VPw": {
    "question_id": "TWyAuHgJjHojJL8osH3VPw",
    "prediction": "sold",
    "actual": "sold"
  },
  "Tbna5Srgt6Jbg8hgADabX7": {
    "question_id": "Tbna5Srgt6Jbg8hgADabX7",
    "prediction": "white",
    "actual": "white"
  },
  "TgSTm8wMoywwfop8P7MVSd": {
    "question_id": "TgSTm8wMoywwfop8P7MVSd",
    "prediction": "dry",
    "actual": "dry"
  },
  "TgnxoGn2URnSnsnWhniwQ9": {
    "question_id": "TgnxoGn2URnSnsnWhniwQ9",
    "prediction": "dogs",
    "actual": "dogs"
  },
  "TifwtbdMUHyamphGv5h8ke": {
    "question_id": "TifwtbdMUHyamphGv5h8ke",
    "prediction": "north bergen",
    "actual": "north bergen"
  },
  "TorF8s9TxEizB8N2ETkwc7": {
    "question_id": "TorF8s9TxEizB8N2ETkwc7",
    "prediction": "boarding",
    "actual": "boarding"
  },
  "U3vN2kLcHwnX4WfdNGnvxW": {
    "question_id": "U3vN2kLcHwnX4WfdNGnvxW",
    "prediction": "sea",
    "actual": "sea"
  },
  "U5Z3AUf3R9VcDqTFDLGt2c": {
    "question_id": "U5Z3AUf3R9VcDqTFDLGt2c",
    "prediction": "asia",
    "actual": "asia"
  },
  "ULATNnxK9NEPMyLLPjSbDs": {
    "question_id": "ULATNnxK9NEPMyLLPjSbDs",
    "prediction": "japanese",
    "actual": "japanese"
  },
  "ULSq2sLPjbuZY3B2Z6mYjb": {
    "question_id": "ULSq2sLPjbuZY3B2Z6mYjb",
    "prediction": "eat food",
    "actual": "eat food"
  },
  "UPhByDxcyegyWfhgbrkTZD": {
    "question_id": "UPhByDxcyegyWfhgbrkTZD",
    "prediction": "cell phone",
    "actual": "cell phone"
  },
  "US64WDYHmJ3UBhFuwDmcWM": {
    "question_id": "US64WDYHmJ3UBhFuwDmcWM",
    "prediction": "police officer",
    "actual": "police officer"
  },
  "UUjWA8SQGxcai53mEXndiA": {
    "question_id": "UUjWA8SQGxcai53mEXndiA",
    "prediction": "churning water",
    "actual": "churning water"
  },
  "UVVFCjjDrqyaKa34tF54pS": {
    "question_id": "UVVFCjjDrqyaKa34tF54pS",
    "prediction": "entryway",
    "actual": "entryway"
  },
  "UXBfDe6BkYdbApxVPSdmVo": {
    "question_id": "UXBfDe6BkYdbApxVPSdmVo",
    "prediction": "yogurt",
    "actual": "yogurt"
  },
  "UXR5X7hqtMs7BPFyniqscB": {
    "question_id": "UXR5X7hqtMs7BPFyniqscB",
    "prediction": "snow boarding",
    "actual": "snow boarding"
  },
  "UYqcgLGSbQXzeDLUj6rZej": {
    "question_id": "UYqcgLGSbQXzeDLUj6rZej",
    "prediction": "tusk",
    "actual": "tusk"
  },
  "UcdDMTu4br8uyQPYPQxgo6": {
    "question_id": "UcdDMTu4br8uyQPYPQxgo6",
    "prediction": "east asia",
    "actual": "east asia"
  },
  "UcsK83RofE8rYDQoLmWhwK": {
    "question_id": "UcsK83RofE8rYDQoLmWhwK",
    "prediction": "car wash",
    "actual": "car wash"
  },
  "UdzPZ8vzkJg3Bp2pMQP5f2": {
    "question_id": "UdzPZ8vzkJg3Bp2pMQP5f2",
    "prediction": "goose",
    "actual": "goose"
  },
  "UkRTVsdAmDo7qV28T2qKzs": {
    "question_id": "UkRTVsdAmDo7qV28T2qKzs",
    "prediction": "touring band",
    "actual": "touring band"
  },
  "UkgASD3jXFSiGpwBf8Nf5y": {
    "question_id": "UkgASD3jXFSiGpwBf8Nf5y",
    "prediction": "parking spaces",
    "actual": "parking spaces"
  },
  "UuYwpccc3LhURGU3XWuW7i": {
    "question_id": "UuYwpccc3LhURGU3XWuW7i",
    "prediction": "doorway",
    "actual": "doorway"
  },
  "Uv8wsVRaJmguTknDUJBCXS": {
    "question_id": "Uv8wsVRaJmguTknDUJBCXS",
    "prediction": "canadian geese",
    "actual": "canadian geese"
  },
  "VF8AXcb7aXEHcTu4ZWtQf6": {
    "question_id": "VF8AXcb7aXEHcTu4ZWtQf6",
    "prediction": "restaurant",
    "actual": "restaurant"
  },
  "VPtWDzT5r9wYAo4xWxHy97": {
    "question_id": "VPtWDzT5r9wYAo4xWxHy97",
    "prediction": "donald duck",
    "actual": "donald duck"
  },
  "VSvCeQz6PNuzX6hYisMLe4": {
    "question_id": "VSvCeQz6PNuzX6hYisMLe4",
    "prediction": "sitting",
    "actual": "sitting"
  },
  "VWfKcAKJSwowZ7bGBCTpc6": {
    "question_id": "VWfKcAKJSwowZ7bGBCTpc6",
    "prediction": "elderly man",
    "actual": "elderly man"
  },
  "VXA5FfMXfSByVYECxCwcR2": {
    "question_id": "VXA5FfMXfSByVYECxCwcR2",
    "prediction": "grilled",
    "actual": "grilled"
  },
  "VZPbBERyU2LCkuew7SrWaw": {
    "question_id": "VZPbBERyU2LCkuew7SrWaw",
    "prediction": "20-30 years",
    "actual": "20-30 years"
  },
  "VZg6oeEVpweNk9fihBXS8m": {
    "question_id": "VZg6oeEVpweNk9fihBXS8m",
    "prediction": "checkerboard",
    "actual": "checkerboard"
  },
  "Va5KLsXWHujm6DtfGdHssS": {
    "question_id": "Va5KLsXWHujm6DtfGdHssS",
    "prediction": "afternoon",
    "actual": "afternoon"
  },
  "VdepsSMSGD3FJyBybbLsFD": {
    "question_id": "VdepsSMSGD3FJyBybbLsFD",
    "prediction": "exercise",
    "actual": "exercise"
  },
  "VdwJzCL5W2Sfytj5sRWhvV": {
    "question_id": "VdwJzCL5W2Sfytj5sRWhvV",
    "prediction": "eat left-handed",
    "actual": "eat left-handed"
  },
  "VeQ4KEc2qHLZTXoPaHX4sy": {
    "question_id": "VeQ4KEc2qHLZTXoPaHX4sy",
    "prediction": "ski racing",
    "actual": "ski racing"
  },
  "VgxPdtgxpLKqHGCvaCyHcC": {
    "question_id": "VgxPdtgxpLKqHGCvaCyHcC",
    "prediction": "overpass",
    "actual": "overpass"
  },
  "VnvcXjkeZTbMsRfQZwQXUF": {
    "question_id": "VnvcXjkeZTbMsRfQZwQXUF",
    "prediction": "reading",
    "actual": "reading"
  },
  "VnzsUW53NRP8HWxzudb4wB": {
    "question_id": "VnzsUW53NRP8HWxzudb4wB",
    "prediction": "jeep",
    "actual": "jeep"
  },
  "VohghyPSQCmFdnNQD2FntC": {
    "question_id": "VohghyPSQCmFdnNQD2FntC",
    "prediction": "track",
    "actual": "track"
  },
  "VsmuTZR6c3jEmk2x73KvRf": {
    "question_id": "VsmuTZR6c3jEmk2x73KvRf",
    "prediction": "cricket",
    "actual": "cricket"
  },
  "W3BhSzei6UhVZbxEqQYt5Y": {
    "question_id": "W3BhSzei6UhVZbxEqQYt5Y",
    "prediction": "motorcycle",
    "actual": "motorcycle"
  },
  "W9SuEnjPaJ2SReannrgG2Y": {
    "question_id": "W9SuEnjPaJ2SReannrgG2Y",
    "prediction": "plowing fields",
    "actual": "plowing fields"
  },
  "W9gwHYkWiZQ9fTUbF6rJUt": {
    "question_id": "W9gwHYkWiZQ9fTUbF6rJUt",
    "prediction": "australia",
    "actual": "australia"
  },
  "WC8XQmunFHgUyN44J9vNQu": {
    "question_id": "WC8XQmunFHgUyN44J9vNQu",
    "prediction": "rail",
    "actual": "rail"
  },
  "WCss8XpjKYENCSuFCSKUz8": {
    "question_id": "WCss8XpjKYENCSuFCSKUz8",
    "prediction": "orange",
    "actual": "orange"
  },
  "WHkq5C8BiaowwnmsHGAxgf": {
    "question_id": "WHkq5C8BiaowwnmsHGAxgf",
    "prediction": "cheese",
    "actual": "cheese"
  },
  "WRniXpa5KWfR7D85cwFASi": {
    "question_id": "WRniXpa5KWfR7D85cwFASi",
    "prediction": "nintendo wii",
    "actual": "nintendo wii"
  },
  "WT3fLQWr4Wnj9LaQJ68rri": {
    "question_id": "WT3fLQWr4Wnj9LaQJ68rri",
    "prediction": "park",
    "actual": "park"
  },
  "WdswpNeyj4t9nbTqRVKKT9": {
    "question_id": "WdswpNeyj4t9nbTqRVKKT9",
    "prediction": "stir frying",
    "actual": "stir frying"
  },
  "WnCzZybnZ7YyuDvJ62YLyt": {
    "question_id": "WnCzZybnZ7YyuDvJ62YLyt",
    "prediction": "airport",
    "actual": "airport"
  },
  "WojdRVndpCBeqpSk3roFjk": {
    "question_id": "WojdRVndpCBeqpSk3roFjk",
    "prediction": "compact fluorescent",
    "actual": "compact fluorescent"
  },
  "XC7LFjtKGWBQRW2FZrXJSn": {
    "question_id": "XC7LFjtKGWBQRW2FZrXJSn",
    "prediction": "soda",
    "actual": "soda"
  },
  "XKEx8mEicRSJCpNMsDxGpS": {
    "question_id": "XKEx8mEicRSJCpNMsDxGpS",
    "prediction": "pizzeria",
    "actual": "pizzeria"
  },
  "XKjvNP3RonaQcJbF2oreHb": {
    "question_id": "XKjvNP3RonaQcJbF2oreHb",
    "prediction": "striped",
    "actual": "striped"
  },
  "XKnTd4kV5WUcrpNTRg5GJB": {
    "question_id": "XKnTd4kV5WUcrpNTRg5GJB",
    "prediction": "napping",
    "actual": "napping"
  },
  "XLheqq6ar6y8HxdmSZokoi": {
    "question_id": "XLheqq6ar6y8HxdmSZokoi",
    "prediction": "parade",
    "actual": "parade"
  },
  "XR7dA6TKQiFc4QHMYwLDqP": {
    "question_id": "XR7dA6TKQiFc4QHMYwLDqP",
    "prediction": "6 feet",
    "actual": "6 feet"
  },
  "XcYCdxp4Javwyxx6cihuSz": {
    "question_id": "XcYCdxp4Javwyxx6cihuSz",
    "prediction": "railroad",
    "actual": "railroad"
  },
  "YGzsjNW5NAbf7tFQeufc4e": {
    "question_id": "YGzsjNW5NAbf7tFQeufc4e",
    "prediction": "tusks",
    "actual": "tusks"
  },
  "YQ3iE6vHkcuYRWwn3fFd8N": {
    "question_id": "YQ3iE6vHkcuYRWwn3fFd8N",
    "prediction": "bow tie",
    "actual": "bow tie"
  },
  "YRPvUijZr6hbuQgiyVDRqE": {
    "question_id": "YRPvUijZr6hbuQgiyVDRqE",
    "prediction": "double exposed",
    "actual": "double exposed"
  },
  "YVoLEFzggKmLk7ghNNgXKB": {
    "question_id": "YVoLEFzggKmLk7ghNNgXKB",
    "prediction": "motorcycle dealer",
    "actual": "motorcycle dealer"
  },
  "Yf5ytZ8Hnk3NwYSf6YmBnB": {
    "question_id": "Yf5ytZ8Hnk3NwYSf6YmBnB",
    "prediction": "laptop screen",
    "actual": "laptop screen"
  },
  "YfFNHQEnioSZJwnStCSHar": {
    "question_id": "YfFNHQEnioSZJwnStCSHar",
    "prediction": "keeping captive",
    "actual": "keeping captive"
  },
  "YibQmkwXJ4TPVqZjhqmV9r": {
    "question_id": "YibQmkwXJ4TPVqZjhqmV9r",
    "prediction": "powdered sugar",
    "actual": "powdered sugar"
  },
  "YkmMkPR5sqwoebanrtJNBw": {
    "question_id": "YkmMkPR5sqwoebanrtJNBw",
    "prediction": "wire",
    "actual": "wire"
  },
  "YofsNmbN6XCqNdfHTBmzNq": {
    "question_id": "YofsNmbN6XCqNdfHTBmzNq",
    "prediction": "acrylic",
    "actual": "acrylic"
  },
  "Yw4eyrH9WvXX8SLfnqmPmX": {
    "question_id": "Yw4eyrH9WvXX8SLfnqmPmX",
    "prediction": "pastry",
    "actual": "pastry"
  },
  "Z2wV882FxEjxwqFcbMRM9K": {
    "question_id": "Z2wV882FxEjxwqFcbMRM9K",
    "prediction": "sails",
    "actual": "sails"
  },
  "Z5xx32ZiWMMosQmfjqKaGC": {
    "question_id": "Z5xx32ZiWMMosQmfjqKaGC",
    "prediction": "hotel room",
    "actual": "hotel room"
  },
  "ZBUSChQQGFWkXRQZcUxtrM": {
    "question_id": "ZBUSChQQGFWkXRQZcUxtrM",
    "prediction": "crt",
    "actual": "crt"
  },
  "ZBZcWNW8gabo3RcNZu7Awj": {
    "question_id": "ZBZcWNW8gabo3RcNZu7Awj",
    "prediction": "selling pizzas",
    "actual": "selling pizzas"
  },
  "ZBgPFjmtW5mTt7Njdwv6oV": {
    "question_id": "ZBgPFjmtW5mTt7Njdwv6oV",
    "prediction": "screensaver",
    "actual": "screensaver"
  },
  "ZDyf8aLqsUSUVCTRMk6zAu": {
    "question_id": "ZDyf8aLqsUSUVCTRMk6zAu",
    "prediction": "legos",
    "actual": "legos"
  },
  "ZH4XEMQDqCEqeyqX8ruMqf": {
    "question_id": "ZH4XEMQDqCEqeyqX8ruMqf",
    "prediction": "tea party",
    "actual": "tea party"
  },
  "ZVHGXacRAzycGJbvaZL6WW": {
    "question_id": "ZVHGXacRAzycGJbvaZL6WW",
    "prediction": "lake",
    "actual": "lake"
  },
  "ZVihanJCkC9cEENhpyucEn": {
    "question_id": "ZVihanJCkC9cEENhpyucEn",
    "prediction": "weather",
    "actual": "weather"
  },
  "ZXpemwU9BnGkBEdj8f6tqD": {
    "question_id": "ZXpemwU9BnGkBEdj8f6tqD",
    "prediction": "ski down",
    "actual": "ski down"
  },
  "ZZaVsZeNSvsTB8M2mFDcqL": {
    "question_id": "ZZaVsZeNSvsTB8M2mFDcqL",
    "prediction": "beer",
    "actual": "beer"
  },
  "Zhx4M3xfkZGgH4dnopMrY2": {
    "question_id": "Zhx4M3xfkZGgH4dnopMrY2",
    "prediction": "to eat",
    "actual": "to eat"
  },
  "Zkx2Q6dT8tpX5CaHAVoLzA": {
    "question_id": "Zkx2Q6dT8tpX5CaHAVoLzA",
    "prediction": "plant",
    "actual": "plant"
  },
  "ZpLohrc8reFQkCjJ3iFQXX": {
    "question_id": "ZpLohrc8reFQkCjJ3iFQXX",
    "prediction": "headset",
    "actual": "headset"
  },
  "Zpnu9g7eUGf6yYwwFN2Hk5": {
    "question_id": "Zpnu9g7eUGf6yYwwFN2Hk5",
    "prediction": "dessert",
    "actual": "dessert"
  },
  "Zt2TzKJkDQHFrbcPkxNZcA": {
    "question_id": "Zt2TzKJkDQHFrbcPkxNZcA",
    "prediction": "balls",
    "actual": "balls"
  },
  "ZthUeysacKx2CVGPpNKxe4": {
    "question_id": "ZthUeysacKx2CVGPpNKxe4",
    "prediction": "sarong",
    "actual": "sarong"
  },
  "a2NwsGL4TDKVjb89XHSn5i": {
    "question_id": "a2NwsGL4TDKVjb89XHSn5i",
    "prediction": "draughts",
    "actual": "draughts"
  },
  "aAEJFGA3xJLXv4gMXqCd84": {
    "question_id": "aAEJFGA3xJLXv4gMXqCd84",
    "prediction": "eye protection",
    "actual": "eye protection"
  },
  "aDVS7CNLi2et7Uf7kEEZeQ": {
    "question_id": "aDVS7CNLi2et7Uf7kEEZeQ",
    "prediction": "for food",
    "actual": "for food"
  },
  "aFoRsjc727Fzy7QCG3DEsP": {
    "question_id": "aFoRsjc727Fzy7QCG3DEsP",
    "prediction": "malaysia",
    "actual": "malaysia"
  },
  "aL2mrGutdZCcG5Da5m6avg": {
    "question_id": "aL2mrGutdZCcG5Da5m6avg",
    "prediction": "wind",
    "actual": "wind"
  },
  "aUgAiwcNTDksCTSB4zLqLx": {
    "question_id": "aUgAiwcNTDksCTSB4zLqLx",
    "prediction": "costume",
    "actual": "costume"
  },
  "aX3pLQW2CigHrJVVMETaey": {
    "question_id": "aX3pLQW2CigHrJVVMETaey",
    "prediction": "30",
    "actual": "30"
  },
  "aXA73vtTRAUJ79PHaVuhF8": {
    "question_id": "aXA73vtTRAUJ79PHaVuhF8",
    "prediction": "cake",
    "actual": "cake"
  },
  "acLP6cnPoWn8iZ9aD6F8ZL": {
    "question_id": "acLP6cnPoWn8iZ9aD6F8ZL",
    "prediction": "plate",
    "actual": "plate"
  },
  "adJ3Kj52nGJVwytjWDJjCA": {
    "question_id": "adJ3Kj52nGJVwytjWDJjCA",
    "prediction": "reach",
    "actual": "reach"
  },
  "admjQXJJsLpbcEdRVyvVsf": {
    "question_id": "admjQXJJsLpbcEdRVyvVsf",
    "prediction": "dirt",
    "actual": "dirt"
  },
  "aoF64JjYJnKQaPaTyshZh9": {
    "question_id": "aoF64JjYJnKQaPaTyshZh9",
    "prediction": "apple",
    "actual": "apple"
  },
  "apxbVY3Q3arXvhq3DXWFKC": {
    "question_id": "apxbVY3Q3arXvhq3DXWFKC",
    "prediction": "intersection",
    "actual": "intersection"
  },
  "ayLDJwHtkkfkn7twcJRGGo": {
    "question_id": "ayLDJwHtkkfkn7twcJRGGo",
    "prediction": "resort",
    "actual": "resort"
  },
  "b57dJ74KfRbDSDzkD8bSWJ": {
    "question_id": "b57dJ74KfRbDSDzkD8bSWJ",
    "prediction": "england",
    "actual": "england"
  },
  "bDXLr8CDvR6oDCL2xMHV3v": {
    "question_id": "bDXLr8CDvR6oDCL2xMHV3v",
    "prediction": "margherita",
    "actual": "margherita"
  },
  "bFHUSwTBE33hag9jVm6iJr": {
    "question_id": "bFHUSwTBE33hag9jVm6iJr",
    "prediction": "utensils",
    "actual": "utensils"
  },
  "bTGQFiRVpf3sA2KURQcTQU": {
    "question_id": "bTGQFiRVpf3sA2KURQcTQU",
    "prediction": "train",
    "actual": "train"
  },
  "bTRUSAypEjzP5XWNW954RK": {
    "question_id": "bTRUSAypEjzP5XWNW954RK",
    "prediction": "residential",
    "actual": "residential"
  },
  "bTkroMPt2NzXSUFCPZS823": {
    "question_id": "bTkroMPt2NzXSUFCPZS823",
    "prediction": "passenger loading",
    "actual": "passenger loading"
  },
  "bWUR6AzW6CejWi3EG2PZfT": {
    "question_id": "bWUR6AzW6CejWi3EG2PZfT",
    "prediction": "beer",
    "actual": "beer"
  },
  "bZ25bkAHbKKbPwPxLq6tgP": {
    "question_id": "bZ25bkAHbKKbPwPxLq6tgP",
    "prediction": "grapes",
    "actual": "grapes"
  },
  "bcXERNeXxn8CmkodKezv7X": {
    "question_id": "bcXERNeXxn8CmkodKezv7X",
    "prediction": "advertisement",
    "actual": "advertisement"
  },
  "bezNeT66zH5bmV9XRsGhcf": {
    "question_id": "bezNeT66zH5bmV9XRsGhcf",
    "prediction": "mountain",
    "actual": "mountain"
  },
  "bf6qUEbh434BJZ3d4MWsU9": {
    "question_id": "bf6qUEbh434BJZ3d4MWsU9",
    "prediction": "toyota",
    "actual": "toyota"
  },
  "bmXjvk9NznKw8jyhjjZuqi": {
    "question_id": "bmXjvk9NznKw8jyhjjZuqi",
    "prediction": "plastic",
    "actual": "plastic"
  },
  "bp87frxTcBx6bA7KtzDFp7": {
    "question_id": "bp87frxTcBx6bA7KtzDFp7",
    "prediction": "street",
    "actual": "street"
  },
  "bqgrwRMbZtGzixs99Lommf": {
    "question_id": "bqgrwRMbZtGzixs99Lommf",
    "prediction": "skateboard",
    "actual": "skateboard"
  },
  "bt6WFDHUBaFadif2oq3h4k": {
    "question_id": "bt6WFDHUBaFadif2oq3h4k",
    "prediction": "running",
    "actual": "running"
  },
  "c4kK8bzsKvVyN2KzoAkKpT": {
    "question_id": "c4kK8bzsKvVyN2KzoAkKpT",
    "prediction": "love",
    "actual": "love"
  },
  "cFQCDdKxosyJPfNAGYAd3o": {
    "question_id": "cFQCDdKxosyJPfNAGYAd3o",
    "prediction": "drying hands",
    "actual": "drying hands"
  },
  "cHkTFzqn2VpbUHXky7DhQz": {
    "question_id": "cHkTFzqn2VpbUHXky7DhQz",
    "prediction": "bear",
    "actual": "bear"
  },
  "cJWo8W7BsstCU73xdVW3zF": {
    "question_id": "cJWo8W7BsstCU73xdVW3zF",
    "prediction": "printing",
    "actual": "printing"
  },
  "cRGhffFZWNyQviWrJPmRCg": {
    "question_id": "cRGhffFZWNyQviWrJPmRCg",
    "prediction": "two",
    "actual": "two"
  },
  "cVAR5Tf2PErGycfZ6JUUEr": {
    "question_id": "cVAR5Tf2PErGycfZ6JUUEr",
    "prediction": "laptop",
    "actual": "laptop"
  },
  "caoMCyFq9e2eNFohbFzEWN": {
    "question_id": "caoMCyFq9e2eNFohbFzEWN",
    "prediction": "go",
    "actual": "go"
  },
  "ccZR5KJLUyDM8CqyvVVWbj": {
    "question_id": "ccZR5KJLUyDM8CqyvVVWbj",
    "prediction": "square",
    "actual": "square"
  },
  "cdRdX2gv29YLpSgqTiWGPt": {
    "question_id": "cdRdX2gv29YLpSgqTiWGPt",
    "prediction": "lgbt",
    "actual": "lgbt"
  },
  "chXZTHvYp7pFsdQhLyAC9F": {
    "question_id": "chXZTHvYp7pFsdQhLyAC9F",
    "prediction": "tennis competition",
    "actual": "tennis competition"
  },
  "ckEWdFtXTjmNaM5gGbqQH4": {
    "question_id": "ckEWdFtXTjmNaM5gGbqQH4",
    "prediction": "eat",
    "actual": "eat"
  },
  "cm2fk2B2GKPXCLkpzrSxaH": {
    "question_id": "cm2fk2B2GKPXCLkpzrSxaH",
    "prediction": "europe",
    "actual": "europe"
  },
  "cmDRUcNRtcvVpHzURp8W45": {
    "question_id": "cmDRUcNRtcvVpHzURp8W45",
    "prediction": "late night",
    "actual": "late night"
  },
  "cmnswk6vTNcnbewMUPmnv8": {
    "question_id": "cmnswk6vTNcnbewMUPmnv8",
    "prediction": "happy",
    "actual": "happy"
  },
  "cpFBV7cMfv53fdwaaWiWGt": {
    "question_id": "cpFBV7cMfv53fdwaaWiWGt",
    "prediction": "kitchen",
    "actual": "kitchen"
  },
  "crFTuf4oK8K3SqFqWe7d8X": {
    "question_id": "crFTuf4oK8K3SqFqWe7d8X",
    "prediction": "orange",
    "actual": "orange"
  },
  "cw76LXiDncor4xpkaWcaDX": {
    "question_id": "cw76LXiDncor4xpkaWcaDX",
    "prediction": "cats",
    "actual": "cats"
  },
  "dEK7AgGqKR96Axjhm22tnL": {
    "question_id": "dEK7AgGqKR96Axjhm22tnL",
    "prediction": "string",
    "actual": "string"
  },
  "dLGivwZ7fRpiDAqxkDxd5X": {
    "question_id": "dLGivwZ7fRpiDAqxkDxd5X",
    "prediction": "tractor",
    "actual": "tractor"
  },
  "dYPm6FoCySuwWSw7pPbTKC": {
    "question_id": "dYPm6FoCySuwWSw7pPbTKC",
    "prediction": "snowman",
    "actual": "snowman"
  },
  "da6PS4adVsfrcADUNQ8GMx": {
    "question_id": "da6PS4adVsfrcADUNQ8GMx",
    "prediction": "two",
    "actual": "two"
  },
  "dbC66LJz8ReZjXJJEt7xvW": {
    "question_id": "dbC66LJz8ReZjXJJEt7xvW",
    "prediction": "union jack",
    "actual": "union jack"
  },
  "dgiMniYGqfUmHnVDLJdayu": {
    "question_id": "dgiMniYGqfUmHnVDLJdayu",
    "prediction": "baseball cap",
    "actual": "baseball cap"
  },
  "dhJDsvTigyVh6W3kHQcMLa": {
    "question_id": "dhJDsvTigyVh6W3kHQcMLa",
    "prediction": "baby",
    "actual": "baby"
  },
  "dohJioF4j23dw6b8AgCxqx": {
    "question_id": "dohJioF4j23dw6b8AgCxqx",
    "prediction": "forehand",
    "actual": "forehand"
  },
  "dqTfuzYZnbZ4MTNFc9Zkeb": {
    "question_id": "dqTfuzYZnbZ4MTNFc9Zkeb",
    "prediction": "pointsettia",
    "actual": "pointsettia"
  },
  "dvvTUCDA3wK4Q9KZKboPgg": {
    "question_id": "dvvTUCDA3wK4Q9KZKboPgg",
    "prediction": "steam",
    "actual": "steam"
  },
  "e8C3zCrRwuZXfsWLB6WisZ": {
    "question_id": "e8C3zCrRwuZXfsWLB6WisZ",
    "prediction": "pizza shop",
    "actual": "pizza shop"
  },
  "e8EayGjQkqTfuYyHQRAEBC": {
    "question_id": "e8EayGjQkqTfuYyHQRAEBC",
    "prediction": "take picture",
    "actual": "take picture"
  },
  "eB3RtTTsyXa6YKzPMrm4kd": {
    "question_id": "eB3RtTTsyXa6YKzPMrm4kd",
    "prediction": "red wine",
    "actual": "red wine"
  },
  "eBgzKWWRWbkzRJsrfBqGBV": {
    "question_id": "eBgzKWWRWbkzRJsrfBqGBV",
    "prediction": "passenger transport",
    "actual": "passenger transport"
  },
  "eDZFWUyFe832NMLpecBV63": {
    "question_id": "eDZFWUyFe832NMLpecBV63",
    "prediction": "picture taking",
    "actual": "picture taking"
  },
  "eJTAScNwDH8iedN247LDBV": {
    "question_id": "eJTAScNwDH8iedN247LDBV",
    "prediction": "tie",
    "actual": "tie"
  },
  "eNrkV5MyWHSeR6F7jbf3Fm": {
    "question_id": "eNrkV5MyWHSeR6F7jbf3Fm",
    "prediction": "remote controls",
    "actual": "remote controls"
  },
  "eQRQC4E5pZanwwyme6kTJA": {
    "question_id": "eQRQC4E5pZanwwyme6kTJA",
    "prediction": "farm",
    "actual": "farm"
  },
  "eTzxabUHi9XjTeaAKr9nz2": {
    "question_id": "eTzxabUHi9XjTeaAKr9nz2",
    "prediction": "station",
    "actual": "station"
  },
  "edgUrxZbEmJboFbFUdBdCm": {
    "question_id": "edgUrxZbEmJboFbFUdBdCm",
    "prediction": "baseball bat",
    "actual": "baseball bat"
  },
  "efPGEhVYzatJbs8HcmV9rW": {
    "question_id": "efPGEhVYzatJbs8HcmV9rW",
    "prediction": "home",
    "actual": "home"
  },
  "egoXFuXgENCZik7xrP9der": {
    "question_id": "egoXFuXgENCZik7xrP9der",
    "prediction": "i do",
    "actual": "i do"
  },
  "eiLeNz2CFKYS7AFZDXrKEM": {
    "question_id": "eiLeNz2CFKYS7AFZDXrKEM",
    "prediction": "class",
    "actual": "class"
  },
  "eiTuwtpwaP6LXCBDdhRfUU": {
    "question_id": "eiTuwtpwaP6LXCBDdhRfUU",
    "prediction": "grill",
    "actual": "grill"
  },
  "epeFzsUCjPeSnj6QjSa9So": {
    "question_id": "epeFzsUCjPeSnj6QjSa9So",
    "prediction": "curb",
    "actual": "curb"
  },
  "f5DyWHCeTdLVN7kHd8zguE": {
    "question_id": "f5DyWHCeTdLVN7kHd8zguE",
    "prediction": "it's raining",
    "actual": "it's raining"
  },
  "f5nsFmeqGkf4zfaSVk4ocX": {
    "question_id": "f5nsFmeqGkf4zfaSVk4ocX",
    "prediction": "daughter",
    "actual": "daughter"
  },
  "f8zgqNptbviU5cyJpQKege": {
    "question_id": "f8zgqNptbviU5cyJpQKege",
    "prediction": "laptop",
    "actual": "laptop"
  },
  "f98CKzuCeHPRkbQSvQ8DWn": {
    "question_id": "f98CKzuCeHPRkbQSvQ8DWn",
    "prediction": "to sell",
    "actual": "to sell"
  },
  "fBAFVnTtnpQ93wUBQAEC8L": {
    "question_id": "fBAFVnTtnpQ93wUBQAEC8L",
    "prediction": "clock",
    "actual": "clock"
  },
  "fELKZdaVNLwGEQZByv3jmp": {
    "question_id": "fELKZdaVNLwGEQZByv3jmp",
    "prediction": "skyline",
    "actual": "skyline"
  },
  "fLRvDM4xG4ag8n4JC6CUQz": {
    "question_id": "fLRvDM4xG4ag8n4JC6CUQz",
    "prediction": "teddy bear",
    "actual": "teddy bear"
  },
  "fQykduWza8cpGuwj3CxHtF": {
    "question_id": "fQykduWza8cpGuwj3CxHtF",
    "prediction": "herding",
    "actual": "herding"
  },
  "fVuz8FFvFG4BEFRwzT5Ppg": {
    "question_id": "fVuz8FFvFG4BEFRwzT5Ppg",
    "prediction": "balance",
    "actual": "balance"
  },
  "fZVNJLSu2SxMramndCnER8": {
    "question_id": "fZVNJLSu2SxMramndCnER8",
    "prediction": "tennis ball",
    "actual": "tennis ball"
  },
  "fc9QkXjzTTYvw5oAqRj6H4": {
    "question_id": "fc9QkXjzTTYvw5oAqRj6H4",
    "prediction": "flock",
    "actual": "flock"
  },
  "feGFfp3nMKyVUYRboCosh9": {
    "question_id": "feGFfp3nMKyVUYRboCosh9",
    "prediction": "food",
    "actual": "food"
  },
  "fjqDSmg3254rQUdBJujxZy": {
    "question_id": "fjqDSmg3254rQUdBJujxZy",
    "prediction": "europe",
    "actual": "europe"
  },
  "fpF5ZKeP3xrZCP58anLwra": {
    "question_id": "fpF5ZKeP3xrZCP58anLwra",
    "prediction": "fruit",
    "actual": "fruit"
  },
  "fucubLgW4kCAtRkT6nDaPa": {
    "question_id": "fucubLgW4kCAtRkT6nDaPa",
    "prediction": "trophy",
    "actual": "trophy"
  },
  "g5VNWgEAqTK8RdPgfGh9NX": {
    "question_id": "g5VNWgEAqTK8RdPgfGh9NX",
    "prediction": "sail",
    "actual": "sail"
  },
  "g7xtDFAVrWx9w6DHFgcKkz": {
    "question_id": "g7xtDFAVrWx9w6DHFgcKkz",
    "prediction": "bike lane",
    "actual": "bike lane"
  },
  "gBMjiGJJSm7nuM2hmvxURC": {
    "question_id": "gBMjiGJJSm7nuM2hmvxURC",
    "prediction": "wine",
    "actual": "wine"
  },
  "gHLMqJkY93TUV94a7tLpoR": {
    "question_id": "gHLMqJkY93TUV94a7tLpoR",
    "prediction": "town",
    "actual": "town"
  },
  "gHfctVt5jWCGmTwQyDgebm": {
    "question_id": "gHfctVt5jWCGmTwQyDgebm",
    "prediction": "desserts",
    "actual": "desserts"
  },
  "gR5qY6Tpgq26YAbGrZAwwJ": {
    "question_id": "gR5qY6Tpgq26YAbGrZAwwJ",
    "prediction": "island",
    "actual": "island"
  },
  "gVpcdVA7d4t69Wgw9yS5d9": {
    "question_id": "gVpcdVA7d4t69Wgw9yS5d9",
    "prediction": "tennis ball",
    "actual": "tennis ball"
  },
  "gXBksm4FiAGgUDw3a3EUaF": {
    "question_id": "gXBksm4FiAGgUDw3a3EUaF",
    "prediction": "motorbike",
    "actual": "motorbike"
  },
  "gaHwkDQUiMLveSnrXFQMms": {
    "question_id": "gaHwkDQUiMLveSnrXFQMms",
    "prediction": "crosswalk",
    "actual": "crosswalk"
  },
  "gaKyGVP3dVZGGtonfcuK6r": {
    "question_id": "gaKyGVP3dVZGGtonfcuK6r",
    "prediction": "london",
    "actual": "london"
  },
  "gbDHb3RPHzKdwPsEQP6vxs": {
    "question_id": "gbDHb3RPHzKdwPsEQP6vxs",
    "prediction": "us",
    "actual": "us"
  },
  "gnWMLABzefU4wXEUTXxrVC": {
    "question_id": "gnWMLABzefU4wXEUTXxrVC",
    "prediction": "salad",
    "actual": "salad"
  },
  "guwEPSB4oc6X2txXJJsomW": {
    "question_id": "guwEPSB4oc6X2txXJJsomW",
    "prediction": "wind",
    "actual": "wind"
  },
  "gyf9Y4vh6mVZcbY7MH6fxB": {
    "question_id": "gyf9Y4vh6mVZcbY7MH6fxB",
    "prediction": "isuzu",
    "actual": "isuzu"
  },
  "gzytVm5g6vXWY8VDF7tSEr": {
    "question_id": "gzytVm5g6vXWY8VDF7tSEr",
    "prediction": "diagonal",
    "actual": "diagonal"
  },
  "h4PoYae2w6GRRu2npXvwuK": {
    "question_id": "h4PoYae2w6GRRu2npXvwuK",
    "prediction": "robot",
    "actual": "robot"
  },
  "h4zCFQx6fTvww2Z3rzcq9K": {
    "question_id": "h4zCFQx6fTvww2Z3rzcq9K",
    "prediction": "art",
    "actual": "art"
  },
  "hAnVoSeXQksd6ZjSYMBFpA": {
    "question_id": "hAnVoSeXQksd6ZjSYMBFpA",
    "prediction": "skiing",
    "actual": "skiing"
  },
  "hB2doqSEEeky2XNUEHdz79": {
    "question_id": "hB2doqSEEeky2XNUEHdz79",
    "prediction": "field",
    "actual": "field"
  },
  "hECCUB8FXovMC5nNPG2itn": {
    "question_id": "hECCUB8FXovMC5nNPG2itn",
    "prediction": "14",
    "actual": "14"
  },
  "hJe5wYuE8Qr9uuzc9zahBx": {
    "question_id": "hJe5wYuE8Qr9uuzc9zahBx",
    "prediction": "passenger",
    "actual": "passenger"
  },
  "hLHsuNu5R8Hf8xat2DzcDb": {
    "question_id": "hLHsuNu5R8Hf8xat2DzcDb",
    "prediction": "government",
    "actual": "government"
  },
  "hSrHK8kZfrc6tZgTB7yMmW": {
    "question_id": "hSrHK8kZfrc6tZgTB7yMmW",
    "prediction": "commercial kitchen",
    "actual": "commercial kitchen"
  },
  "hTNJXskvyVHvfhYb7Mdp7X": {
    "question_id": "hTNJXskvyVHvfhYb7Mdp7X",
    "prediction": "truck",
    "actual": "truck"
  },
  "hUddfx4tZ3KGtSWFbGphnh": {
    "question_id": "hUddfx4tZ3KGtSWFbGphnh",
    "prediction": "trio",
    "actual": "trio"
  },
  "hYJoVHmJ5wehgSYxxAt2Eb": {
    "question_id": "hYJoVHmJ5wehgSYxxAt2Eb",
    "prediction": "bag",
    "actual": "bag"
  },
  "hZV5fCospVTsaMc27Rbvc4": {
    "question_id": "hZV5fCospVTsaMc27Rbvc4",
    "prediction": "bulldozer",
    "actual": "bulldozer"
  },
  "hdZWqnfnTxgxXMZ4AJSWtM": {
    "question_id": "hdZWqnfnTxgxXMZ4AJSWtM",
    "prediction": "tidy",
    "actual": "tidy"
  },
  "hgamoABdWM75WAPWU2rCdT": {
    "question_id": "hgamoABdWM75WAPWU2rCdT",
    "prediction": "horses",
    "actual": "horses"
  },
  "hikczeyros8C4QajTVYThj": {
    "question_id": "hikczeyros8C4QajTVYThj",
    "prediction": "frisbee",
    "actual": "frisbee"
  },
  "hkMfnT4LEQi4HKPck6FVor": {
    "question_id": "hkMfnT4LEQi4HKPck6FVor",
    "prediction": "malaysia",
    "actual": "malaysia"
  },
  "hnKD5XstcaNYe6tjb6vCPe": {
    "question_id": "hnKD5XstcaNYe6tjb6vCPe",
    "prediction": "office",
    "actual": "office"
  },
  "hrzBKUpTCF5Bp7uvJbjv9Z": {
    "question_id": "hrzBKUpTCF5Bp7uvJbjv9Z",
    "prediction": "purple",
    "actual": "purple"
  },
  "hxRkeGBLz5CdxgnXSgiiH7": {
    "question_id": "hxRkeGBLz5CdxgnXSgiiH7",
    "prediction": "hooves",
    "actual": "hooves"
  },
  "hzfzWaLVz2ASnBBWc77fxG": {
    "question_id": "hzfzWaLVz2ASnBBWc77fxG",
    "prediction": "dragons",
    "actual": "dragons"
  },
  "i2ZhyTn4CzHyVxCjM6JFP5": {
    "question_id": "i2ZhyTn4CzHyVxCjM6JFP5",
    "prediction": "fruit",
    "actual": "fruit"
  },
  "i9MJBUxa64ZL4vaG7hse5x": {
    "question_id": "i9MJBUxa64ZL4vaG7hse5x",
    "prediction": "parking",
    "actual": "parking"
  },
  "iEUBT5a5ajx5MR33EMkQVr": {
    "question_id": "iEUBT5a5ajx5MR33EMkQVr",
    "prediction": "boat",
    "actual": "boat"
  },
  "iNDT4fYo9xeKBX6TrvtkVR": {
    "question_id": "iNDT4fYo9xeKBX6TrvtkVR",
    "prediction": "broken bones",
    "actual": "broken bones"
  },
  "iSYpHGY6hdWo6qLQBbrENX": {
    "question_id": "iSYpHGY6hdWo6qLQBbrENX",
    "prediction": "john mcenroe",
    "actual": "john mcenroe"
  },
  "iXYYsBAjutihbRQuT3LVzn": {
    "question_id": "iXYYsBAjutihbRQuT3LVzn",
    "prediction": "reading",
    "actual": "reading"
  },
  "iepNGdTWvJFnPbHVTuKmLw": {
    "question_id": "iepNGdTWvJFnPbHVTuKmLw",
    "prediction": "sailing vessel",
    "actual": "sailing vessel"
  },
  "ijeUcdVFHVYtTABEpPYJCR": {
    "question_id": "ijeUcdVFHVYtTABEpPYJCR",
    "prediction": "uniform",
    "actual": "uniform"
  },
  "ioNZxNbwvEagLBwSYCmVkU": {
    "question_id": "ioNZxNbwvEagLBwSYCmVkU",
    "prediction": "pelican",
    "actual": "pelican"
  },
  "irhkgQFLQikZ9fY6LfKbKN": {
    "question_id": "irhkgQFLQikZ9fY6LfKbKN",
    "prediction": "under armour",
    "actual": "under armour"
  },
  "j3G4tBe5ga2sVPS2yWYbFM": {
    "question_id": "j3G4tBe5ga2sVPS2yWYbFM",
    "prediction": "return serve",
    "actual": "return serve"
  },
  "j4usZ4NoJf62hcBq4GCBc7": {
    "question_id": "j4usZ4NoJf62hcBq4GCBc7",
    "prediction": "asian",
    "actual": "asian"
  },
  "j5j6LUEzw383spcNXi7XhT": {
    "question_id": "j5j6LUEzw383spcNXi7XhT",
    "prediction": "skateboard",
    "actual": "skateboard"
  },
  "j6AP78GdCUYqzaxWmNS5MX": {
    "question_id": "j6AP78GdCUYqzaxWmNS5MX",
    "prediction": "produce",
    "actual": "produce"
  },
  "j6q58xPaDShNBgnj2kKpAP": {
    "question_id": "j6q58xPaDShNBgnj2kKpAP",
    "prediction": "on beach",
    "actual": "on beach"
  },
  "jE3TsyErJ4eD8rPhTzBzb6": {
    "question_id": "jE3TsyErJ4eD8rPhTzBzb6",
    "prediction": "staring",
    "actual": "staring"
  },
  "jK2QtNn8nC2mC2E57bZv7L": {
    "question_id": "jK2QtNn8nC2mC2E57bZv7L",
    "prediction": "fall",
    "actual": "fall"
  },
  "jQLQXdTab2NMEr4CHskSjQ": {
    "question_id": "jQLQXdTab2NMEr4CHskSjQ",
    "prediction": "motorcycle",
    "actual": "motorcycle"
  },
  "jQjEGnnPzL4AVqfBAfHvjq": {
    "question_id": "jQjEGnnPzL4AVqfBAfHvjq",
    "prediction": "gymnasium",
    "actual": "gymnasium"
  },
  "jRxbsCVJxNtUMvsEBfpTaE": {
    "question_id": "jRxbsCVJxNtUMvsEBfpTaE",
    "prediction": "tank car",
    "actual": "tank car"
  },
  "jVXbihURQxsHwkTVByGBKj": {
    "question_id": "jVXbihURQxsHwkTVByGBKj",
    "prediction": "surfboard",
    "actual": "surfboard"
  },
  "ja6pMKAxBoEM6Q9tvtsmMA": {
    "question_id": "ja6pMKAxBoEM6Q9tvtsmMA",
    "prediction": "metal",
    "actual": "metal"
  },
  "jb2M9hwaHvK2itZac5i4tb": {
    "question_id": "jb2M9hwaHvK2itZac5i4tb",
    "prediction": "port",
    "actual": "port"
  },
  "jbdEbFFZDtMSrD3h32SFAp": {
    "question_id": "jbdEbFFZDtMSrD3h32SFAp",
    "prediction": "to catch",
    "actual": "to catch"
  },
  "jfuLWvGbtvRTnLYAPEE8pi": {
    "question_id": "jfuLWvGbtvRTnLYAPEE8pi",
    "prediction": "two",
    "actual": "two"
  },
  "jnuckE6W2YqaueH7XL4ogy": {
    "question_id": "jnuckE6W2YqaueH7XL4ogy",
    "prediction": "tours",
    "actual": "tours"
  },
  "jtqcU9Q9ToadtKDFM8p7mP": {
    "question_id": "jtqcU9Q9ToadtKDFM8p7mP",
    "prediction": "rice",
    "actual": "rice"
  },
  "jyrnj3VZZGHVf5gYxzYmxA": {
    "question_id": "jyrnj3VZZGHVf5gYxzYmxA",
    "prediction": "wine tasting",
    "actual": "wine tasting"
  },
  "k8y3RfpAYmSuXDkcpiDQrx": {
    "question_id": "k8y3RfpAYmSuXDkcpiDQrx",
    "prediction": "laughing",
    "actual": "laughing"
  },
  "kHb4MjmU3bZTRY5qJSrZe7": {
    "question_id": "kHb4MjmU3bZTRY5qJSrZe7",
    "prediction": "forehand",
    "actual": "forehand"
  },
  "kP9etcrALtsYL363dVhT5Y": {
    "question_id": "kP9etcrALtsYL363dVhT5Y",
    "prediction": "bike lock",
    "actual": "bike lock"
  },
  "kaocqcY3CESTstFs9Bd4Pg": {
    "question_id": "kaocqcY3CESTstFs9Bd4Pg",
    "prediction": "evening",
    "actual": "evening"
  },
  "kpuykmWTony3CofsE8S8Dt": {
    "question_id": "kpuykmWTony3CofsE8S8Dt",
    "prediction": "new york",
    "actual": "new york"
  },
  "kqVKk7x35jEP3uXnZR3wBf": {
    "question_id": "kqVKk7x35jEP3uXnZR3wBf",
    "prediction": "driving",
    "actual": "driving"
  },
  "kqxqUW6zqryU2Cu2oz46fH": {
    "question_id": "kqxqUW6zqryU2Cu2oz46fH",
    "prediction": "stirrups",
    "actual": "stirrups"
  },
  "ksqkKgifofmUwDS94V5ggP": {
    "question_id": "ksqkKgifofmUwDS94V5ggP",
    "prediction": "sandwich pick",
    "actual": "sandwich pick"
  },
  "kzYUWLK5ajb3LRzgYcCFXc": {
    "question_id": "kzYUWLK5ajb3LRzgYcCFXc",
    "prediction": "parking",
    "actual": "parking"
  },
  "m4HzZ8497MsdVCT3HWMJA2": {
    "question_id": "m4HzZ8497MsdVCT3HWMJA2",
    "prediction": "mobile",
    "actual": "mobile"
  },
  "mDPZ2AJQQx7b6CASimGgGD": {
    "question_id": "mDPZ2AJQQx7b6CASimGgGD",
    "prediction": "pharmacy",
    "actual": "pharmacy"
  },
  "mEmUcZuHB6GamJkfCAwtsD": {
    "question_id": "mEmUcZuHB6GamJkfCAwtsD",
    "prediction": "hills",
    "actual": "hills"
  },
  "mNNi2tGdk9CvAdHYyZekG9": {
    "question_id": "mNNi2tGdk9CvAdHYyZekG9",
    "prediction": "outdoors",
    "actual": "outdoors"
  },
  "mQ4rtN2j9oECfTdyWEczjX": {
    "question_id": "mQ4rtN2j9oECfTdyWEczjX",
    "prediction": "stretching",
    "actual": "stretching"
  },
  "mQ5TJVLswrNGGP3La64Erc": {
    "question_id": "mQ5TJVLswrNGGP3La64Erc",
    "prediction": "grazing",
    "actual": "grazing"
  },
  "mQJZ2QZgUf2uzSoLNyFn8w": {
    "question_id": "mQJZ2QZgUf2uzSoLNyFn8w",
    "prediction": "dogs",
    "actual": "dogs"
  },
  "mR37Xa62rp3FvidP5ppgCc": {
    "question_id": "mR37Xa62rp3FvidP5ppgCc",
    "prediction": "anteater",
    "actual": "anteater"
  },
  "mcfejYn8zoagoF5VgNuR2F": {
    "question_id": "mcfejYn8zoagoF5VgNuR2F",
    "prediction": "red wine",
    "actual": "red wine"
  },
  "mdsQntNbjZRukzkyyHaD8T": {
    "question_id": "mdsQntNbjZRukzkyyHaD8T",
    "prediction": "peel it",
    "actual": "peel it"
  },
  "mdxki75RbHjL4kGrUbbSY2": {
    "question_id": "mdxki75RbHjL4kGrUbbSY2",
    "prediction": "san francisco",
    "actual": "san francisco"
  },
  "miQ67PB4K4pA5v37BoLda9": {
    "question_id": "miQ67PB4K4pA5v37BoLda9",
    "prediction": "cook",
    "actual": "cook"
  },
  "mjCY6VtSoZiKbBKKx3YuLZ": {
    "question_id": "mjCY6VtSoZiKbBKKx3YuLZ",
    "prediction": "to eat",
    "actual": "to eat"
  },
  "myZ67NZGoYaNEa8kADF8rV": {
    "question_id": "myZ67NZGoYaNEa8kADF8rV",
    "prediction": "fall season",
    "actual": "fall season"
  },
  "n2V3ufCHusHxHg3doMLfoT": {
    "question_id": "n2V3ufCHusHxHg3doMLfoT",
    "prediction": "falling",
    "actual": "falling"
  },
  "n3EWd223KWajDuTgFCGZmw": {
    "question_id": "n3EWd223KWajDuTgFCGZmw",
    "prediction": "fridge",
    "actual": "fridge"
  },
  "n3pP3X6CbTGfsNu52Eujfm": {
    "question_id": "n3pP3X6CbTGfsNu52Eujfm",
    "prediction": "bases",
    "actual": "bases"
  },
  "nKwQobxEKFkMGtc8DcQ5Ju": {
    "question_id": "nKwQobxEKFkMGtc8DcQ5Ju",
    "prediction": "two",
    "actual": "two"
  },
  "nPhzzycXaUKH9UGFjCjsKQ": {
    "question_id": "nPhzzycXaUKH9UGFjCjsKQ",
    "prediction": "four",
    "actual": "four"
  },
  "nSKBbRdixLP5o5mr8W2VBJ": {
    "question_id": "nSKBbRdixLP5o5mr8W2VBJ",
    "prediction": "trolley",
    "actual": "trolley"
  },
  "nbKEZAsRQ7mimyjkQYFn6d": {
    "question_id": "nbKEZAsRQ7mimyjkQYFn6d",
    "prediction": "fire",
    "actual": "fire"
  },
  "nejsAgBentBTfKxMaELBsr": {
    "question_id": "nejsAgBentBTfKxMaELBsr",
    "prediction": "write",
    "actual": "write"
  },
  "ngQSEzXpxxTNJ4mVQxD9JM": {
    "question_id": "ngQSEzXpxxTNJ4mVQxD9JM",
    "prediction": "red couch",
    "actual": "red couch"
  },
  "njzRWp6op4a49j3UtEjEFo": {
    "question_id": "njzRWp6op4a49j3UtEjEFo",
    "prediction": "pizza party",
    "actual": "pizza party"
  },
  "nmLBpYK7TqpwcCnkYbL2Tr": {
    "question_id": "nmLBpYK7TqpwcCnkYbL2Tr",
    "prediction": "scratching",
    "actual": "scratching"
  },
  "npMJUgqcniPJuZPEh7mP3t": {
    "question_id": "npMJUgqcniPJuZPEh7mP3t",
    "prediction": "water",
    "actual": "water"
  },
  "ntQQ9FVL9GKUoT2WvCWiHD": {
    "question_id": "ntQQ9FVL9GKUoT2WvCWiHD",
    "prediction": "wire ties",
    "actual": "wire ties"
  },
  "nzNFFqRxL3q4gJf2iXRMtT": {
    "question_id": "nzNFFqRxL3q4gJf2iXRMtT",
    "prediction": "glove",
    "actual": "glove"
  },
  "o5Pf29Ro76nufH3SYS49LM": {
    "question_id": "o5Pf29Ro76nufH3SYS49LM",
    "prediction": "margarita",
    "actual": "margarita"
  },
  "o7YUWt5CppEBSMU9tUszUZ": {
    "question_id": "o7YUWt5CppEBSMU9tUszUZ",
    "prediction": "rain",
    "actual": "rain"
  },
  "o7eySiU8AwFHu3Lgp5xoK9": {
    "question_id": "o7eySiU8AwFHu3Lgp5xoK9",
    "prediction": "handplant",
    "actual": "handplant"
  },
  "o9UdSvT8pgAVAQCkm8XPdz": {
    "question_id": "o9UdSvT8pgAVAQCkm8XPdz",
    "prediction": "canal",
    "actual": "canal"
  },
  "oAL5LQnAH9sB2oMiAmxsbq": {
    "question_id": "oAL5LQnAH9sB2oMiAmxsbq",
    "prediction": "fruit salad",
    "actual": "fruit salad"
  },
  "oCwi6S3N5sKMdGtLLocG4p": {
    "question_id": "oCwi6S3N5sKMdGtLLocG4p",
    "prediction": "adrian",
    "actual": "adrian"
  },
  "oGPSzHdRANrLhhyZLbbqNf": {
    "question_id": "oGPSzHdRANrLhhyZLbbqNf",
    "prediction": "captivity",
    "actual": "captivity"
  },
  "oJD9cm8E2JFszgzyPjaVgn": {
    "question_id": "oJD9cm8E2JFszgzyPjaVgn",
    "prediction": "siblings",
    "actual": "siblings"
  },
  "oNbHrnMXrskfw3TXzZ2QUp": {
    "question_id": "oNbHrnMXrskfw3TXzZ2QUp",
    "prediction": "cheese pizza",
    "actual": "cheese pizza"
  },
  "578p2wBoYH5uozEuVypCEw": {
    "question_id": "578p2wBoYH5uozEuVypCEw",
    "prediction": "elephant",
    "actual": "elephant"
  },
  "DD4oNBRHkHMzFGGVpdmrJi": {
    "question_id": "DD4oNBRHkHMzFGGVpdmrJi",
    "prediction": "legs",
    "actual": "legs"
  },
  "MAeoFJtYupeza6U6eeTWRc": {
    "question_id": "MAeoFJtYupeza6U6eeTWRc",
    "prediction": "school",
    "actual": "school"
  },
  "NRg96YBDgRbc5zFqdhKCC4": {
    "question_id": "NRg96YBDgRbc5zFqdhKCC4",
    "prediction": "gaming",
    "actual": "gaming"
  },
  "PK5o4oqyymgbmrsrLkF2Hw": {
    "question_id": "PK5o4oqyymgbmrsrLkF2Hw",
    "prediction": "under armor",
    "actual": "under armor"
  },
  "QfzADtoknvheZQ3r9o4XWa": {
    "question_id": "QfzADtoknvheZQ3r9o4XWa",
    "prediction": "in shape",
    "actual": "in shape"
  },
  "TCqWeX5SXeeUmMjqkWnbSz": {
    "question_id": "TCqWeX5SXeeUmMjqkWnbSz",
    "prediction": "remote control",
    "actual": "remote control"
  },
  "UY4enMq3yMvLG5oAXZQVQL": {
    "question_id": "UY4enMq3yMvLG5oAXZQVQL",
    "prediction": "hot peppers",
    "actual": "hot peppers"
  },
  "WrPmpcpv5q8Drcc8xwkak9": {
    "question_id": "WrPmpcpv5q8Drcc8xwkak9",
    "prediction": "moving",
    "actual": "moving"
  },
  "Y4KDhiu2MeKojYumTWRevx": {
    "question_id": "Y4KDhiu2MeKojYumTWRevx",
    "prediction": "jetway",
    "actual": "jetway"
  },
  "YgiqkypFRQHVYHqieDPN9u": {
    "question_id": "YgiqkypFRQHVYHqieDPN9u",
    "prediction": "grip",
    "actual": "grip"
  },
  "a4WQwPgnKUrGfWf3T2vpxE": {
    "question_id": "a4WQwPgnKUrGfWf3T2vpxE",
    "prediction": "proud",
    "actual": "proud"
  },
  "b6kMEJD9bLnsJksyGqZgcR": {
    "question_id": "b6kMEJD9bLnsJksyGqZgcR",
    "prediction": "united states",
    "actual": "united states"
  },
  "c6Lei76FbsSgEKViCU2Kc5": {
    "question_id": "c6Lei76FbsSgEKViCU2Kc5",
    "prediction": "jumping",
    "actual": "jumping"
  },
  "eHoQtRmsLAC3Ggzm5jKPXA": {
    "question_id": "eHoQtRmsLAC3Ggzm5jKPXA",
    "prediction": "cigarette",
    "actual": "cigarette"
  },
  "eYDDWRpmaNrFZDRCNs6c5z": {
    "question_id": "eYDDWRpmaNrFZDRCNs6c5z",
    "prediction": "chanel",
    "actual": "chanel"
  },
  "mZGqAwu28rKDYShh6mrTz7": {
    "question_id": "mZGqAwu28rKDYShh6mrTz7",
    "prediction": "wind",
    "actual": "wind"
  },
  "n3q6CBsJfobMm4vAqMGi38": {
    "question_id": "n3q6CBsJfobMm4vAqMGi38",
    "prediction": "bagel",
    "actual": "bagel"
  },
  "2UqDdmoKsLVD4Vt2qeMFds": {
    "question_id": "2UqDdmoKsLVD4Vt2qeMFds",
    "prediction": "horses",
    "actual": "horses"
  },
  "3wvvpLQuiKWmKy5RHKESEC": {
    "question_id": "3wvvpLQuiKWmKy5RHKESEC",
    "prediction": "herding",
    "actual": "herding"
  },
  "6GNHDAUJnk4GUrW6x4AJwF": {
    "question_id": "6GNHDAUJnk4GUrW6x4AJwF",
    "prediction": "grass",
    "actual": "grass"
  },
  "7Q2MqmLkDhRu93vhjMPJXJ": {
    "question_id": "7Q2MqmLkDhRu93vhjMPJXJ",
    "prediction": "skating",
    "actual": "skating"
  },
  "ANzKkT7BMAmz62TWUSbPNn": {
    "question_id": "ANzKkT7BMAmz62TWUSbPNn",
    "prediction": "home run",
    "actual": "home run"
  },
  "B97VhjPyWdn4pXT5SvQybF": {
    "question_id": "B97VhjPyWdn4pXT5SvQybF",
    "prediction": "animals",
    "actual": "animals"
  },
  "CCVav8uwNeAerpwiN2jbcx": {
    "question_id": "CCVav8uwNeAerpwiN2jbcx",
    "prediction": "scrambled",
    "actual": "scrambled"
  },
  "CfaSzNgDy23yuC4X55XVmn": {
    "question_id": "CfaSzNgDy23yuC4X55XVmn",
    "prediction": "playing hockey",
    "actual": "playing hockey"
  },
  "F8Df2XjGi87XQBkJNa79Ka": {
    "question_id": "F8Df2XjGi87XQBkJNa79Ka",
    "prediction": "bakery",
    "actual": "bakery"
  },
  "H6tcAFjWHYBPUpyvG5PVrv": {
    "question_id": "H6tcAFjWHYBPUpyvG5PVrv",
    "prediction": "cool",
    "actual": "cool"
  },
  "KGhKWAGTj6kUsxSUHDH8t5": {
    "question_id": "KGhKWAGTj6kUsxSUHDH8t5",
    "prediction": "candle",
    "actual": "candle"
  },
  "KMF7Ym9gSvVVJ5QoLtTpt6": {
    "question_id": "KMF7Ym9gSvVVJ5QoLtTpt6",
    "prediction": "ball",
    "actual": "ball"
  },
  "Kn65sKCZq6EBQWNdQB469p": {
    "question_id": "Kn65sKCZq6EBQWNdQB469p",
    "prediction": "banana",
    "actual": "banana"
  },
  "MqCKsUbTPGQJxLL75tGc5F": {
    "question_id": "MqCKsUbTPGQJxLL75tGc5F",
    "prediction": "15",
    "actual": "15"
  },
  "RAq5ExoFdoDbbU97rvFYfZ": {
    "question_id": "RAq5ExoFdoDbbU97rvFYfZ",
    "prediction": "dodgers",
    "actual": "dodgers"
  },
  "WmFJXxTJibdaLUQiLHKPNg": {
    "question_id": "WmFJXxTJibdaLUQiLHKPNg",
    "prediction": "prevent slipping",
    "actual": "prevent slipping"
  },
  "Wsm6n4QiLcUf8UEmRUCdNL": {
    "question_id": "Wsm6n4QiLcUf8UEmRUCdNL",
    "prediction": "victorian",
    "actual": "victorian"
  },
  "WwzDYpWLZsus6tMdSzVhWk": {
    "question_id": "WwzDYpWLZsus6tMdSzVhWk",
    "prediction": "catcher",
    "actual": "catcher"
  },
  "XPhow2MD6num6LkVWv2WDC": {
    "question_id": "XPhow2MD6num6LkVWv2WDC",
    "prediction": "wish",
    "actual": "wish"
  },
  "ZQKmx3C4YgDDUWd34gaPhS": {
    "question_id": "ZQKmx3C4YgDDUWd34gaPhS",
    "prediction": "business",
    "actual": "business"
  },
  "Zg7XNQn9CZt3jkATUMXFhp": {
    "question_id": "Zg7XNQn9CZt3jkATUMXFhp",
    "prediction": "ponytail",
    "actual": "ponytail"
  },
  "bDqH62XFybrPPhHAUCbPHb": {
    "question_id": "bDqH62XFybrPPhHAUCbPHb",
    "prediction": "knicks",
    "actual": "knicks"
  },
  "iEWtnFwjAXAqCFXiopTTZs": {
    "question_id": "iEWtnFwjAXAqCFXiopTTZs",
    "prediction": "pregnancy",
    "actual": "pregnancy"
  },
  "iXG9vTJKiKBbMcgyngPRpH": {
    "question_id": "iXG9vTJKiKBbMcgyngPRpH",
    "prediction": "brakes",
    "actual": "brakes"
  },
  "n6paCuMnYEcapWb2TqLYoa": {
    "question_id": "n6paCuMnYEcapWb2TqLYoa",
    "prediction": "plaid",
    "actual": "plaid"
  },
  "nZANMFWTuwNWznuT9RBNXr": {
    "question_id": "nZANMFWTuwNWznuT9RBNXr",
    "prediction": "pedestrians",
    "actual": "pedestrians"
  }
}