{
  "22jbM6gDxdaMaunuzgrsBB": {
    "question_id": "22jbM6gDxdaMaunuzgrsBB",
    "prediction": "cigarette",
    "actual": "cigarette"
  },
  "2Aq5RiEn7eyfWjEbpuYT2o": {
    "question_id": "2Aq5RiEn7eyfWjEbpuYT2o",
    "prediction": "thirty",
    "actual": "thirty"
  },
  "2Br4bJfKY7SQM9DECrqqeG": {
    "question_id": "2Br4bJfKY7SQM9DECrqqeG",
    "prediction": "dirty",
    "actual": "dirty"
  },
  "2C8riXpRLX3CyM5jDz23m7": {
    "question_id": "2C8riXpRLX3CyM5jDz23m7",
    "prediction": "icing",
    "actual": "icing"
  },
  "2GhdXLaZFBYHSip4rvYKfK": {
    "question_id": "2GhdXLaZFBYHSip4rvYKfK",
    "prediction": "devil",
    "actual": "devil"
  },
  "2LCLpdpD3yy2dgH5tQbcFe": {
    "question_id": "2LCLpdpD3yy2dgH5tQbcFe",
    "prediction": "drying hair",
    "actual": "drying hair"
  },
  "2PGwvdFESLvwfFCwK5pbYu": {
    "question_id": "2PGwvdFESLvwfFCwK5pbYu",
    "prediction": "denim",
    "actual": "denim"
  },
  "2oPzCyj5FjrKtBLjGZH2rF": {
    "question_id": "2oPzCyj5FjrKtBLjGZH2rF",
    "prediction": "american",
    "actual": "american"
  },
  "2rC38fZh4n6ZXcyrUEKukj": {
    "question_id": "2rC38fZh4n6ZXcyrUEKukj",
    "prediction": "books",
    "actual": "books"
  },
  "2yWyzYRyZuYH2ZB49WNACa": {
    "question_id": "2yWyzYRyZuYH2ZB49WNACa",
    "prediction": "frisbee",
    "actual": "frisbee"
  },
  "3R6SnZ4MRGXXvao5ARVE8e": {
    "question_id": "3R6SnZ4MRGXXvao5ARVE8e",
    "prediction": "air traffic",
    "actual": "air traffic"
  },
  "3SKKn3bQ4xhiDpkesifdod": {
    "question_id": "3SKKn3bQ4xhiDpkesifdod",
    "prediction": "japan",
    "actual": "japan"
  },
  "3asRExdxmWQtJw4sv49AGZ": {
    "question_id": "3asRExdxmWQtJw4sv49AGZ",
    "prediction": "closed doors",
    "actual": "closed doors"
  },
  "3ef8KXbKoJaJZyVmxVZMaq": {
    "question_id": "3ef8KXbKoJaJZyVmxVZMaq",
    "prediction": "happy birthday",
    "actual": "happy birthday"
  },
  "4H7KMfvPvCTSvtf8Uyp55D": {
    "question_id": "4H7KMfvPvCTSvtf8Uyp55D",
    "prediction": "storage",
    "actual": "storage"
  },
  "4PvLY9C3GyARH3WSGYbYFq": {
    "question_id": "4PvLY9C3GyARH3WSGYbYFq",
    "prediction": "asian",
    "actual": "asian"
  },
  "4UrYfZMUToiF5f7GK6eMaz": {
    "question_id": "4UrYfZMUToiF5f7GK6eMaz",
    "prediction": "visibility",
    "actual": "visibility"
  },
  "4YvFMFoDw46kzXhajSgc9W": {
    "question_id": "4YvFMFoDw46kzXhajSgc9W",
    "prediction": "to eat",
    "actual": "to eat"
  },
  "4Z7WvuLTj7VUpVtLL2W2g7": {
    "question_id": "4Z7WvuLTj7VUpVtLL2W2g7",
    "prediction": "bathroom",
    "actual": "bathroom"
  },
  "4yq3AnREQ4PP7MXMWvBb5a": {
    "question_id": "4yq3AnREQ4PP7MXMWvBb5a",
    "prediction": "christmas",
    "actual": "christmas"
  },
  "5NysKUokKJcrFfUcBbr9Vo": {
    "question_id": "5NysKUokKJcrFfUcBbr9Vo",
    "prediction": "crashing",
    "actual": "crashing"
  },
  "5QURaRC8e3HjPpYC2GrX4u": {
    "question_id": "5QURaRC8e3HjPpYC2GrX4u",
    "prediction": "mushrooms",
    "actual": "mushrooms"
  },
  "5SgmGLJtR47rB539V4Jwt6": {
    "question_id": "5SgmGLJtR47rB539V4Jwt6",
    "prediction": "visibility",
    "actual": "visibility"
  },
  "5aRkxnYoakzDQFyDGb9qJ2": {
    "question_id": "5aRkxnYoakzDQFyDGb9qJ2",
    "prediction": "jessica biel",
    "actual": "jessica biel"
  },
  "5gQSkSh2eK3ZZ8bEyweBiA": {
    "question_id": "5gQSkSh2eK3ZZ8bEyweBiA",
    "prediction": "travel",
    "actual": "travel"
  },
  "5jGPL4u8JFHkLyQCG354uG": {
    "question_id": "5jGPL4u8JFHkLyQCG354uG",
    "prediction": "kite",
    "actual": "kite"
  },
  "5oBisjqVjcXEXGkd2uKPDe": {
    "question_id": "5oBisjqVjcXEXGkd2uKPDe",
    "prediction": "phone",
    "actual": "phone"
  },
  "64yPpMFbTw3CnmTULYZWTp": {
    "question_id": "64yPpMFbTw3CnmTULYZWTp",
    "prediction": "paris",
    "actual": "paris"
  },
  "6FKSZrTS9wzHwnKasBSfdP": {
    "question_id": "6FKSZrTS9wzHwnKasBSfdP",
    "prediction": "dipping",
    "actual": "dipping"
  },
  "6Ps8BgA4pbvK4eKToCDQqu": {
    "question_id": "6Ps8BgA4pbvK4eKToCDQqu",
    "prediction": "fireplace",
    "actual": "fireplace"
  },
  "6QuPF6pNBjs3DEXQh4AQt4": {
    "question_id": "6QuPF6pNBjs3DEXQh4AQt4",
    "prediction": "to eat",
    "actual": "to eat"
  },
  "6YyPKdGwhA3LJkUpL3p9F6": {
    "question_id": "6YyPKdGwhA3LJkUpL3p9F6",
    "prediction": "skating",
    "actual": "skating"
  },
  "6kgVidVJRysLz6Rx3eNBZi": {
    "question_id": "6kgVidVJRysLz6Rx3eNBZi",
    "prediction": "home",
    "actual": "home"
  },
  "6kv3CWDoRDsm2DnUCHRgmk": {
    "question_id": "6kv3CWDoRDsm2DnUCHRgmk",
    "prediction": "home",
    "actual": "home"
  },
  "6ony7mfRzE7tEhj5udEe5u": {
    "question_id": "6ony7mfRzE7tEhj5udEe5u",
    "prediction": "art show",
    "actual": "art show"
  },
  "6pLYuYn5suAGgoBgJ4Z6HC": {
    "question_id": "6pLYuYn5suAGgoBgJ4Z6HC",
    "prediction": "show performance",
    "actual": "show performance"
  },
  "6phsfhJ9iw5j6nYTpVBd9A": {
    "question_id": "6phsfhJ9iw5j6nYTpVBd9A",
    "prediction": "grandparents",
    "actual": "grandparents"
  },
  "6xTMCHe4ABbm6NDntoEkLJ": {
    "question_id": "6xTMCHe4ABbm6NDntoEkLJ",
    "prediction": "palm tree",
    "actual": "palm tree"
  },
  "7CWwGUgRqbPEiGcZEzFVEF": {
    "question_id": "7CWwGUgRqbPEiGcZEzFVEF",
    "prediction": "feline",
    "actual": "feline"
  },
  "7L2zGA6XFJrPCfLJCwBrww": {
    "question_id": "7L2zGA6XFJrPCfLJCwBrww",
    "prediction": "grazing",
    "actual": "grazing"
  },
  "7NXz8t4QzQWvJzpHqfPzRw": {
    "question_id": "7NXz8t4QzQWvJzpHqfPzRw",
    "prediction": "spectating",
    "actual": "spectating"
  },
  "7NxakvvZZEHKsh8MbNHHvz": {
    "question_id": "7NxakvvZZEHKsh8MbNHHvz",
    "prediction": "mason jar",
    "actual": "mason jar"
  },
  "7VodQFaYKxhUwQ5tpFSkRo": {
    "question_id": "7VodQFaYKxhUwQ5tpFSkRo",
    "prediction": "liquer",
    "actual": "liquer"
  },
  "7YTajnBGjXEmwuYjmsXsdX": {
    "question_id": "7YTajnBGjXEmwuYjmsXsdX",
    "prediction": "disneyland",
    "actual": "disneyland"
  },
  "7hKGdKpiEqfqB8dEeAw9hu": {
    "question_id": "7hKGdKpiEqfqB8dEeAw9hu",
    "prediction": "rain",
    "actual": "rain"
  },
  "7pAKkw446jdqTk9peDKjyY": {
    "question_id": "7pAKkw446jdqTk9peDKjyY",
    "prediction": "basement",
    "actual": "basement"
  },
  "859iiHHEi5eRJHipVattDU": {
    "question_id": "859iiHHEi5eRJHipVattDU",
    "prediction": "tennis",
    "actual": "tennis"
  },
  "8HQ9sy9TdK4XZffkkhmtRW": {
    "question_id": "8HQ9sy9TdK4XZffkkhmtRW",
    "prediction": "tusks",
    "actual": "tusks"
  },
  "8KFq64eMdw4qeAp2JXe96r": {
    "question_id": "8KFq64eMdw4qeAp2JXe96r",
    "prediction": "waiting room",
    "actual": "waiting room"
  },
  "8MrFkkmRAk7E8ccS8FPZ8S": {
    "question_id": "8MrFkkmRAk7E8ccS8FPZ8S",
    "prediction": "to ride",
    "actual": "to ride"
  },
  "8PZriuWuwokXCriqVBZwSJ": {
    "question_id": "8PZriuWuwokXCriqVBZwSJ",
    "prediction": "train tracks",
    "actual": "train tracks"
  },
  "8Qivn8LXSmWYmn7zgKGiw4": {
    "question_id": "8Qivn8LXSmWYmn7zgKGiw4",
    "prediction": "speakers",
    "actual": "speakers"
  },
  "8enBCTrMj57db8JVq9wyPq": {
    "question_id": "8enBCTrMj57db8JVq9wyPq",
    "prediction": "orange slices",
    "actual": "orange slices"
  },
  "8spFMseWd5TyYXt4LygCE5": {
    "question_id": "8spFMseWd5TyYXt4LygCE5",
    "prediction": "one",
    "actual": "one"
  },
  "8tjSG5kCpUsF7QaQsPoJcG": {
    "question_id": "8tjSG5kCpUsF7QaQsPoJcG",
    "prediction": "omaha",
    "actual": "omaha"
  },
  "99Ra8z27K9FLU2u5acKAqp": {
    "question_id": "99Ra8z27K9FLU2u5acKAqp",
    "prediction": "rail",
    "actual": "rail"
  },
  "9PZxoQZCdEn8VijhqTfENe": {
    "question_id": "9PZxoQZCdEn8VijhqTfENe",
    "prediction": "fork",
    "actual": "fork"
  },
  "9TbmZ3Qq4paDv4AUeXpLEm": {
    "question_id": "9TbmZ3Qq4paDv4AUeXpLEm",
    "prediction": "paint",
    "actual": "paint"
  },
  "9ZB4WcL9Sbo3L6ZPkaqzKY": {
    "question_id": "9ZB4WcL9Sbo3L6ZPkaqzKY",
    "prediction": "three",
    "actual": "three"
  },
  "9v2zVc4N5db5pVtYvrVEeD": {
    "question_id": "9v2zVc4N5db5pVtYvrVEeD",
    "prediction": "money",
    "actual": "money"
  },
  "A2uU9gQWJp8Z3LJePdL9u8": {
    "question_id": "A2uU9gQWJp8Z3LJePdL9u8",
    "prediction": "japanese",
    "actual": "japanese"
  },
  "ANKUidMb7wYYN6GuJ8eERw": {
    "question_id": "ANKUidMb7wYYN6GuJ8eERw",
    "prediction": "fridge",
    "actual": "fridge"
  },
  "APKEVGn8hXAWmsWYxQQukD": {
    "question_id": "APKEVGn8hXAWmsWYxQQukD",
    "prediction": "sun",
    "actual": "sun"
  },
  "AR5jScMLqmYDjzmKHxKzMT": {
    "question_id": "AR5jScMLqmYDjzmKHxKzMT",
    "prediction": "holiday dinner",
    "actual": "holiday dinner"
  },
  "AScfHhLUR7uPGS4TV6VpbN": {
    "question_id": "AScfHhLUR7uPGS4TV6VpbN",
    "prediction": "to restrain",
    "actual": "to restrain"
  },
  "AXvcbZSCWScQ9hb4hjB4si": {
    "question_id": "AXvcbZSCWScQ9hb4hjB4si",
    "prediction": "spiderman",
    "actual": "spiderman"
  },
  "AYNy264QNVzJ6rgeCkW4SU": {
    "question_id": "AYNy264QNVzJ6rgeCkW4SU",
    "prediction": "throw ball",
    "actual": "throw ball"
  },
  "AiqztJZtJ4dNX7XYnu8rYU": {
    "question_id": "AiqztJZtJ4dNX7XYnu8rYU",
    "prediction": "cow",
    "actual": "cow"
  },
  "B89EaRFhsoHzAy55JKCZJJ": {
    "question_id": "B89EaRFhsoHzAy55JKCZJJ",
    "prediction": "90",
    "actual": "90"
  },
  "B9XREx57Gw3BhJfjEg9yib": {
    "question_id": "B9XREx57Gw3BhJfjEg9yib",
    "prediction": "public transport",
    "actual": "public transport"
  },
  "BJxwGHyivgHAjykCUoSUXo": {
    "question_id": "BJxwGHyivgHAjykCUoSUXo",
    "prediction": "grocery store",
    "actual": "grocery store"
  },
  "BPPnGELjMEGtrmqgkrBt6V": {
    "question_id": "BPPnGELjMEGtrmqgkrBt6V",
    "prediction": "bakery",
    "actual": "bakery"
  },
  "BSZ9GqpZWjmXRxdbn5nTjf": {
    "question_id": "BSZ9GqpZWjmXRxdbn5nTjf",
    "prediction": "kite",
    "actual": "kite"
  },
  "BSgG9C63esRw6W3Tw6rBbu": {
    "question_id": "BSgG9C63esRw6W3Tw6rBbu",
    "prediction": "skateboard",
    "actual": "skateboard"
  },
  "BWmRhAFKF4KHK6QqPKS5Q3": {
    "question_id": "BWmRhAFKF4KHK6QqPKS5Q3",
    "prediction": "trash",
    "actual": "trash"
  },
  "BaNWccWHEXHgtdo2h5795T": {
    "question_id": "BaNWccWHEXHgtdo2h5795T",
    "prediction": "traffic",
    "actual": "traffic"
  },
  "BpLgWvp3a7WEzrsmnpQBWT": {
    "question_id": "BpLgWvp3a7WEzrsmnpQBWT",
    "prediction": "string",
    "actual": "string"
  },
  "Bu9pF6sWajjGr6XDi4rb63": {
    "question_id": "Bu9pF6sWajjGr6XDi4rb63",
    "prediction": "trees",
    "actual": "trees"
  },
  "BwNg9mG4uXsALtLg2ztFgz": {
    "question_id": "BwNg9mG4uXsALtLg2ztFgz",
    "prediction": "yeast",
    "actual": "yeast"
  },
  "C9AXp35Pm8iw5MANqbWmyR": {
    "question_id": "C9AXp35Pm8iw5MANqbWmyR",
    "prediction": "game",
    "actual": "game"
  },
  "CKj2DmTDPa2HMKUvU9d6RN": {
    "question_id": "CKj2DmTDPa2HMKUvU9d6RN",
    "prediction": "vespa",
    "actual": "vespa"
  },
  "CMPt5xfqSyHQoFockxCWux": {
    "question_id": "CMPt5xfqSyHQoFockxCWux",
    "prediction": "rain",
    "actual": "rain"
  },
  "CQ7rcUkY5B9MZfB9yoU6ei": {
    "question_id": "CQ7rcUkY5B9MZfB9yoU6ei",
    "prediction": "underground",
    "actual": "underground"
  },
  "CTrTbwL2BtnQqY9vjiEiFF": {
    "question_id": "CTrTbwL2BtnQqY9vjiEiFF",
    "prediction": "wine",
    "actual": "wine"
  },
  "CVVWeSyTpmWdozRWra6qbu": {
    "question_id": "CVVWeSyTpmWdozRWra6qbu",
    "prediction": "city",
    "actual": "city"
  },
  "CrTrpTaqCFB2AYxne8FFyw": {
    "question_id": "CrTrpTaqCFB2AYxne8FFyw",
    "prediction": "motorcycle",
    "actual": "motorcycle"
  },
  "D2nH9ADi8U2ATp3ryKnDvb": {
    "question_id": "D2nH9ADi8U2ATp3ryKnDvb",
    "prediction": "chariot racing",
    "actual": "chariot racing"
  },
  "D5wkZcANAvQPLDQHLMV2TQ": {
    "question_id": "D5wkZcANAvQPLDQHLMV2TQ",
    "prediction": "talk show",
    "actual": "talk show"
  },
  "D6q9dXSUpTBgDkWi7e7dYS": {
    "question_id": "D6q9dXSUpTBgDkWi7e7dYS",
    "prediction": "banana split",
    "actual": "banana split"
  },
  "DAEcXR5DWNgEcEVRqA4xFS": {
    "question_id": "DAEcXR5DWNgEcEVRqA4xFS",
    "prediction": "watch tv",
    "actual": "watch tv"
  },
  "DYEPfA4NaMDK8Dj5qW7AAE": {
    "question_id": "DYEPfA4NaMDK8Dj5qW7AAE",
    "prediction": "living room",
    "actual": "living room"
  },
  "DbQuf7wY2JtaK4aonapJXt": {
    "question_id": "DbQuf7wY2JtaK4aonapJXt",
    "prediction": "singing",
    "actual": "singing"
  },
  "DhYoususnAa6GHBnV7UkZ7": {
    "question_id": "DhYoususnAa6GHBnV7UkZ7",
    "prediction": "keyboard",
    "actual": "keyboard"
  },
  "DjXHKc7B4xBT6qMsDFXXjt": {
    "question_id": "DjXHKc7B4xBT6qMsDFXXjt",
    "prediction": "tea lights",
    "actual": "tea lights"
  },
  "DwKTiqQxFH5Ei2cQGR3Y9U": {
    "question_id": "DwKTiqQxFH5Ei2cQGR3Y9U",
    "prediction": "wok",
    "actual": "wok"
  },
  "Dy2TUremDDZAAQrkx5oPnB": {
    "question_id": "Dy2TUremDDZAAQrkx5oPnB",
    "prediction": "candle",
    "actual": "candle"
  },
  "E6oDJ9maBhuvp2wvnBXfCH": {
    "question_id": "E6oDJ9maBhuvp2wvnBXfCH",
    "prediction": "peeler",
    "actual": "peeler"
  },
  "E7LafAUEeJM9NiMjemXwRW": {
    "question_id": "E7LafAUEeJM9NiMjemXwRW",
    "prediction": "zebra",
    "actual": "zebra"
  },
  "E9Tea7kyCg7eW4bPeT5W83": {
    "question_id": "E9Tea7kyCg7eW4bPeT5W83",
    "prediction": "beer",
    "actual": "beer"
  },
  "EAHmczQURaep8SJkvhYCje": {
    "question_id": "EAHmczQURaep8SJkvhYCje",
    "prediction": "fence",
    "actual": "fence"
  },
  "EAWGdocBoaqPxLQuJ3UJb6": {
    "question_id": "EAWGdocBoaqPxLQuJ3UJb6",
    "prediction": "fall-winter",
    "actual": "fall-winter"
  },
  "EJ5nAfveNYp6rFYz46Dqkw": {
    "question_id": "EJ5nAfveNYp6rFYz46Dqkw",
    "prediction": "screen",
    "actual": "screen"
  },
  "ETvPS6xXYPupruZTU3pf3F": {
    "question_id": "ETvPS6xXYPupruZTU3pf3F",
    "prediction": "intersection",
    "actual": "intersection"
  },
  "EmU9DKov4EwRDaZuKvzAXj": {
    "question_id": "EmU9DKov4EwRDaZuKvzAXj",
    "prediction": "beer",
    "actual": "beer"
  },
  "EohV983PdD4udviqEUgU3D": {
    "question_id": "EohV983PdD4udviqEUgU3D",
    "prediction": "three",
    "actual": "three"
  },
  "EsctZHEwzyvi6A7K55acJq": {
    "question_id": "EsctZHEwzyvi6A7K55acJq",
    "prediction": "clothing",
    "actual": "clothing"
  },
  "EueF8ShbQJHpynE7TdNGRG": {
    "question_id": "EueF8ShbQJHpynE7TdNGRG",
    "prediction": "shoes",
    "actual": "shoes"
  },
  "Eyzb8SKxYzzJuegL3tkwga": {
    "question_id": "Eyzb8SKxYzzJuegL3tkwga",
    "prediction": "cotton",
    "actual": "cotton"
  },
  "FAgxg4yMBGCmnhc9FTTxyq": {
    "question_id": "FAgxg4yMBGCmnhc9FTTxyq",
    "prediction": "two",
    "actual": "two"
  },
  "FCXFfhVqdfimMXqx3Vx8b5": {
    "question_id": "FCXFfhVqdfimMXqx3Vx8b5",
    "prediction": "zebra",
    "actual": "zebra"
  },
  "FDVQDJDFkV3tWkfTvrnAFy": {
    "question_id": "FDVQDJDFkV3tWkfTvrnAFy",
    "prediction": "lighting",
    "actual": "lighting"
  },
  "FFw7axjcwgXQxHygov52fm": {
    "question_id": "FFw7axjcwgXQxHygov52fm",
    "prediction": "skateboard",
    "actual": "skateboard"
  },
  "FG6kmHCaikmwGGpw9RhpSD": {
    "question_id": "FG6kmHCaikmwGGpw9RhpSD",
    "prediction": "employee",
    "actual": "employee"
  },
  "FHq2UjmQmmZbCvD4wDJwjH": {
    "question_id": "FHq2UjmQmmZbCvD4wDJwjH",
    "prediction": "fashion",
    "actual": "fashion"
  },
  "FWokXQxyNdSctoKKriQTqh": {
    "question_id": "FWokXQxyNdSctoKKriQTqh",
    "prediction": "rain",
    "actual": "rain"
  },
  "FWxu3Lu6FiTr37WCUXdKM9": {
    "question_id": "FWxu3Lu6FiTr37WCUXdKM9",
    "prediction": "selfie",
    "actual": "selfie"
  },
  "FeTsEoSpyGhqi8ui4i8tTy": {
    "question_id": "FeTsEoSpyGhqi8ui4i8tTy",
    "prediction": "for reception",
    "actual": "for reception"
  },
  "Fg53NYDDkdBe9AAbXNb5df": {
    "question_id": "Fg53NYDDkdBe9AAbXNb5df",
    "prediction": "bicycle",
    "actual": "bicycle"
  },
  "FrMujHaugfA8T2uMPEkckf": {
    "question_id": "FrMujHaugfA8T2uMPEkckf",
    "prediction": "ocean",
    "actual": "ocean"
  },
  "FtGwEGsss4Cqe38LrFBgj3": {
    "question_id": "FtGwEGsss4Cqe38LrFBgj3",
    "prediction": "home",
    "actual": "home"
  },
  "Fv2hy4qfFdd847B3xEcPz3": {
    "question_id": "Fv2hy4qfFdd847B3xEcPz3",
    "prediction": "grassy",
    "actual": "grassy"
  },
  "G7durJhNy8kAYScbWXjvyQ": {
    "question_id": "G7durJhNy8kAYScbWXjvyQ",
    "prediction": "ranch",
    "actual": "ranch"
  },
  "GYERWEzeTRB8TqAZXguSbG": {
    "question_id": "GYERWEzeTRB8TqAZXguSbG",
    "prediction": "rain protection",
    "actual": "rain protection"
  },
  "GaMNX53oAdZUoytgminHKh": {
    "question_id": "GaMNX53oAdZUoytgminHKh",
    "prediction": "grey",
    "actual": "grey"
  },
  "GhbDi6TH7F8tykDJvovapH": {
    "question_id": "GhbDi6TH7F8tykDJvovapH",
    "prediction": "time lapse",
    "actual": "time lapse"
  },
  "GkrGRjhVED6WinovPED8iZ": {
    "question_id": "GkrGRjhVED6WinovPED8iZ",
    "prediction": "statues",
    "actual": "statues"
  },
  "Gr2guph9meudkWEM6Gbpwr": {
    "question_id": "Gr2guph9meudkWEM6Gbpwr",
    "prediction": "gas",
    "actual": "gas"
  },
  "GzEbcQExF4cHmrhk7rdnce": {
    "question_id": "GzEbcQExF4cHmrhk7rdnce",
    "prediction": "nintendo wii",
    "actual": "nintendo wii"
  },
  "GzwDohFGAzDgkHBGFKfCTF": {
    "question_id": "GzwDohFGAzDgkHBGFKfCTF",
    "prediction": "keypad",
    "actual": "keypad"
  },
  "H5BWeWuYriU6bmUwUPKtGE": {
    "question_id": "H5BWeWuYriU6bmUwUPKtGE",
    "prediction": "glass",
    "actual": "glass"
  },
  "H5ij2UADeZudHffAeLzw6z": {
    "question_id": "H5ij2UADeZudHffAeLzw6z",
    "prediction": "apple",
    "actual": "apple"
  },
  "H6NnKaLeBganALK78FdQq7": {
    "question_id": "H6NnKaLeBganALK78FdQq7",
    "prediction": "united states",
    "actual": "united states"
  },
  "H7QnkgRHJJYQpjyyG3Szfc": {
    "question_id": "H7QnkgRHJJYQpjyyG3Szfc",
    "prediction": "handle",
    "actual": "handle"
  },
  "H84RC5rtsFPxCmNS27jbHf": {
    "question_id": "H84RC5rtsFPxCmNS27jbHf",
    "prediction": "smoke",
    "actual": "smoke"
  },
  "H8bbnrXJwvzCPyGsK48h8c": {
    "question_id": "H8bbnrXJwvzCPyGsK48h8c",
    "prediction": "conference room",
    "actual": "conference room"
  },
  "HM4obw9fQyb3aPheZjgtqq": {
    "question_id": "HM4obw9fQyb3aPheZjgtqq",
    "prediction": "visibility",
    "actual": "visibility"
  },
  "HMuwvp694v2XuNGWtSht8h": {
    "question_id": "HMuwvp694v2XuNGWtSht8h",
    "prediction": "nine",
    "actual": "nine"
  },
  "HVw3M6ynyrfGd6UNNGLDyS": {
    "question_id": "HVw3M6ynyrfGd6UNNGLDyS",
    "prediction": "home plate",
    "actual": "home plate"
  },
  "HdyKrZXRwibeYWRs8Qnkhe": {
    "question_id": "HdyKrZXRwibeYWRs8Qnkhe",
    "prediction": "ham",
    "actual": "ham"
  },
  "Hnor848pYZFWrEeYWfuYCF": {
    "question_id": "Hnor848pYZFWrEeYWfuYCF",
    "prediction": "coffee",
    "actual": "coffee"
  },
  "HvqzXR3y2V29n55RRarBQA": {
    "question_id": "HvqzXR3y2V29n55RRarBQA",
    "prediction": "safety",
    "actual": "safety"
  },
  "J6Kwvdi26GWFDHeADMXSWW": {
    "question_id": "J6Kwvdi26GWFDHeADMXSWW",
    "prediction": "helium",
    "actual": "helium"
  },
  "JG6LR7gqcbcDvbrwYiZbnj": {
    "question_id": "JG6LR7gqcbcDvbrwYiZbnj",
    "prediction": "to balance",
    "actual": "to balance"
  },
  "JJPVhVK8EvZNsddZMETh6v": {
    "question_id": "JJPVhVK8EvZNsddZMETh6v",
    "prediction": "weekend",
    "actual": "weekend"
  },
  "JK2iuDmUfAfGyyNaUnWZgK": {
    "question_id": "JK2iuDmUfAfGyyNaUnWZgK",
    "prediction": "fish eye",
    "actual": "fish eye"
  },
  "JR77UNbyj38mU3p6Ku6Qn8": {
    "question_id": "JR77UNbyj38mU3p6Ku6Qn8",
    "prediction": "broccoli",
    "actual": "broccoli"
  },
  "JTUjHvTpxRzo2TtJWiCzUy": {
    "question_id": "JTUjHvTpxRzo2TtJWiCzUy",
    "prediction": "herd sheep",
    "actual": "herd sheep"
  },
  "JYWg9aVznMs3k9DbgYYj5a": {
    "question_id": "JYWg9aVznMs3k9DbgYYj5a",
    "prediction": "corporation",
    "actual": "corporation"
  },
  "Jd5ZtcGspbFr8SHETgpt53": {
    "question_id": "Jd5ZtcGspbFr8SHETgpt53",
    "prediction": "round",
    "actual": "round"
  },
  "JuxtrucqNyPwRLsANkhiRw": {
    "question_id": "JuxtrucqNyPwRLsANkhiRw",
    "prediction": "asian",
    "actual": "asian"
  },
  "JwnCRZQToshydgQiSHz6Qk": {
    "question_id": "JwnCRZQToshydgQiSHz6Qk",
    "prediction": "fireplace",
    "actual": "fireplace"
  },
  "JzruB6ybwPgmhZ5euNweVS": {
    "question_id": "JzruB6ybwPgmhZ5euNweVS",
    "prediction": "cellular",
    "actual": "cellular"
  },
  "K7TG3WAZ6ViJaprGP2QFb3": {
    "question_id": "K7TG3WAZ6ViJaprGP2QFb3",
    "prediction": "keys",
    "actual": "keys"
  },
  "KDt9uiMSWXdfqZg8DkfQYP": {
    "question_id": "KDt9uiMSWXdfqZg8DkfQYP",
    "prediction": "sleep",
    "actual": "sleep"
  },
  "KHUiovaE2ZgBkwbt2ADbaN": {
    "question_id": "KHUiovaE2ZgBkwbt2ADbaN",
    "prediction": "sadness",
    "actual": "sadness"
  },
  "KJfQQQhNGQydZ2gdW6dv9A": {
    "question_id": "KJfQQQhNGQydZ2gdW6dv9A",
    "prediction": "salami",
    "actual": "salami"
  },
  "KMYPv55YgBCMho3xHBu4GM": {
    "question_id": "KMYPv55YgBCMho3xHBu4GM",
    "prediction": "canada",
    "actual": "canada"
  },
  "KSBuivjEvKXo6nskDiHPRK": {
    "question_id": "KSBuivjEvKXo6nskDiHPRK",
    "prediction": "ice cream",
    "actual": "ice cream"
  },
  "KVAeyTAfrvN8fst6NXA6MT": {
    "question_id": "KVAeyTAfrvN8fst6NXA6MT",
    "prediction": "mushroom",
    "actual": "mushroom"
  },
  "KYHbG5z9mj4H4dAJbzLuQ4": {
    "question_id": "KYHbG5z9mj4H4dAJbzLuQ4",
    "prediction": "dress",
    "actual": "dress"
  },
  "KatNcK2tJQ8nr2oasRaXoD": {
    "question_id": "KatNcK2tJQ8nr2oasRaXoD",
    "prediction": "run",
    "actual": "run"
  },
  "KpXGPyoqZUqo76FaqZuNXF": {
    "question_id": "KpXGPyoqZUqo76FaqZuNXF",
    "prediction": "hotel",
    "actual": "hotel"
  },
  "KwuvnUibgJ9zWpif3UzUtJ": {
    "question_id": "KwuvnUibgJ9zWpif3UzUtJ",
    "prediction": "ground",
    "actual": "ground"
  },
  "KxDzK3TmVjHrd7PVRGf6AP": {
    "question_id": "KxDzK3TmVjHrd7PVRGf6AP",
    "prediction": "cutting food",
    "actual": "cutting food"
  },
  "LGdv7ZFDA5bxdGaYw5XSLZ": {
    "question_id": "LGdv7ZFDA5bxdGaYw5XSLZ",
    "prediction": "camouflage",
    "actual": "camouflage"
  },
  "LHeFhpiVsUvAjwDNWJQPfZ": {
    "question_id": "LHeFhpiVsUvAjwDNWJQPfZ",
    "prediction": "white",
    "actual": "white"
  },
  "LHmjT6smJB8ZerDLp4DJuy": {
    "question_id": "LHmjT6smJB8ZerDLp4DJuy",
    "prediction": "home",
    "actual": "home"
  },
  "LNUVUyUrSmACQeFCKtKq6U": {
    "question_id": "LNUVUyUrSmACQeFCKtKq6U",
    "prediction": "wax",
    "actual": "wax"
  },
  "LYvkz5jUWHpZYkZ8VhxESf": {
    "question_id": "LYvkz5jUWHpZYkZ8VhxESf",
    "prediction": "to rest",
    "actual": "to rest"
  },
  "LduCAeBABsAgiTkxMrytDf": {
    "question_id": "LduCAeBABsAgiTkxMrytDf",
    "prediction": "olive oil",
    "actual": "olive oil"
  },
  "LjrjS6vsP3xXwot5D9eFiD": {
    "question_id": "LjrjS6vsP3xXwot5D9eFiD",
    "prediction": "kayaking",
    "actual": "kayaking"
  },
  "LpbiGZE3yGNeqQXPc8cB7v": {
    "question_id": "LpbiGZE3yGNeqQXPc8cB7v",
    "prediction": "post-its",
    "actual": "post-its"
  },
  "LygyAJXhmSDTBfc6cAtztt": {
    "question_id": "LygyAJXhmSDTBfc6cAtztt",
    "prediction": "motorcycle",
    "actual": "motorcycle"
  },
  "M24oDREQRXZxbPHeX82hTm": {
    "question_id": "M24oDREQRXZxbPHeX82hTm",
    "prediction": "eat",
    "actual": "eat"
  },
  "M3UwocoRkLnvoEsrqhUrRZ": {
    "question_id": "M3UwocoRkLnvoEsrqhUrRZ",
    "prediction": "cart",
    "actual": "cart"
  },
  "MDyjdP8Esi9N3eEpLVuwx7": {
    "question_id": "MDyjdP8Esi9N3eEpLVuwx7",
    "prediction": "protection",
    "actual": "protection"
  },
  "MFcz9WFowTCRnWEpVdEfiJ": {
    "question_id": "MFcz9WFowTCRnWEpVdEfiJ",
    "prediction": "snow",
    "actual": "snow"
  },
  "MNd63HUuxoKR7oBz6d3zA5": {
    "question_id": "MNd63HUuxoKR7oBz6d3zA5",
    "prediction": "purse",
    "actual": "purse"
  },
  "MWDJi7QGHxkNj2dWNnzE6S": {
    "question_id": "MWDJi7QGHxkNj2dWNnzE6S",
    "prediction": "was",
    "actual": "was"
  },
  "MXNuoDzTufsnkH3TEQS9P3": {
    "question_id": "MXNuoDzTufsnkH3TEQS9P3",
    "prediction": "warmth",
    "actual": "warmth"
  },
  "MYWA3eAGfavXR4ehMz22fV": {
    "question_id": "MYWA3eAGfavXR4ehMz22fV",
    "prediction": "to race",
    "actual": "to race"
  },
  "MdpQEymVqNWnxqPPxPXxvs": {
    "question_id": "MdpQEymVqNWnxqPPxPXxvs",
    "prediction": "j",
    "actual": "j"
  },
  "MgwZ9gzpwfp2xz2oGjemMc": {
    "question_id": "MgwZ9gzpwfp2xz2oGjemMc",
    "prediction": "camera lens",
    "actual": "camera lens"
  },
  "MiavLRSwBYJp9ooFkFHjv6": {
    "question_id": "MiavLRSwBYJp9ooFkFHjv6",
    "prediction": "vegetarians",
    "actual": "vegetarians"
  },
  "MtpJjmnfFfb8pD3fpbvCTq": {
    "question_id": "MtpJjmnfFfb8pD3fpbvCTq",
    "prediction": "crossing street",
    "actual": "crossing street"
  },
  "MvjdGpXqcdaADbsGwjo2Bm": {
    "question_id": "MvjdGpXqcdaADbsGwjo2Bm",
    "prediction": "ski poles",
    "actual": "ski poles"
  },
  "NFMXerxQWMSQACyqHarJre": {
    "question_id": "NFMXerxQWMSQACyqHarJre",
    "prediction": "battery",
    "actual": "battery"
  },
  "NMaWJvLKEHntrF2zNxigMq": {
    "question_id": "NMaWJvLKEHntrF2zNxigMq",
    "prediction": "body surf",
    "actual": "body surf"
  },
  "NQQEM9mH6viipfoP9kMC6v": {
    "question_id": "NQQEM9mH6viipfoP9kMC6v",
    "prediction": "tourists",
    "actual": "tourists"
  },
  "NYcTJoQKwAGgyi4FB5gAt8": {
    "question_id": "NYcTJoQKwAGgyi4FB5gAt8",
    "prediction": "to travel",
    "actual": "to travel"
  },
  "P849UYcdPdpuMhsTCbyCuu": {
    "question_id": "P849UYcdPdpuMhsTCbyCuu",
    "prediction": "jockeys",
    "actual": "jockeys"
  },
  "PCavtGPpEZnoW3vRUb2vbM": {
    "question_id": "PCavtGPpEZnoW3vRUb2vbM",
    "prediction": "smoking",
    "actual": "smoking"
  },
  "PSyBiDyNfASh3NPty6sGVq": {
    "question_id": "PSyBiDyNfASh3NPty6sGVq",
    "prediction": "getting married",
    "actual": "getting married"
  },
  "PcWKJUYhqCiRRsF9ecidXy": {
    "question_id": "PcWKJUYhqCiRRsF9ecidXy",
    "prediction": "wood",
    "actual": "wood"
  },
  "Pgr2EjnVJiyNjUnPs2qgkg": {
    "question_id": "Pgr2EjnVJiyNjUnPs2qgkg",
    "prediction": "curiosity",
    "actual": "curiosity"
  },
  "Px66AnBiMseHFPF94hYP93": {
    "question_id": "Px66AnBiMseHFPF94hYP93",
    "prediction": "dhalsim",
    "actual": "dhalsim"
  },
  "Q5hfYjQnaxng9vg7QmEqa5": {
    "question_id": "Q5hfYjQnaxng9vg7QmEqa5",
    "prediction": "siblings",
    "actual": "siblings"
  },
  "Q8qrsK2VxVXdM3LRKyhi5U": {
    "question_id": "Q8qrsK2VxVXdM3LRKyhi5U",
    "prediction": "coach",
    "actual": "coach"
  },
  "QKSFmfG3S2PeXAuucEHUam": {
    "question_id": "QKSFmfG3S2PeXAuucEHUam",
    "prediction": "tokyo",
    "actual": "tokyo"
  },
  "QWSFPjnNokcHAt3aUzZCTT": {
    "question_id": "QWSFPjnNokcHAt3aUzZCTT",
    "prediction": "same uniform",
    "actual": "same uniform"
  },
  "QaNQeaARotkH69bbZmrpuA": {
    "question_id": "QaNQeaARotkH69bbZmrpuA",
    "prediction": "glass",
    "actual": "glass"
  },
  "Qv49BJttrdU8moobFFSe58": {
    "question_id": "Qv49BJttrdU8moobFFSe58",
    "prediction": "poles",
    "actual": "poles"
  },
  "RE7AjTGi4wSmoqR4QYLrjB": {
    "question_id": "RE7AjTGi4wSmoqR4QYLrjB",
    "prediction": "octopus",
    "actual": "octopus"
  },
  "ReDe96f2774vpupY23aBCH": {
    "question_id": "ReDe96f2774vpupY23aBCH",
    "prediction": "pete rose",
    "actual": "pete rose"
  },
  "RhZ5i6awC44Si9nVyCzBst": {
    "question_id": "RhZ5i6awC44Si9nVyCzBst",
    "prediction": "pulling it",
    "actual": "pulling it"
  },
  "RktS7Pmjx4EvyCUjQB5TSr": {
    "question_id": "RktS7Pmjx4EvyCUjQB5TSr",
    "prediction": "mousepad",
    "actual": "mousepad"
  },
  "RrQ48CMWPTgqsvg2K4P7eR": {
    "question_id": "RrQ48CMWPTgqsvg2K4P7eR",
    "prediction": "crouch",
    "actual": "crouch"
  },
  "RwYJaSgNVemMYsSkVVKnxu": {
    "question_id": "RwYJaSgNVemMYsSkVVKnxu",
    "prediction": "red velvet",
    "actual": "red velvet"
  },
  "RxPKF64GYxeyCLiP32aKf5": {
    "question_id": "RxPKF64GYxeyCLiP32aKf5",
    "prediction": "illinois",
    "actual": "illinois"
  },
  "SDfSmLAeRRq77jeB3mdieQ": {
    "question_id": "SDfSmLAeRRq77jeB3mdieQ",
    "prediction": "sleeping bag",
    "actual": "sleeping bag"
  },
  "SgSpH9dKik4F3kZ9pu2EbH": {
    "question_id": "SgSpH9dKik4F3kZ9pu2EbH",
    "prediction": "donuts",
    "actual": "donuts"
  },
  "SgqV4mnErEwU75PNQtwqpo": {
    "question_id": "SgqV4mnErEwU75PNQtwqpo",
    "prediction": "buildings",
    "actual": "buildings"
  },
  "SpnBQjkqymWyZ5gEzPTwKu": {
    "question_id": "SpnBQjkqymWyZ5gEzPTwKu",
    "prediction": "cow",
    "actual": "cow"
  },
  "Su4RjX7NpuDbXwjPMBxq9g": {
    "question_id": "Su4RjX7NpuDbXwjPMBxq9g",
    "prediction": "buses",
    "actual": "buses"
  },
  "SvWosPQqsqcUBDy2Jzg4hr": {
    "question_id": "SvWosPQqsqcUBDy2Jzg4hr",
    "prediction": "for shade",
    "actual": "for shade"
  },
  "T9KmhNREm5oz68KpHDp4jR": {
    "question_id": "T9KmhNREm5oz68KpHDp4jR",
    "prediction": "person",
    "actual": "person"
  },
  "TCXSs2iG5qmduZYmRir2cK": {
    "question_id": "TCXSs2iG5qmduZYmRir2cK",
    "prediction": "fresh",
    "actual": "fresh"
  },
  "TP6CLZw55zqvf7ysJUnG2B": {
    "question_id": "TP6CLZw55zqvf7ysJUnG2B",
    "prediction": "microphone",
    "actual": "microphone"
  },
  "TWyAuHgJjHojJL8osH3VPw": {
    "question_id": "TWyAuHgJjHojJL8osH3VPw",
    "prediction": "sold",
    "actual": "sold"
  },
  "TgnxoGn2URnSnsnWhniwQ9": {
    "question_id": "TgnxoGn2URnSnsnWhniwQ9",
    "prediction": "dogs",
    "actual": "dogs"
  },
  "TorF8s9TxEizB8N2ETkwc7": {
    "question_id": "TorF8s9TxEizB8N2ETkwc7",
    "prediction": "boarding",
    "actual": "boarding"
  },
  "TsqMjNDdEXguXzN7puUbW5": {
    "question_id": "TsqMjNDdEXguXzN7puUbW5",
    "prediction": "plastic",
    "actual": "plastic"
  },
  "U3vN2kLcHwnX4WfdNGnvxW": {
    "question_id": "U3vN2kLcHwnX4WfdNGnvxW",
    "prediction": "sea",
    "actual": "sea"
  },
  "U5Z3AUf3R9VcDqTFDLGt2c": {
    "question_id": "U5Z3AUf3R9VcDqTFDLGt2c",
    "prediction": "asia",
    "actual": "asia"
  },
  "UCbMvJEQ5bXNnFJMtybA48": {
    "question_id": "UCbMvJEQ5bXNnFJMtybA48",
    "prediction": "computer",
    "actual": "computer"
  },
  "UPhByDxcyegyWfhgbrkTZD": {
    "question_id": "UPhByDxcyegyWfhgbrkTZD",
    "prediction": "cell phone",
    "actual": "cell phone"
  },
  "US64WDYHmJ3UBhFuwDmcWM": {
    "question_id": "US64WDYHmJ3UBhFuwDmcWM",
    "prediction": "police officer",
    "actual": "police officer"
  },
  "UUjWA8SQGxcai53mEXndiA": {
    "question_id": "UUjWA8SQGxcai53mEXndiA",
    "prediction": "churning water",
    "actual": "churning water"
  },
  "UXBfDe6BkYdbApxVPSdmVo": {
    "question_id": "UXBfDe6BkYdbApxVPSdmVo",
    "prediction": "yogurt",
    "actual": "yogurt"
  },
  "UXR5X7hqtMs7BPFyniqscB": {
    "question_id": "UXR5X7hqtMs7BPFyniqscB",
    "prediction": "snow boarding",
    "actual": "snow boarding"
  },
  "UYqcgLGSbQXzeDLUj6rZej": {
    "question_id": "UYqcgLGSbQXzeDLUj6rZej",
    "prediction": "tusk",
    "actual": "tusk"
  },
  "UcdDMTu4br8uyQPYPQxgo6": {
    "question_id": "UcdDMTu4br8uyQPYPQxgo6",
    "prediction": "east asia",
    "actual": "east asia"
  },
  "UdzPZ8vzkJg3Bp2pMQP5f2": {
    "question_id": "UdzPZ8vzkJg3Bp2pMQP5f2",
    "prediction": "goose",
    "actual": "goose"
  },
  "UkRTVsdAmDo7qV28T2qKzs": {
    "question_id": "UkRTVsdAmDo7qV28T2qKzs",
    "prediction": "touring band",
    "actual": "touring band"
  },
  "UpTNoSajrD27GvfoAdVnsC": {
    "question_id": "UpTNoSajrD27GvfoAdVnsC",
    "prediction": "four",
    "actual": "four"
  },
  "UrWnWqFNL2XNxWBvkt3nLp": {
    "question_id": "UrWnWqFNL2XNxWBvkt3nLp",
    "prediction": "ax",
    "actual": "ax"
  },
  "VAgkuyL7FuecBgmyumQ6oh": {
    "question_id": "VAgkuyL7FuecBgmyumQ6oh",
    "prediction": "sun",
    "actual": "sun"
  },
  "VF8AXcb7aXEHcTu4ZWtQf6": {
    "question_id": "VF8AXcb7aXEHcTu4ZWtQf6",
    "prediction": "restaurant",
    "actual": "restaurant"
  },
  "VJLpcbF24BNNeHBGBKQp8K": {
    "question_id": "VJLpcbF24BNNeHBGBKQp8K",
    "prediction": "protection",
    "actual": "protection"
  },
  "VK6PNbyq9nq3XXBfdyE6P8": {
    "question_id": "VK6PNbyq9nq3XXBfdyE6P8",
    "prediction": "flag",
    "actual": "flag"
  },
  "VPtWDzT5r9wYAo4xWxHy97": {
    "question_id": "VPtWDzT5r9wYAo4xWxHy97",
    "prediction": "donald duck",
    "actual": "donald duck"
  },
  "VTaZmd6DdBAihiinbqNMqk": {
    "question_id": "VTaZmd6DdBAihiinbqNMqk",
    "prediction": "two",
    "actual": "two"
  },
  "VWfKcAKJSwowZ7bGBCTpc6": {
    "question_id": "VWfKcAKJSwowZ7bGBCTpc6",
    "prediction": "elderly man",
    "actual": "elderly man"
  },
  "VZPbBERyU2LCkuew7SrWaw": {
    "question_id": "VZPbBERyU2LCkuew7SrWaw",
    "prediction": "20-30 years",
    "actual": "20-30 years"
  },
  "VZg6oeEVpweNk9fihBXS8m": {
    "question_id": "VZg6oeEVpweNk9fihBXS8m",
    "prediction": "checkerboard",
    "actual": "checkerboard"
  },
  "VcdLhhv7e9gDP4aHuFPomY": {
    "question_id": "VcdLhhv7e9gDP4aHuFPomY",
    "prediction": "protect it",
    "actual": "protect it"
  },
  "VsmuTZR6c3jEmk2x73KvRf": {
    "question_id": "VsmuTZR6c3jEmk2x73KvRf",
    "prediction": "cricket",
    "actual": "cricket"
  },
  "W45wAtdznJWCkxES23Ymmb": {
    "question_id": "W45wAtdznJWCkxES23Ymmb",
    "prediction": "hot sauce",
    "actual": "hot sauce"
  },
  "WC8XQmunFHgUyN44J9vNQu": {
    "question_id": "WC8XQmunFHgUyN44J9vNQu",
    "prediction": "rail",
    "actual": "rail"
  },
  "WCss8XpjKYENCSuFCSKUz8": {
    "question_id": "WCss8XpjKYENCSuFCSKUz8",
    "prediction": "orange",
    "actual": "orange"
  },
  "WT3fLQWr4Wnj9LaQJ68rri": {
    "question_id": "WT3fLQWr4Wnj9LaQJ68rri",
    "prediction": "park",
    "actual": "park"
  },
  "WTHtfRH2Df4wkMEyR93oQy": {
    "question_id": "WTHtfRH2Df4wkMEyR93oQy",
    "prediction": "europe",
    "actual": "europe"
  },
  "WdswpNeyj4t9nbTqRVKKT9": {
    "question_id": "WdswpNeyj4t9nbTqRVKKT9",
    "prediction": "stir frying",
    "actual": "stir frying"
  },
  "WgS2856ezvnQAZMmfrUitJ": {
    "question_id": "WgS2856ezvnQAZMmfrUitJ",
    "prediction": "snow",
    "actual": "snow"
  },
  "WhPka9j3UV3XKdiqHbupMJ": {
    "question_id": "WhPka9j3UV3XKdiqHbupMJ",
    "prediction": "long-haired person",
    "actual": "long-haired person"
  },
  "WiVE6Ym7B7ZgEZQjBUsA5N": {
    "question_id": "WiVE6Ym7B7ZgEZQjBUsA5N",
    "prediction": "batting tee",
    "actual": "batting tee"
  },
  "Wug9d3qD8PXM2ugMWrbNA5": {
    "question_id": "Wug9d3qD8PXM2ugMWrbNA5",
    "prediction": "light",
    "actual": "light"
  },
  "XC7LFjtKGWBQRW2FZrXJSn": {
    "question_id": "XC7LFjtKGWBQRW2FZrXJSn",
    "prediction": "soda",
    "actual": "soda"
  },
  "XJXTjtpd7XoK9uTnTUkHSW": {
    "question_id": "XJXTjtpd7XoK9uTnTUkHSW",
    "prediction": "30",
    "actual": "30"
  },
  "XKEx8mEicRSJCpNMsDxGpS": {
    "question_id": "XKEx8mEicRSJCpNMsDxGpS",
    "prediction": "pizzeria",
    "actual": "pizzeria"
  },
  "XKjvNP3RonaQcJbF2oreHb": {
    "question_id": "XKjvNP3RonaQcJbF2oreHb",
    "prediction": "striped",
    "actual": "striped"
  },
  "XR7dA6TKQiFc4QHMYwLDqP": {
    "question_id": "XR7dA6TKQiFc4QHMYwLDqP",
    "prediction": "6 feet",
    "actual": "6 feet"
  },
  "XZFLgzvvF4CfTaEbBLCkDV": {
    "question_id": "XZFLgzvvF4CfTaEbBLCkDV",
    "prediction": "june",
    "actual": "june"
  },
  "XcYCdxp4Javwyxx6cihuSz": {
    "question_id": "XcYCdxp4Javwyxx6cihuSz",
    "prediction": "railroad",
    "actual": "railroad"
  },
  "XpWyazzxv9nAYHcqKswwD7": {
    "question_id": "XpWyazzxv9nAYHcqKswwD7",
    "prediction": "bottle",
    "actual": "bottle"
  },
  "YGzsjNW5NAbf7tFQeufc4e": {
    "question_id": "YGzsjNW5NAbf7tFQeufc4e",
    "prediction": "tusks",
    "actual": "tusks"
  },
  "YfFNHQEnioSZJwnStCSHar": {
    "question_id": "YfFNHQEnioSZJwnStCSHar",
    "prediction": "keeping captive",
    "actual": "keeping captive"
  },
  "YibQmkwXJ4TPVqZjhqmV9r": {
    "question_id": "YibQmkwXJ4TPVqZjhqmV9r",
    "prediction": "powdered sugar",
    "actual": "powdered sugar"
  },
  "YkmMkPR5sqwoebanrtJNBw": {
    "question_id": "YkmMkPR5sqwoebanrtJNBw",
    "prediction": "wire",
    "actual": "wire"
  },
  "YoMKzbxjcp5XHZrxcqj3Pn": {
    "question_id": "YoMKzbxjcp5XHZrxcqj3Pn",
    "prediction": "traffic light",
    "actual": "traffic light"
  },
  "ZBUSChQQGFWkXRQZcUxtrM": {
    "question_id": "ZBUSChQQGFWkXRQZcUxtrM",
    "prediction": "crt",
    "actual": "crt"
  },
  "ZBgPFjmtW5mTt7Njdwv6oV": {
    "question_id": "ZBgPFjmtW5mTt7Njdwv6oV",
    "prediction": "screensaver",
    "actual": "screensaver"
  },
  "ZDyf8aLqsUSUVCTRMk6zAu": {
    "question_id": "ZDyf8aLqsUSUVCTRMk6zAu",
    "prediction": "legos",
    "actual": "legos"
  },
  "ZXpemwU9BnGkBEdj8f6tqD": {
    "question_id": "ZXpemwU9BnGkBEdj8f6tqD",
    "prediction": "ski down",
    "actual": "ski down"
  },
  "ZZaVsZeNSvsTB8M2mFDcqL": {
    "question_id": "ZZaVsZeNSvsTB8M2mFDcqL",
    "prediction": "beer",
    "actual": "beer"
  },
  "ZeUzimMiTU6aJb3tFM7ie3": {
    "question_id": "ZeUzimMiTU6aJb3tFM7ie3",
    "prediction": "tropical",
    "actual": "tropical"
  },
  "ZfTC6zzHXSMikD2CDbSrJn": {
    "question_id": "ZfTC6zzHXSMikD2CDbSrJn",
    "prediction": "plaid",
    "actual": "plaid"
  },
  "aAEJFGA3xJLXv4gMXqCd84": {
    "question_id": "aAEJFGA3xJLXv4gMXqCd84",
    "prediction": "eye protection",
    "actual": "eye protection"
  },
  "aFoRsjc727Fzy7QCG3DEsP": {
    "question_id": "aFoRsjc727Fzy7QCG3DEsP",
    "prediction": "malaysia",
    "actual": "malaysia"
  },
  "aWbDSeQbZjRdUSg42vfGyi": {
    "question_id": "aWbDSeQbZjRdUSg42vfGyi",
    "prediction": "paul newman",
    "actual": "paul newman"
  },
  "admjQXJJsLpbcEdRVyvVsf": {
    "question_id": "admjQXJJsLpbcEdRVyvVsf",
    "prediction": "dirt",
    "actual": "dirt"
  },
  "aoF64JjYJnKQaPaTyshZh9": {
    "question_id": "aoF64JjYJnKQaPaTyshZh9",
    "prediction": "apple",
    "actual": "apple"
  },
  "apxbVY3Q3arXvhq3DXWFKC": {
    "question_id": "apxbVY3Q3arXvhq3DXWFKC",
    "prediction": "intersection",
    "actual": "intersection"
  },
  "avHqQqojSySkp7zg2o7afF": {
    "question_id": "avHqQqojSySkp7zg2o7afF",
    "prediction": "trees",
    "actual": "trees"
  },
  "b57dJ74KfRbDSDzkD8bSWJ": {
    "question_id": "b57dJ74KfRbDSDzkD8bSWJ",
    "prediction": "england",
    "actual": "england"
  },
  "bDXLr8CDvR6oDCL2xMHV3v": {
    "question_id": "bDXLr8CDvR6oDCL2xMHV3v",
    "prediction": "margherita",
    "actual": "margherita"
  },
  "bTRUSAypEjzP5XWNW954RK": {
    "question_id": "bTRUSAypEjzP5XWNW954RK",
    "prediction": "residential",
    "actual": "residential"
  },
  "bWUR6AzW6CejWi3EG2PZfT": {
    "question_id": "bWUR6AzW6CejWi3EG2PZfT",
    "prediction": "beer",
    "actual": "beer"
  },
  "bf5TyZHVCjmFbsBP9o7qMq": {
    "question_id": "bf5TyZHVCjmFbsBP9o7qMq",
    "prediction": "same color",
    "actual": "same color"
  },
  "bqgrwRMbZtGzixs99Lommf": {
    "question_id": "bqgrwRMbZtGzixs99Lommf",
    "prediction": "skateboard",
    "actual": "skateboard"
  },
  "cFQCDdKxosyJPfNAGYAd3o": {
    "question_id": "cFQCDdKxosyJPfNAGYAd3o",
    "prediction": "drying hands",
    "actual": "drying hands"
  },
  "cJWo8W7BsstCU73xdVW3zF": {
    "question_id": "cJWo8W7BsstCU73xdVW3zF",
    "prediction": "printing",
    "actual": "printing"
  },
  "cVAR5Tf2PErGycfZ6JUUEr": {
    "question_id": "cVAR5Tf2PErGycfZ6JUUEr",
    "prediction": "laptop",
    "actual": "laptop"
  },
  "cmnswk6vTNcnbewMUPmnv8": {
    "question_id": "cmnswk6vTNcnbewMUPmnv8",
    "prediction": "happy",
    "actual": "happy"
  },
  "cpFBV7cMfv53fdwaaWiWGt": {
    "question_id": "cpFBV7cMfv53fdwaaWiWGt",
    "prediction": "kitchen",
    "actual": "kitchen"
  },
  "dEK7AgGqKR96Axjhm22tnL": {
    "question_id": "dEK7AgGqKR96Axjhm22tnL",
    "prediction": "string",
    "actual": "string"
  },
  "dGNtvZFEJbcK6dbZNuPfPq": {
    "question_id": "dGNtvZFEJbcK6dbZNuPfPq",
    "prediction": "playing",
    "actual": "playing"
  },
  "dHBDGPwELp65UFhPhSZyEu": {
    "question_id": "dHBDGPwELp65UFhPhSZyEu",
    "prediction": "flight",
    "actual": "flight"
  },
  "dbC66LJz8ReZjXJJEt7xvW": {
    "question_id": "dbC66LJz8ReZjXJJEt7xvW",
    "prediction": "union jack",
    "actual": "union jack"
  },
  "dhJDsvTigyVh6W3kHQcMLa": {
    "question_id": "dhJDsvTigyVh6W3kHQcMLa",
    "prediction": "baby",
    "actual": "baby"
  },
  "dohJioF4j23dw6b8AgCxqx": {
    "question_id": "dohJioF4j23dw6b8AgCxqx",
    "prediction": "forehand",
    "actual": "forehand"
  },
  "dpTTTMowgDYptWd2YZdUT7": {
    "question_id": "dpTTTMowgDYptWd2YZdUT7",
    "prediction": "downhill",
    "actual": "downhill"
  },
  "dvvTUCDA3wK4Q9KZKboPgg": {
    "question_id": "dvvTUCDA3wK4Q9KZKboPgg",
    "prediction": "steam",
    "actual": "steam"
  },
  "dzMDeKZdrfarPRuDMg5DPE": {
    "question_id": "dzMDeKZdrfarPRuDMg5DPE",
    "prediction": "tape",
    "actual": "tape"
  },
  "e7kbVPy7P3pEp7pBNJNZTU": {
    "question_id": "e7kbVPy7P3pEp7pBNJNZTU",
    "prediction": "christianity",
    "actual": "christianity"
  },
  "e7mX2aASmkZwAXRiHbK6QZ": {
    "question_id": "e7mX2aASmkZwAXRiHbK6QZ",
    "prediction": "60",
    "actual": "60"
  },
  "e8C3zCrRwuZXfsWLB6WisZ": {
    "question_id": "e8C3zCrRwuZXfsWLB6WisZ",
    "prediction": "pizza shop",
    "actual": "pizza shop"
  },
  "e8EayGjQkqTfuYyHQRAEBC": {
    "question_id": "e8EayGjQkqTfuYyHQRAEBC",
    "prediction": "take picture",
    "actual": "take picture"
  },
  "eB3RtTTsyXa6YKzPMrm4kd": {
    "question_id": "eB3RtTTsyXa6YKzPMrm4kd",
    "prediction": "red wine",
    "actual": "red wine"
  },
  "eBgzKWWRWbkzRJsrfBqGBV": {
    "question_id": "eBgzKWWRWbkzRJsrfBqGBV",
    "prediction": "passenger transport",
    "actual": "passenger transport"
  },
  "eDZFWUyFe832NMLpecBV63": {
    "question_id": "eDZFWUyFe832NMLpecBV63",
    "prediction": "picture taking",
    "actual": "picture taking"
  },
  "eEb8jhgNYqiJED63DeAKVT": {
    "question_id": "eEb8jhgNYqiJED63DeAKVT",
    "prediction": "right person",
    "actual": "right person"
  },
  "eJTAScNwDH8iedN247LDBV": {
    "question_id": "eJTAScNwDH8iedN247LDBV",
    "prediction": "tie",
    "actual": "tie"
  },
  "eNrkV5MyWHSeR6F7jbf3Fm": {
    "question_id": "eNrkV5MyWHSeR6F7jbf3Fm",
    "prediction": "remote controls",
    "actual": "remote controls"
  },
  "eQRQC4E5pZanwwyme6kTJA": {
    "question_id": "eQRQC4E5pZanwwyme6kTJA",
    "prediction": "farm",
    "actual": "farm"
  },
  "edgUrxZbEmJboFbFUdBdCm": {
    "question_id": "edgUrxZbEmJboFbFUdBdCm",
    "prediction": "baseball bat",
    "actual": "baseball bat"
  },
  "epWz8dQzRohUWmTphUjt4p": {
    "question_id": "epWz8dQzRohUWmTphUjt4p",
    "prediction": "fire",
    "actual": "fire"
  },
  "et6akpyxHvFPfKyPNtNzSi": {
    "question_id": "et6akpyxHvFPfKyPNtNzSi",
    "prediction": "cellular",
    "actual": "cellular"
  },
  "f5DyWHCeTdLVN7kHd8zguE": {
    "question_id": "f5DyWHCeTdLVN7kHd8zguE",
    "prediction": "it's raining",
    "actual": "it's raining"
  },
  "f5nsFmeqGkf4zfaSVk4ocX": {
    "question_id": "f5nsFmeqGkf4zfaSVk4ocX",
    "prediction": "daughter",
    "actual": "daughter"
  },
  "f64sjY8tRYzCoYyGq2fyem": {
    "question_id": "f64sjY8tRYzCoYyGq2fyem",
    "prediction": "food",
    "actual": "food"
  },
  "f6veAkmc4fZwqbVmqZxs7z": {
    "question_id": "f6veAkmc4fZwqbVmqZxs7z",
    "prediction": "back seat",
    "actual": "back seat"
  },
  "f8zgqNptbviU5cyJpQKege": {
    "question_id": "f8zgqNptbviU5cyJpQKege",
    "prediction": "laptop",
    "actual": "laptop"
  },
  "f98CKzuCeHPRkbQSvQ8DWn": {
    "question_id": "f98CKzuCeHPRkbQSvQ8DWn",
    "prediction": "to sell",
    "actual": "to sell"
  },
  "fBAFVnTtnpQ93wUBQAEC8L": {
    "question_id": "fBAFVnTtnpQ93wUBQAEC8L",
    "prediction": "clock",
    "actual": "clock"
  },
  "fELKZdaVNLwGEQZByv3jmp": {
    "question_id": "fELKZdaVNLwGEQZByv3jmp",
    "prediction": "skyline",
    "actual": "skyline"
  },
  "fQFRMaUHmiyqntdRxaa8Lf": {
    "question_id": "fQFRMaUHmiyqntdRxaa8Lf",
    "prediction": "roman",
    "actual": "roman"
  },
  "fUKdZK7FEHkWsjtLTeajkn": {
    "question_id": "fUKdZK7FEHkWsjtLTeajkn",
    "prediction": "seattle",
    "actual": "seattle"
  },
  "fVuz8FFvFG4BEFRwzT5Ppg": {
    "question_id": "fVuz8FFvFG4BEFRwzT5Ppg",
    "prediction": "balance",
    "actual": "balance"
  },
  "fZVNJLSu2SxMramndCnER8": {
    "question_id": "fZVNJLSu2SxMramndCnER8",
    "prediction": "tennis ball",
    "actual": "tennis ball"
  },
  "fc9QkXjzTTYvw5oAqRj6H4": {
    "question_id": "fc9QkXjzTTYvw5oAqRj6H4",
    "prediction": "flock",
    "actual": "flock"
  },
  "fgF7yNqEPZiNszHnQZKkxU": {
    "question_id": "fgF7yNqEPZiNszHnQZKkxU",
    "prediction": "glasses",
    "actual": "glasses"
  },
  "fpgzreGfZFZQjPFocePhFo": {
    "question_id": "fpgzreGfZFZQjPFocePhFo",
    "prediction": "snow",
    "actual": "snow"
  },
  "g6FBm6c3vQifeHApcPidEZ": {
    "question_id": "g6FBm6c3vQifeHApcPidEZ",
    "prediction": "garage",
    "actual": "garage"
  },
  "g7xtDFAVrWx9w6DHFgcKkz": {
    "question_id": "g7xtDFAVrWx9w6DHFgcKkz",
    "prediction": "bike lane",
    "actual": "bike lane"
  },
  "gHfctVt5jWCGmTwQyDgebm": {
    "question_id": "gHfctVt5jWCGmTwQyDgebm",
    "prediction": "desserts",
    "actual": "desserts"
  },
  "gVpcdVA7d4t69Wgw9yS5d9": {
    "question_id": "gVpcdVA7d4t69Wgw9yS5d9",
    "prediction": "tennis ball",
    "actual": "tennis ball"
  },
  "gYUipbusGScQ7oXEUejBMf": {
    "question_id": "gYUipbusGScQ7oXEUejBMf",
    "prediction": "batting",
    "actual": "batting"
  },
  "gaHwkDQUiMLveSnrXFQMms": {
    "question_id": "gaHwkDQUiMLveSnrXFQMms",
    "prediction": "crosswalk",
    "actual": "crosswalk"
  },
  "gcedAQnUFuSzQFGSnjixym": {
    "question_id": "gcedAQnUFuSzQFGSnjixym",
    "prediction": "cocoa",
    "actual": "cocoa"
  },
  "geoznuKRiPX5hf2he5EgpS": {
    "question_id": "geoznuKRiPX5hf2he5EgpS",
    "prediction": "three",
    "actual": "three"
  },
  "gnWMLABzefU4wXEUTXxrVC": {
    "question_id": "gnWMLABzefU4wXEUTXxrVC",
    "prediction": "salad",
    "actual": "salad"
  },
  "gyf9Y4vh6mVZcbY7MH6fxB": {
    "question_id": "gyf9Y4vh6mVZcbY7MH6fxB",
    "prediction": "isuzu",
    "actual": "isuzu"
  },
  "h4PoYae2w6GRRu2npXvwuK": {
    "question_id": "h4PoYae2w6GRRu2npXvwuK",
    "prediction": "robot",
    "actual": "robot"
  },
  "h4zCFQx6fTvww2Z3rzcq9K": {
    "question_id": "h4zCFQx6fTvww2Z3rzcq9K",
    "prediction": "art",
    "actual": "art"
  },
  "hAnVoSeXQksd6ZjSYMBFpA": {
    "question_id": "hAnVoSeXQksd6ZjSYMBFpA",
    "prediction": "skiing",
    "actual": "skiing"
  },
  "hB2doqSEEeky2XNUEHdz79": {
    "question_id": "hB2doqSEEeky2XNUEHdz79",
    "prediction": "field",
    "actual": "field"
  },
  "hSrHK8kZfrc6tZgTB7yMmW": {
    "question_id": "hSrHK8kZfrc6tZgTB7yMmW",
    "prediction": "commercial kitchen",
    "actual": "commercial kitchen"
  },
  "hUddfx4tZ3KGtSWFbGphnh": {
    "question_id": "hUddfx4tZ3KGtSWFbGphnh",
    "prediction": "trio",
    "actual": "trio"
  },
  "hVFNQ63oXdszJvNvWDLoHt": {
    "question_id": "hVFNQ63oXdszJvNvWDLoHt",
    "prediction": "laying",
    "actual": "laying"
  },
  "hkMfnT4LEQi4HKPck6FVor": {
    "question_id": "hkMfnT4LEQi4HKPck6FVor",
    "prediction": "malaysia",
    "actual": "malaysia"
  },
  "hmfuC58r3K4Yg7EkMxJXXb": {
    "question_id": "hmfuC58r3K4Yg7EkMxJXXb",
    "prediction": "potato",
    "actual": "potato"
  },
  "hxRkeGBLz5CdxgnXSgiiH7": {
    "question_id": "hxRkeGBLz5CdxgnXSgiiH7",
    "prediction": "hooves",
    "actual": "hooves"
  },
  "i2snYhswVVyhfgxn8DcGnk": {
    "question_id": "i2snYhswVVyhfgxn8DcGnk",
    "prediction": "both",
    "actual": "both"
  },
  "i9MJBUxa64ZL4vaG7hse5x": {
    "question_id": "i9MJBUxa64ZL4vaG7hse5x",
    "prediction": "parking",
    "actual": "parking"
  },
  "iL7gMCQ2U2vjmJWoyYc9wn": {
    "question_id": "iL7gMCQ2U2vjmJWoyYc9wn",
    "prediction": "tin foil",
    "actual": "tin foil"
  },
  "iSYpHGY6hdWo6qLQBbrENX": {
    "question_id": "iSYpHGY6hdWo6qLQBbrENX",
    "prediction": "john mcenroe",
    "actual": "john mcenroe"
  },
  "inA8DF895bDbH7gLhXnenH": {
    "question_id": "inA8DF895bDbH7gLhXnenH",
    "prediction": "nike",
    "actual": "nike"
  },
  "iq9BaDbmL7bZfnXELtibFz": {
    "question_id": "iq9BaDbmL7bZfnXELtibFz",
    "prediction": "imac",
    "actual": "imac"
  },
  "j5HvFYT7fQSpvcuwoY7495": {
    "question_id": "j5HvFYT7fQSpvcuwoY7495",
    "prediction": "sweden",
    "actual": "sweden"
  },
  "j6AP78GdCUYqzaxWmNS5MX": {
    "question_id": "j6AP78GdCUYqzaxWmNS5MX",
    "prediction": "produce",
    "actual": "produce"
  },
  "j6q58xPaDShNBgnj2kKpAP": {
    "question_id": "j6q58xPaDShNBgnj2kKpAP",
    "prediction": "on beach",
    "actual": "on beach"
  },
  "j9ix7Egb5KJ7PkXttbbtdC": {
    "question_id": "j9ix7Egb5KJ7PkXttbbtdC",
    "prediction": "being photographed",
    "actual": "being photographed"
  },
  "jE3TsyErJ4eD8rPhTzBzb6": {
    "question_id": "jE3TsyErJ4eD8rPhTzBzb6",
    "prediction": "staring",
    "actual": "staring"
  },
  "jQLQXdTab2NMEr4CHskSjQ": {
    "question_id": "jQLQXdTab2NMEr4CHskSjQ",
    "prediction": "motorcycle",
    "actual": "motorcycle"
  },
  "jQjEGnnPzL4AVqfBAfHvjq": {
    "question_id": "jQjEGnnPzL4AVqfBAfHvjq",
    "prediction": "gymnasium",
    "actual": "gymnasium"
  },
  "jb2M9hwaHvK2itZac5i4tb": {
    "question_id": "jb2M9hwaHvK2itZac5i4tb",
    "prediction": "port",
    "actual": "port"
  },
  "jbdEbFFZDtMSrD3h32SFAp": {
    "question_id": "jbdEbFFZDtMSrD3h32SFAp",
    "prediction": "to catch",
    "actual": "to catch"
  },
  "jfuLWvGbtvRTnLYAPEE8pi": {
    "question_id": "jfuLWvGbtvRTnLYAPEE8pi",
    "prediction": "two",
    "actual": "two"
  },
  "jnEMGAZLdvFn9ZgBYUbAUX": {
    "question_id": "jnEMGAZLdvFn9ZgBYUbAUX",
    "prediction": "wake up",
    "actual": "wake up"
  },
  "jqhSWKF72XwtaJGZH7XbS9": {
    "question_id": "jqhSWKF72XwtaJGZH7XbS9",
    "prediction": "two",
    "actual": "two"
  },
  "jyrnj3VZZGHVf5gYxzYmxA": {
    "question_id": "jyrnj3VZZGHVf5gYxzYmxA",
    "prediction": "wine tasting",
    "actual": "wine tasting"
  },
  "k3XafzjyDZn8GCzcH9BE5g": {
    "question_id": "k3XafzjyDZn8GCzcH9BE5g",
    "prediction": "six",
    "actual": "six"
  },
  "k8WjRvSCus9iQjUV6mPbCQ": {
    "question_id": "k8WjRvSCus9iQjUV6mPbCQ",
    "prediction": "stella artois",
    "actual": "stella artois"
  },
  "kHb4MjmU3bZTRY5qJSrZe7": {
    "question_id": "kHb4MjmU3bZTRY5qJSrZe7",
    "prediction": "forehand",
    "actual": "forehand"
  },
  "kP9etcrALtsYL363dVhT5Y": {
    "question_id": "kP9etcrALtsYL363dVhT5Y",
    "prediction": "bike lock",
    "actual": "bike lock"
  },
  "kaocqcY3CESTstFs9Bd4Pg": {
    "question_id": "kaocqcY3CESTstFs9Bd4Pg",
    "prediction": "evening",
    "actual": "evening"
  },
  "kgUHGxPt2H4SrR5Nb9be44": {
    "question_id": "kgUHGxPt2H4SrR5Nb9be44",
    "prediction": "shirt",
    "actual": "shirt"
  },
  "khkvYrTt2t5MTJyJvBNiDR": {
    "question_id": "khkvYrTt2t5MTJyJvBNiDR",
    "prediction": "tomato",
    "actual": "tomato"
  },
  "m2mA48VKETDDYeJKgD5qSx": {
    "question_id": "m2mA48VKETDDYeJKgD5qSx",
    "prediction": "family",
    "actual": "family"
  },
  "m4HzZ8497MsdVCT3HWMJA2": {
    "question_id": "m4HzZ8497MsdVCT3HWMJA2",
    "prediction": "mobile",
    "actual": "mobile"
  },
  "mAt78gqtxnGgcVGrA4tHN5": {
    "question_id": "mAt78gqtxnGgcVGrA4tHN5",
    "prediction": "twentieth",
    "actual": "twentieth"
  },
  "mEmUcZuHB6GamJkfCAwtsD": {
    "question_id": "mEmUcZuHB6GamJkfCAwtsD",
    "prediction": "hills",
    "actual": "hills"
  },
  "mQ5TJVLswrNGGP3La64Erc": {
    "question_id": "mQ5TJVLswrNGGP3La64Erc",
    "prediction": "grazing",
    "actual": "grazing"
  },
  "mWHEDu3pfYCy9FwrW5Qkt2": {
    "question_id": "mWHEDu3pfYCy9FwrW5Qkt2",
    "prediction": "leather",
    "actual": "leather"
  },
  "mcfejYn8zoagoF5VgNuR2F": {
    "question_id": "mcfejYn8zoagoF5VgNuR2F",
    "prediction": "red wine",
    "actual": "red wine"
  },
  "mdxki75RbHjL4kGrUbbSY2": {
    "question_id": "mdxki75RbHjL4kGrUbbSY2",
    "prediction": "san francisco",
    "actual": "san francisco"
  },
  "miQ67PB4K4pA5v37BoLda9": {
    "question_id": "miQ67PB4K4pA5v37BoLda9",
    "prediction": "cook",
    "actual": "cook"
  },
  "minwD4A8mxqhLxMHjfniKy": {
    "question_id": "minwD4A8mxqhLxMHjfniKy",
    "prediction": "doughnuts",
    "actual": "doughnuts"
  },
  "myZ67NZGoYaNEa8kADF8rV": {
    "question_id": "myZ67NZGoYaNEa8kADF8rV",
    "prediction": "fall season",
    "actual": "fall season"
  },
  "n3EWd223KWajDuTgFCGZmw": {
    "question_id": "n3EWd223KWajDuTgFCGZmw",
    "prediction": "fridge",
    "actual": "fridge"
  },
  "nRteor62jdHkABoiGEqDoS": {
    "question_id": "nRteor62jdHkABoiGEqDoS",
    "prediction": "plate number",
    "actual": "plate number"
  },
  "nVg8yTiMtqm4VmDPRDPhLB": {
    "question_id": "nVg8yTiMtqm4VmDPRDPhLB",
    "prediction": "drying hair",
    "actual": "drying hair"
  },
  "nejsAgBentBTfKxMaELBsr": {
    "question_id": "nejsAgBentBTfKxMaELBsr",
    "prediction": "write",
    "actual": "write"
  },
  "nif2rWzKpmykkka2moeA3e": {
    "question_id": "nif2rWzKpmykkka2moeA3e",
    "prediction": "riding them",
    "actual": "riding them"
  },
  "nmLBpYK7TqpwcCnkYbL2Tr": {
    "question_id": "nmLBpYK7TqpwcCnkYbL2Tr",
    "prediction": "scratching",
    "actual": "scratching"
  },
  "npMJUgqcniPJuZPEh7mP3t": {
    "question_id": "npMJUgqcniPJuZPEh7mP3t",
    "prediction": "water",
    "actual": "water"
  },
  "nz5BRooQteeNkQ2by7nGyU": {
    "question_id": "nz5BRooQteeNkQ2by7nGyU",
    "prediction": "mtn dew",
    "actual": "mtn dew"
  },
  "nzNFFqRxL3q4gJf2iXRMtT": {
    "question_id": "nzNFFqRxL3q4gJf2iXRMtT",
    "prediction": "glove",
    "actual": "glove"
  },
  "o5Pf29Ro76nufH3SYS49LM": {
    "question_id": "o5Pf29Ro76nufH3SYS49LM",
    "prediction": "margarita",
    "actual": "margarita"
  },
  "o7YUWt5CppEBSMU9tUszUZ": {
    "question_id": "o7YUWt5CppEBSMU9tUszUZ",
    "prediction": "rain",
    "actual": "rain"
  },
  "o7eySiU8AwFHu3Lgp5xoK9": {
    "question_id": "o7eySiU8AwFHu3Lgp5xoK9",
    "prediction": "handplant",
    "actual": "handplant"
  },
  "DD26xWreRvVu7ZDimAYL3e": {
    "question_id": "DD26xWreRvVu7ZDimAYL3e",
    "prediction": "eleven",
    "actual": "eleven"
  },
  "DdkfCj4NDiSSSVhqbtwCY2": {
    "question_id": "DdkfCj4NDiSSSVhqbtwCY2",
    "prediction": "shade",
    "actual": "shade"
  },
  "NRg96YBDgRbc5zFqdhKCC4": {
    "question_id": "NRg96YBDgRbc5zFqdhKCC4",
    "prediction": "gaming",
    "actual": "gaming"
  },
  "QfzADtoknvheZQ3r9o4XWa": {
    "question_id": "QfzADtoknvheZQ3r9o4XWa",
    "prediction": "in shape",
    "actual": "in shape"
  },
  "TCqWeX5SXeeUmMjqkWnbSz": {
    "question_id": "TCqWeX5SXeeUmMjqkWnbSz",
    "prediction": "remote control",
    "actual": "remote control"
  },
  "UY4enMq3yMvLG5oAXZQVQL": {
    "question_id": "UY4enMq3yMvLG5oAXZQVQL",
    "prediction": "hot peppers",
    "actual": "hot peppers"
  },
  "Y4KDhiu2MeKojYumTWRevx": {
    "question_id": "Y4KDhiu2MeKojYumTWRevx",
    "prediction": "jetway",
    "actual": "jetway"
  },
  "YgiqkypFRQHVYHqieDPN9u": {
    "question_id": "YgiqkypFRQHVYHqieDPN9u",
    "prediction": "grip",
    "actual": "grip"
  },
  "n3q6CBsJfobMm4vAqMGi38": {
    "question_id": "n3q6CBsJfobMm4vAqMGi38",
    "prediction": "bagel",
    "actual": "bagel"
  },
  "3wvvpLQuiKWmKy5RHKESEC": {
    "question_id": "3wvvpLQuiKWmKy5RHKESEC",
    "prediction": "herding",
    "actual": "herding"
  },
  "6GNHDAUJnk4GUrW6x4AJwF": {
    "question_id": "6GNHDAUJnk4GUrW6x4AJwF",
    "prediction": "grass",
    "actual": "grass"
  },
  "8a5uCKsjUC9vtK2i7Amh28": {
    "question_id": "8a5uCKsjUC9vtK2i7Amh28",
    "prediction": "vertical labret",
    "actual": "vertical labret"
  },
  "A4pTVyj6FszUQtpyuwuEs2": {
    "question_id": "A4pTVyj6FszUQtpyuwuEs2",
    "prediction": "food",
    "actual": "food"
  },
  "ANzKkT7BMAmz62TWUSbPNn": {
    "question_id": "ANzKkT7BMAmz62TWUSbPNn",
    "prediction": "home run",
    "actual": "home run"
  },
  "F8Df2XjGi87XQBkJNa79Ka": {
    "question_id": "F8Df2XjGi87XQBkJNa79Ka",
    "prediction": "bakery",
    "actual": "bakery"
  },
  "KMF7Ym9gSvVVJ5QoLtTpt6": {
    "question_id": "KMF7Ym9gSvVVJ5QoLtTpt6",
    "prediction": "ball",
    "actual": "ball"
  },
  "RAq5ExoFdoDbbU97rvFYfZ": {
    "question_id": "RAq5ExoFdoDbbU97rvFYfZ",
    "prediction": "dodgers",
    "actual": "dodgers"
  },
  "RBTyZFjfaXXGuDBCesAqcV": {
    "question_id": "RBTyZFjfaXXGuDBCesAqcV",
    "prediction": "nike",
    "actual": "nike"
  },
  "WmFJXxTJibdaLUQiLHKPNg": {
    "question_id": "WmFJXxTJibdaLUQiLHKPNg",
    "prediction": "prevent slipping",
    "actual": "prevent slipping"
  },
  "WwzDYpWLZsus6tMdSzVhWk": {
    "question_id": "WwzDYpWLZsus6tMdSzVhWk",
    "prediction": "catcher",
    "actual": "catcher"
  },
  "ab8eLKrdMaUhKCHtrDknSy": {
    "question_id": "ab8eLKrdMaUhKCHtrDknSy",
    "prediction": "awaiting greenlight",
    "actual": "awaiting greenlight"
  },
  "gurW28uKknkS6kmv6aPa6X": {
    "question_id": "gurW28uKknkS6kmv6aPa6X",
    "prediction": "ashes",
    "actual": "ashes"
  },
  "iGmzkJ63JuV4MwnQo2B6Jb": {
    "question_id": "iGmzkJ63JuV4MwnQo2B6Jb",
    "prediction": "emergency brake",
    "actual": "emergency brake"
  },
  "iXG9vTJKiKBbMcgyngPRpH": {
    "question_id": "iXG9vTJKiKBbMcgyngPRpH",
    "prediction": "brakes",
    "actual": "brakes"
  },
  "nZANMFWTuwNWznuT9RBNXr": {
    "question_id": "nZANMFWTuwNWznuT9RBNXr",
    "prediction": "pedestrians",
    "actual": "pedestrians"
  }
}