{
  "74CMNF7KTeAFsXza5GJLGb": {
    "question_id": "74CMNF7KTeAFsXza5GJLGb",
    "prediction": "school bus",
    "actual": [
      "school bus",
      "school bus",
      "school",
      "school bus",
      "school",
      "school bus",
      "school",
      "school",
      "school",
      "school bus"
    ]
  },
  "ETucTwACABQrgrZujBsiQq": {
    "question_id": "ETucTwACABQrgrZujBsiQq",
    "prediction": "forehand",
    "actual": [
      "righthand",
      "serve",
      "forehand",
      "forehand",
      "forehand",
      "forehand",
      "forehand",
      "forehand",
      "tennis shot",
      "swing"
    ]
  },
  "GzzLtA4SHJS9ymFa6Zrw77": {
    "question_id": "GzzLtA4SHJS9ymFa6Zrw77",
    "prediction": "backhand",
    "actual": [
      "backhand",
      "backhand",
      "backhand",
      "forehand hit",
      "forehand",
      "hit",
      "backhand",
      "backhand",
      "foreskin",
      "two-handed forehand"
    ]
  },
  "ZVHGXacRAzycGJbvaZL6WW": {
    "question_id": "ZVHGXacRAzycGJbvaZL6WW",
    "prediction": "lake",
    "actual": [
      "lake",
      "lake",
      "lake",
      "lake",
      "lake",
      "lake",
      "lake",
      "lake",
      "lake",
      "lake"
    ]
  },
  "kHb4MjmU3bZTRY5qJSrZe7": {
    "question_id": "kHb4MjmU3bZTRY5qJSrZe7",
    "prediction": "forehand",
    "actual": [
      "backhand",
      "tennis",
      "tennis ball",
      "forehand",
      "right hand",
      "forehand",
      "forehand",
      "backhand",
      "swing",
      "forehand"
    ]
  },
  "nejsAgBentBTfKxMaELBsr": {
    "question_id": "nejsAgBentBTfKxMaELBsr",
    "prediction": "write",
    "actual": [
      "grade paper",
      "grade paper",
      "write",
      "write",
      "write",
      "write",
      "write",
      "write",
      "write",
      "grade paper"
    ]
  }
}