{
  "2DQex53EkNGH2cfo3WPuPn": {
    "question_id": "2DQex53EkNGH2cfo3WPuPn",
    "prediction": "keyboard",
    "actual": "mobile phone"
  },
  "2P5mVJc5a6DcCN9opV92FJ": {
    "question_id": "2P5mVJc5a6DcCN9opV92FJ",
    "prediction": "leaping",
    "actual": "crouching"
  },
  "2PGwvdFESLvwfFCwK5pbYu": {
    "question_id": "2PGwvdFESLvwfFCwK5pbYu",
    "prediction": "linen",
    "actual": "denim"
  },
  "2YfYkRjcnnsVzjycPehWPA": {
    "question_id": "2YfYkRjcnnsVzjycPehWPA",
    "prediction": "apples",
    "actual": "grapes"
  },
  "2etjUMchktfSY5fgGg5msL": {
    "question_id": "2etjUMchktfSY5fgGg5msL",
    "prediction": "herbal tea",
    "actual": "cough drops"
  },
  "2vGs6CLETM2BJPstdHjku9": {
    "question_id": "2vGs6CLETM2BJPstdHjku9",
    "prediction": "eat",
    "actual": "jump"
  },
  "2xn24MrfJ2mLJC7xDBGUJA": {
    "question_id": "2xn24MrfJ2mLJC7xDBGUJA",
    "prediction": "doctor",
    "actual": "chef"
  },
  "2yWyzYRyZuYH2ZB49WNACa": {
    "question_id": "2yWyzYRyZuYH2ZB49WNACa",
    "prediction": "ball",
    "actual": "frisbee"
  },
  "3SKKn3bQ4xhiDpkesifdod": {
    "question_id": "3SKKn3bQ4xhiDpkesifdod",
    "prediction": "usa",
    "actual": "japan"
  },
  "3X8TsFBRS7mBsBbyFDzRdb": {
    "question_id": "3X8TsFBRS7mBsBbyFDzRdb",
    "prediction": "flatbread",
    "actual": "pepperoni"
  },
  "3cCvfCWnLfrmqYEaFzb2Xm": {
    "question_id": "3cCvfCWnLfrmqYEaFzb2Xm",
    "prediction": "fair",
    "actual": "street festival"
  },
  "3echacwmLBUByWpjh85Mfv": {
    "question_id": "3echacwmLBUByWpjh85Mfv",
    "prediction": "pillow",
    "actual": "white bag"
  },
  "3hvf4MjtcgpFznUWS5bbvj": {
    "question_id": "3hvf4MjtcgpFznUWS5bbvj",
    "prediction": "basketball",
    "actual": "baseball"
  },
  "3qnvp3XRGpc5L6RMhRZ3gg": {
    "question_id": "3qnvp3XRGpc5L6RMhRZ3gg",
    "prediction": "body wash",
    "actual": "shampoo conditioner"
  },
  "3vbWi2p7C9SSUHWSdbMYbE": {
    "question_id": "3vbWi2p7C9SSUHWSdbMYbE",
    "prediction": "wii football",
    "actual": "wii boxing"
  },
  "3w3DT989GgT6yjqurjvmt6": {
    "question_id": "3w3DT989GgT6yjqurjvmt6",
    "prediction": "slide",
    "actual": "bunt"
  },
  "3zxLUD8FPcCLJWYsG7h2KY": {
    "question_id": "3zxLUD8FPcCLJWYsG7h2KY",
    "prediction": "commercial kitchen",
    "actual": "domestic kitchen"
  },
  "455nQuaxbURN5ofLfbCqfq": {
    "question_id": "455nQuaxbURN5ofLfbCqfq",
    "prediction": "valley",
    "actual": "savanna"
  },
  "45ZJiwQ8E4sqUTyJSUzEN3": {
    "question_id": "45ZJiwQ8E4sqUTyJSUzEN3",
    "prediction": "plastic",
    "actual": "steel"
  },
  "4C2cZitDfGX5ytw6YTcxiL": {
    "question_id": "4C2cZitDfGX5ytw6YTcxiL",
    "prediction": "pantry",
    "actual": "sink"
  },
  "4H7KMfvPvCTSvtf8Uyp55D": {
    "question_id": "4H7KMfvPvCTSvtf8Uyp55D",
    "prediction": "keeping score",
    "actual": "storage"
  },
  "4HXTUJHey3SSzuoE66yHKi": {
    "question_id": "4HXTUJHey3SSzuoE66yHKi",
    "prediction": "uniform",
    "actual": "tie dyed"
  },
  "4PvLY9C3GyARH3WSGYbYFq": {
    "question_id": "4PvLY9C3GyARH3WSGYbYFq",
    "prediction": "african",
    "actual": "asian"
  },
  "4U4iSWxvXv9RtE6V9KpxJo": {
    "question_id": "4U4iSWxvXv9RtE6V9KpxJo",
    "prediction": "company name",
    "actual": "call letters"
  },
  "4UrYfZMUToiF5f7GK6eMaz": {
    "question_id": "4UrYfZMUToiF5f7GK6eMaz",
    "prediction": "dress code",
    "actual": "visibility"
  },
  "4dnt6ahNTCENKrvBhExyvV": {
    "question_id": "4dnt6ahNTCENKrvBhExyvV",
    "prediction": "probably no",
    "actual": "absolutely no"
  },
  "4j6bW4ChHncMKUnmnGAQQ2": {
    "question_id": "4j6bW4ChHncMKUnmnGAQQ2",
    "prediction": "gaming",
    "actual": "academic"
  },
  "4t5DcDdFbw5x9PVRKis5AQ": {
    "question_id": "4t5DcDdFbw5x9PVRKis5AQ",
    "prediction": "beer",
    "actual": "milkshake"
  },
  "4xBq7ak8qCE92z8vddKXtu": {
    "question_id": "4xBq7ak8qCE92z8vddKXtu",
    "prediction": "east",
    "actual": "west"
  },
  "5QURaRC8e3HjPpYC2GrX4u": {
    "question_id": "5QURaRC8e3HjPpYC2GrX4u",
    "prediction": "pepperoni",
    "actual": "mushrooms"
  },
  "5SgmGLJtR47rB539V4Jwt6": {
    "question_id": "5SgmGLJtR47rB539V4Jwt6",
    "prediction": "fashion",
    "actual": "visibility"
  },
  "5TbBvzzr5N35YUs7yBd7Ah": {
    "question_id": "5TbBvzzr5N35YUs7yBd7Ah",
    "prediction": "post",
    "actual": "chain"
  },
  "5XBmJitjSm9g7SQqNxYpe7": {
    "question_id": "5XBmJitjSm9g7SQqNxYpe7",
    "prediction": "counter",
    "actual": "island"
  },
  "5Y5u3gnReRQbzkRnGw5ywd": {
    "question_id": "5Y5u3gnReRQbzkRnGw5ywd",
    "prediction": "asphalt",
    "actual": "stone"
  },
  "5aXXZiPUcUzScs2do5tjYs": {
    "question_id": "5aXXZiPUcUzScs2do5tjYs",
    "prediction": "sprinkled",
    "actual": "piping tip"
  },
  "5cNGmGcUxJP7rwHnc6BXrs": {
    "question_id": "5cNGmGcUxJP7rwHnc6BXrs",
    "prediction": "cabin",
    "actual": "restroom"
  },
  "5fDUuYWCZMudfXVEPywFYc": {
    "question_id": "5fDUuYWCZMudfXVEPywFYc",
    "prediction": "serena williams",
    "actual": "maria sharapova"
  },
  "5jGPL4u8JFHkLyQCG354uG": {
    "question_id": "5jGPL4u8JFHkLyQCG354uG",
    "prediction": "bow",
    "actual": "kite"
  },
  "5z9Zmf4GRKoCa7igqv4Ef7": {
    "question_id": "5z9Zmf4GRKoCa7igqv4Ef7",
    "prediction": "instruments",
    "actual": "clothing"
  },
  "64yPpMFbTw3CnmTULYZWTp": {
    "question_id": "64yPpMFbTw3CnmTULYZWTp",
    "prediction": "london",
    "actual": "paris"
  },
  "65Sfsx6hqdJ5UqNWLB3RCG": {
    "question_id": "65Sfsx6hqdJ5UqNWLB3RCG",
    "prediction": "zoo",
    "actual": "wild"
  },
  "6EzruBdkEgwx74NmrhoyBV": {
    "question_id": "6EzruBdkEgwx74NmrhoyBV",
    "prediction": "lightbulb",
    "actual": "clock"
  },
  "6FKSZrTS9wzHwnKasBSfdP": {
    "question_id": "6FKSZrTS9wzHwnKasBSfdP",
    "prediction": "cooking",
    "actual": "dipping"
  },
  "6HizsyvwUgduwabP2dWha5": {
    "question_id": "6HizsyvwUgduwabP2dWha5",
    "prediction": "more buildings",
    "actual": "sunlight"
  },
  "6Qf2MxVMdHGnxrEZ3xGn7Q": {
    "question_id": "6Qf2MxVMdHGnxrEZ3xGn7Q",
    "prediction": "earthquake",
    "actual": "raining"
  },
  "6QuPF6pNBjs3DEXQh4AQt4": {
    "question_id": "6QuPF6pNBjs3DEXQh4AQt4",
    "prediction": "to sleep",
    "actual": "to eat"
  },
  "6YyPKdGwhA3LJkUpL3p9F6": {
    "question_id": "6YyPKdGwhA3LJkUpL3p9F6",
    "prediction": "laughing",
    "actual": "skating"
  },
  "6fCWweqmigW6UaiyaHq4Sy": {
    "question_id": "6fCWweqmigW6UaiyaHq4Sy",
    "prediction": "first baseman",
    "actual": "position"
  },
  "6ony7mfRzE7tEhj5udEe5u": {
    "question_id": "6ony7mfRzE7tEhj5udEe5u",
    "prediction": "race",
    "actual": "art show"
  },
  "73ixwXaUcqfgsJYLzCABWC": {
    "question_id": "73ixwXaUcqfgsJYLzCABWC",
    "prediction": "plane",
    "actual": "kite"
  },
  "73kd5sUo4zXkApi6v4X8Qc": {
    "question_id": "73kd5sUo4zXkApi6v4X8Qc",
    "prediction": "italian",
    "actual": "mexican"
  },
  "7CWwGUgRqbPEiGcZEzFVEF": {
    "question_id": "7CWwGUgRqbPEiGcZEzFVEF",
    "prediction": "canine",
    "actual": "feline"
  },
  "7CrtnvrK5CTs6c9RC8WgPB": {
    "question_id": "7CrtnvrK5CTs6c9RC8WgPB",
    "prediction": "ford",
    "actual": "dodge"
  },
  "7KNmiZTYRQBHMJKJ9zkAjR": {
    "question_id": "7KNmiZTYRQBHMJKJ9zkAjR",
    "prediction": "bad weather",
    "actual": "red light"
  },
  "7NbKNXQWBYJ8HTRo2J8CoU": {
    "question_id": "7NbKNXQWBYJ8HTRo2J8CoU",
    "prediction": "shirt",
    "actual": "vest"
  },
  "7VodQFaYKxhUwQ5tpFSkRo": {
    "question_id": "7VodQFaYKxhUwQ5tpFSkRo",
    "prediction": "water",
    "actual": "liquer"
  },
  "7Wj97TEQc4fnsxvvsbnUXH": {
    "question_id": "7Wj97TEQc4fnsxvvsbnUXH",
    "prediction": "chicken",
    "actual": "carrot"
  },
  "7YTajnBGjXEmwuYjmsXsdX": {
    "question_id": "7YTajnBGjXEmwuYjmsXsdX",
    "prediction": "disney world",
    "actual": "disneyland"
  },
  "7ZA9sk8eRjBsisqK4EgQM2": {
    "question_id": "7ZA9sk8eRjBsisqK4EgQM2",
    "prediction": "boy",
    "actual": "woman"
  },
  "7dxcZiZowsAK34QswVhXy3": {
    "question_id": "7dxcZiZowsAK34QswVhXy3",
    "prediction": "below freezing",
    "actual": "hot"
  },
  "7jkWRB4pt8ZordP6wDAvbT": {
    "question_id": "7jkWRB4pt8ZordP6wDAvbT",
    "prediction": "building",
    "actual": "tv"
  },
  "86vHZcPAsgzHoG4VL93xqr": {
    "question_id": "86vHZcPAsgzHoG4VL93xqr",
    "prediction": "both",
    "actual": "red"
  },
  "8KqQoveNzvvZSgxxPeepUY": {
    "question_id": "8KqQoveNzvvZSgxxPeepUY",
    "prediction": "blue car",
    "actual": "red bus"
  },
  "8LVHUcGX7daYbXPh59c8pW": {
    "question_id": "8LVHUcGX7daYbXPh59c8pW",
    "prediction": "car",
    "actual": "airplane"
  },
  "8MMdCgrej5iBZ7PitRYrt3": {
    "question_id": "8MMdCgrej5iBZ7PitRYrt3",
    "prediction": "backpack",
    "actual": "suitcase"
  },
  "8Qivn8LXSmWYmn7zgKGiw4": {
    "question_id": "8Qivn8LXSmWYmn7zgKGiw4",
    "prediction": "pictures",
    "actual": "speakers"
  },
  "8RDETmscMEEsHh6Sbekaa6": {
    "question_id": "8RDETmscMEEsHh6Sbekaa6",
    "prediction": "confused",
    "actual": "smiling"
  },
  "8dWqzZJR3MvHHSGAAzAEJy": {
    "question_id": "8dWqzZJR3MvHHSGAAzAEJy",
    "prediction": "travel",
    "actual": "investments"
  },
  "8enBCTrMj57db8JVq9wyPq": {
    "question_id": "8enBCTrMj57db8JVq9wyPq",
    "prediction": "nuts",
    "actual": "orange slices"
  },
  "8k5Wnk4jb9ZzTN8EHrqNS3": {
    "question_id": "8k5Wnk4jb9ZzTN8EHrqNS3",
    "prediction": "pens",
    "actual": "tissues"
  },
  "8pfeZwe43HT9mMjVmdZhzm": {
    "question_id": "8pfeZwe43HT9mMjVmdZhzm",
    "prediction": "one",
    "actual": "four"
  },
  "8spFMseWd5TyYXt4LygCE5": {
    "question_id": "8spFMseWd5TyYXt4LygCE5",
    "prediction": "three",
    "actual": "one"
  },
  "8tjSG5kCpUsF7QaQsPoJcG": {
    "question_id": "8tjSG5kCpUsF7QaQsPoJcG",
    "prediction": "riverton",
    "actual": "omaha"
  },
  "8uQHFZsgJwvQPuvYs7reMA": {
    "question_id": "8uQHFZsgJwvQPuvYs7reMA",
    "prediction": "turning right",
    "actual": "turning left"
  },
  "8vnLAkEcA5mAC66h59f4dE": {
    "question_id": "8vnLAkEcA5mAC66h59f4dE",
    "prediction": "probably no",
    "actual": "absolutely no"
  },
  "8vuMQFQGMNiU6TcoNUNe2U": {
    "question_id": "8vuMQFQGMNiU6TcoNUNe2U",
    "prediction": "street sign",
    "actual": "advertisement"
  },
  "8vzpRWS6dDNrFCouzebMm9": {
    "question_id": "8vzpRWS6dDNrFCouzebMm9",
    "prediction": "xbox one",
    "actual": "nintendo wii"
  },
  "8w7GuH4PjCommJcwHaGge6": {
    "question_id": "8w7GuH4PjCommJcwHaGge6",
    "prediction": "stadium",
    "actual": "terminal"
  },
  "8xMtKKAZ5RHWjwMgCuYjWV": {
    "question_id": "8xMtKKAZ5RHWjwMgCuYjWV",
    "prediction": "deep dish",
    "actual": "margarita"
  },
  "92HRqF8nimMzat2iydhLAj": {
    "question_id": "92HRqF8nimMzat2iydhLAj",
    "prediction": "kicking",
    "actual": "skateboarding"
  },
  "9J5n2f4j4R4B9t3c6MPSi3": {
    "question_id": "9J5n2f4j4R4B9t3c6MPSi3",
    "prediction": "rice",
    "actual": "turkey"
  },
  "9KA8dr22Hiveh2s9JwvPLZ": {
    "question_id": "9KA8dr22Hiveh2s9JwvPLZ",
    "prediction": "rump",
    "actual": "ear"
  },
  "9PGPr3vxBAb9jyWDiR9ous": {
    "question_id": "9PGPr3vxBAb9jyWDiR9ous",
    "prediction": "compaq",
    "actual": "hp"
  },
  "9PZxoQZCdEn8VijhqTfENe": {
    "question_id": "9PZxoQZCdEn8VijhqTfENe",
    "prediction": "knife",
    "actual": "fork"
  },
  "9R6ddmMNiye654hqqPZ2eE": {
    "question_id": "9R6ddmMNiye654hqqPZ2eE",
    "prediction": "water retainment",
    "actual": "prevent fire"
  },
  "9R9Ef5J6eaJzSHvUEkBkgq": {
    "question_id": "9R9Ef5J6eaJzSHvUEkBkgq",
    "prediction": "panda",
    "actual": "rooster"
  },
  "9TbmZ3Qq4paDv4AUeXpLEm": {
    "question_id": "9TbmZ3Qq4paDv4AUeXpLEm",
    "prediction": "wind",
    "actual": "paint"
  },
  "9Vcrsyxf2zbSBauWavQbju": {
    "question_id": "9Vcrsyxf2zbSBauWavQbju",
    "prediction": "right",
    "actual": "middle"
  },
  "9WmbdtPjrRDvD7yeHYr55d": {
    "question_id": "9WmbdtPjrRDvD7yeHYr55d",
    "prediction": "zigzag",
    "actual": "polka dots"
  },
  "9ZB4WcL9Sbo3L6ZPkaqzKY": {
    "question_id": "9ZB4WcL9Sbo3L6ZPkaqzKY",
    "prediction": "one",
    "actual": "three"
  },
  "9fX9oZHdEtHPfWbHi4BhwA": {
    "question_id": "9fX9oZHdEtHPfWbHi4BhwA",
    "prediction": "beer",
    "actual": "coke"
  },
  "9v2zVc4N5db5pVtYvrVEeD": {
    "question_id": "9v2zVc4N5db5pVtYvrVEeD",
    "prediction": "paper",
    "actual": "money"
  },
  "9zfgVSEG4hrKHfuoe4tHqx": {
    "question_id": "9zfgVSEG4hrKHfuoe4tHqx",
    "prediction": "fun",
    "actual": "spend time"
  },
  "A2uU9gQWJp8Z3LJePdL9u8": {
    "question_id": "A2uU9gQWJp8Z3LJePdL9u8",
    "prediction": "chinese",
    "actual": "japanese"
  },
  "A2yJNQmbyDNtQEq4b2EZWx": {
    "question_id": "A2yJNQmbyDNtQEq4b2EZWx",
    "prediction": "uber",
    "actual": "flying"
  },
  "A3zGJC9ryU4EkHzywEGdJn": {
    "question_id": "A3zGJC9ryU4EkHzywEGdJn",
    "prediction": "white wine",
    "actual": "red wine"
  },
  "A9Pk4Az2eRMuSEgB8GnUBU": {
    "question_id": "A9Pk4Az2eRMuSEgB8GnUBU",
    "prediction": "biography",
    "actual": "thriller fiction"
  },
  "ACMY4KCmBjXQNimvG4dJhA": {
    "question_id": "ACMY4KCmBjXQNimvG4dJhA",
    "prediction": "eight",
    "actual": "four"
  },
  "ADSaLsXSNftfMMYWMKKqCS": {
    "question_id": "ADSaLsXSNftfMMYWMKKqCS",
    "prediction": "left",
    "actual": "right"
  },
  "AJvjHZ5SF3hD6C3eYniXsc": {
    "question_id": "AJvjHZ5SF3hD6C3eYniXsc",
    "prediction": "transportation",
    "actual": "farming"
  },
  "APKEVGn8hXAWmsWYxQQukD": {
    "question_id": "APKEVGn8hXAWmsWYxQQukD",
    "prediction": "rain",
    "actual": "sun"
  },
  "AQQMsV5n7NGgths6DjtJcH": {
    "question_id": "AQQMsV5n7NGgths6DjtJcH",
    "prediction": "hard",
    "actual": "soft"
  },
  "AScfHhLUR7uPGS4TV6VpbN": {
    "question_id": "AScfHhLUR7uPGS4TV6VpbN",
    "prediction": "to ride",
    "actual": "to restrain"
  },
  "Ar8D5FwKT47LcGDqJXXLjK": {
    "question_id": "Ar8D5FwKT47LcGDqJXXLjK",
    "prediction": "sell them",
    "actual": "eat them"
  },
  "AvSkehQk4bMedgX65PDsAj": {
    "question_id": "AvSkehQk4bMedgX65PDsAj",
    "prediction": "both",
    "actual": "white board"
  },
  "AyYa5v5HCXAjDeLXgP2CN5": {
    "question_id": "AyYa5v5HCXAjDeLXgP2CN5",
    "prediction": "pictures",
    "actual": "coats"
  },
  "B89EaRFhsoHzAy55JKCZJJ": {
    "question_id": "B89EaRFhsoHzAy55JKCZJJ",
    "prediction": "eight",
    "actual": "90"
  },
  "B9XREx57Gw3BhJfjEg9yib": {
    "question_id": "B9XREx57Gw3BhJfjEg9yib",
    "prediction": "tour bus",
    "actual": "public transport"
  },
  "BECCJDkBDxrjtJNK7NGXQH": {
    "question_id": "BECCJDkBDxrjtJNK7NGXQH",
    "prediction": "tomato",
    "actual": "carrot"
  },
  "BQYQHxqKeExvS6GyHbBLjJ": {
    "question_id": "BQYQHxqKeExvS6GyHbBLjJ",
    "prediction": "concert hall",
    "actual": "airport"
  },
  "BRxXgf2dHwtY3SuRcmvv8Q": {
    "question_id": "BRxXgf2dHwtY3SuRcmvv8Q",
    "prediction": "truck trailer",
    "actual": "orange tractor"
  },
  "BSZ9GqpZWjmXRxdbn5nTjf": {
    "question_id": "BSZ9GqpZWjmXRxdbn5nTjf",
    "prediction": "score",
    "actual": "kite"
  },
  "BSgG9C63esRw6W3Tw6rBbu": {
    "question_id": "BSgG9C63esRw6W3Tw6rBbu",
    "prediction": "motorcycle",
    "actual": "skateboard"
  },
  "BUpdAEWaMUZK8AKRzy3vBQ": {
    "question_id": "BUpdAEWaMUZK8AKRzy3vBQ",
    "prediction": "other kids",
    "actual": "parents"
  },
  "BaNWccWHEXHgtdo2h5795T": {
    "question_id": "BaNWccWHEXHgtdo2h5795T",
    "prediction": "directional",
    "actual": "traffic"
  },
  "BhVeP3bxgcP5SjZLEfrm9y": {
    "question_id": "BhVeP3bxgcP5SjZLEfrm9y",
    "prediction": "tennis",
    "actual": "snowboarding"
  },
  "Bp5VwMuky5fXJPzp54X6XE": {
    "question_id": "Bp5VwMuky5fXJPzp54X6XE",
    "prediction": "medical",
    "actual": "restaurant"
  },
  "BpLgWvp3a7WEzrsmnpQBWT": {
    "question_id": "BpLgWvp3a7WEzrsmnpQBWT",
    "prediction": "computer",
    "actual": "string"
  },
  "BuWxzrpFRXqSj8UjZannxM": {
    "question_id": "BuWxzrpFRXqSj8UjZannxM",
    "prediction": "cake",
    "actual": "pacifier"
  },
  "Bw5zPLf2EX7MjMakQbxdAV": {
    "question_id": "Bw5zPLf2EX7MjMakQbxdAV",
    "prediction": "political rally",
    "actual": "drinking"
  },
  "BwNg9mG4uXsALtLg2ztFgz": {
    "question_id": "BwNg9mG4uXsALtLg2ztFgz",
    "prediction": "salt",
    "actual": "yeast"
  },
  "C4iGaNrPm4zXWRgxL2XdRF": {
    "question_id": "C4iGaNrPm4zXWRgxL2XdRF",
    "prediction": "supper",
    "actual": "tea"
  },
  "C5KFJtK2qiQ2gMC5WNsdnB": {
    "question_id": "C5KFJtK2qiQ2gMC5WNsdnB",
    "prediction": "family members",
    "actual": "customers"
  },
  "CKSUnA8f2e4FZyu5pXFuhm": {
    "question_id": "CKSUnA8f2e4FZyu5pXFuhm",
    "prediction": "three",
    "actual": "four"
  },
  "CKj2DmTDPa2HMKUvU9d6RN": {
    "question_id": "CKj2DmTDPa2HMKUvU9d6RN",
    "prediction": "motorcycle",
    "actual": "vespa"
  },
  "CKoy38QkqTRSirL8yyeimY": {
    "question_id": "CKoy38QkqTRSirL8yyeimY",
    "prediction": "porcelain",
    "actual": "disposable"
  },
  "CRvFM9oRe3ELNUegmzDKHv": {
    "question_id": "CRvFM9oRe3ELNUegmzDKHv",
    "prediction": "lie",
    "actual": "fly"
  },
  "CYVZymNaQk6gd79AKNefqh": {
    "question_id": "CYVZymNaQk6gd79AKNefqh",
    "prediction": "down",
    "actual": "up"
  },
  "ChoLNyVYCocjeYqDJQYMoe": {
    "question_id": "ChoLNyVYCocjeYqDJQYMoe",
    "prediction": "waterskiing",
    "actual": "waterboarding"
  },
  "CjTrsVaGpA8tU9gav5uAkC": {
    "question_id": "CjTrsVaGpA8tU9gav5uAkC",
    "prediction": "mm",
    "actual": "flower"
  },
  "CuqeFPuPUXRxjKnTomsz4x": {
    "question_id": "CuqeFPuPUXRxjKnTomsz4x",
    "prediction": "13",
    "actual": "21"
  },
  "Cy5KPSnpjZdbRiQsbPug95": {
    "question_id": "Cy5KPSnpjZdbRiQsbPug95",
    "prediction": "farm",
    "actual": "barn"
  },
  "D2nH9ADi8U2ATp3ryKnDvb": {
    "question_id": "D2nH9ADi8U2ATp3ryKnDvb",
    "prediction": "horse theft",
    "actual": "chariot racing"
  },
  "D5wkZcANAvQPLDQHLMV2TQ": {
    "question_id": "D5wkZcANAvQPLDQHLMV2TQ",
    "prediction": "reality show",
    "actual": "talk show"
  },
  "D6DfPGuGowm35cTuQhvw4s": {
    "question_id": "D6DfPGuGowm35cTuQhvw4s",
    "prediction": "dog",
    "actual": "horse"
  },
  "D7y9SSbRuVzVfJGiAinTx3": {
    "question_id": "D7y9SSbRuVzVfJGiAinTx3",
    "prediction": "snow shovelling",
    "actual": "pushing off"
  },
  "DAEcXR5DWNgEcEVRqA4xFS": {
    "question_id": "DAEcXR5DWNgEcEVRqA4xFS",
    "prediction": "cook food",
    "actual": "watch tv"
  },
  "DC3qACi5rhmWU8XzM5Vdvy": {
    "question_id": "DC3qACi5rhmWU8XzM5Vdvy",
    "prediction": "black car",
    "actual": "white van"
  },
  "DMGGczBdJRXHqZitoXSjSy": {
    "question_id": "DMGGczBdJRXHqZitoXSjSy",
    "prediction": "to roll",
    "actual": "to grind"
  },
  "DNGTUpUeLqmbKUNNns3kZs": {
    "question_id": "DNGTUpUeLqmbKUNNns3kZs",
    "prediction": "10 inch",
    "actual": "16 inch"
  },
  "DPtUMrxDbLP2nQ9yUdmvkT": {
    "question_id": "DPtUMrxDbLP2nQ9yUdmvkT",
    "prediction": "one",
    "actual": "two"
  },
  "DRLyePKKPxvXEDiKygRjjt": {
    "question_id": "DRLyePKKPxvXEDiKygRjjt",
    "prediction": "minor league",
    "actual": "little league"
  },
  "DRjvqC85oQS6p6Q6fz6CdY": {
    "question_id": "DRjvqC85oQS6p6Q6fz6CdY",
    "prediction": "midnight",
    "actual": "1000"
  },
  "DTAw9Vu8CLWbzUAg6m8okx": {
    "question_id": "DTAw9Vu8CLWbzUAg6m8okx",
    "prediction": "children",
    "actual": "bag"
  },
  "DX4bBD5XMPxQuu3hqWAdDW": {
    "question_id": "DX4bBD5XMPxQuu3hqWAdDW",
    "prediction": "kindness",
    "actual": "weight"
  },
  "DpnK7HeBvBiVtVRCiDJxED": {
    "question_id": "DpnK7HeBvBiVtVRCiDJxED",
    "prediction": "blue",
    "actual": "yellow"
  },
  "DxR6agStFKhyFqTSYRUgPa": {
    "question_id": "DxR6agStFKhyFqTSYRUgPa",
    "prediction": "helping customer",
    "actual": "wearing uniform"
  },
  "Dy2TUremDDZAAQrkx5oPnB": {
    "question_id": "Dy2TUremDDZAAQrkx5oPnB",
    "prediction": "flashlight",
    "actual": "candle"
  },
  "E6vGrKzLTzqabYt55Ksc2N": {
    "question_id": "E6vGrKzLTzqabYt55Ksc2N",
    "prediction": "yes",
    "actual": "absolutely no"
  },
  "E9JLQaGpyoZudcYaQCrzvA": {
    "question_id": "E9JLQaGpyoZudcYaQCrzvA",
    "prediction": "mouse",
    "actual": "desk"
  },
  "EAHmczQURaep8SJkvhYCje": {
    "question_id": "EAHmczQURaep8SJkvhYCje",
    "prediction": "fear",
    "actual": "fence"
  },
  "EBfqBBCf7yRtTtGhsc52Td": {
    "question_id": "EBfqBBCf7yRtTtGhsc52Td",
    "prediction": "polka dot",
    "actual": "stripes"
  },
  "EDFzCznf6oQmdpV8T8S7vU": {
    "question_id": "EDFzCznf6oQmdpV8T8S7vU",
    "prediction": "four",
    "actual": "three"
  },
  "EER9xudvx7aG37Zbaewxkw": {
    "question_id": "EER9xudvx7aG37Zbaewxkw",
    "prediction": "coca cola",
    "actual": "pepsi"
  },
  "EJ5nAfveNYp6rFYz46Dqkw": {
    "question_id": "EJ5nAfveNYp6rFYz46Dqkw",
    "prediction": "tennis ball",
    "actual": "screen"
  },
  "EZr7FwVY2S7FggmHpHxCZK": {
    "question_id": "EZr7FwVY2S7FggmHpHxCZK",
    "prediction": "steel",
    "actual": "clay"
  },
  "Ed662HvZeisV6Mzxs2S6bj": {
    "question_id": "Ed662HvZeisV6Mzxs2S6bj",
    "prediction": "purse",
    "actual": "travel"
  },
  "EdDpJngBTrp6Bje83yQqDc": {
    "question_id": "EdDpJngBTrp6Bje83yQqDc",
    "prediction": "rain",
    "actual": "sun"
  },
  "EgJwLz3i9LPpmSLpFLRjMM": {
    "question_id": "EgJwLz3i9LPpmSLpFLRjMM",
    "prediction": "hat",
    "actual": "headphones"
  },
  "EmU9DKov4EwRDaZuKvzAXj": {
    "question_id": "EmU9DKov4EwRDaZuKvzAXj",
    "prediction": "wine",
    "actual": "beer"
  },
  "EohV983PdD4udviqEUgU3D": {
    "question_id": "EohV983PdD4udviqEUgU3D",
    "prediction": "four",
    "actual": "three"
  },
  "EpwwuobLzGLWhnbXAjbw2x": {
    "question_id": "EpwwuobLzGLWhnbXAjbw2x",
    "prediction": "proceed",
    "actual": "don't walk"
  },
  "EtRReER5fXmbnTmQTzM7Di": {
    "question_id": "EtRReER5fXmbnTmQTzM7Di",
    "prediction": "store",
    "actual": "room"
  },
  "EyxALxGEvCyePSado4wnJL": {
    "question_id": "EyxALxGEvCyePSado4wnJL",
    "prediction": "banana",
    "actual": "orange"
  },
  "Eyzb8SKxYzzJuegL3tkwga": {
    "question_id": "Eyzb8SKxYzzJuegL3tkwga",
    "prediction": "linen",
    "actual": "cotton"
  },
  "F3q8NaAw4x5Lc7KhdgvoDy": {
    "question_id": "F3q8NaAw4x5Lc7KhdgvoDy",
    "prediction": "lap",
    "actual": "keyboard"
  },
  "F5CqqWCtosWowj39Kchh9E": {
    "question_id": "F5CqqWCtosWowj39Kchh9E",
    "prediction": "stray dog",
    "actual": "domestic pet"
  },
  "FAgxg4yMBGCmnhc9FTTxyq": {
    "question_id": "FAgxg4yMBGCmnhc9FTTxyq",
    "prediction": "four",
    "actual": "two"
  },
  "FCACCnmERAWpKikUkfc5jV": {
    "question_id": "FCACCnmERAWpKikUkfc5jV",
    "prediction": "blue",
    "actual": "white"
  },
  "FDVQDJDFkV3tWkfTvrnAFy": {
    "question_id": "FDVQDJDFkV3tWkfTvrnAFy",
    "prediction": "rain",
    "actual": "lighting"
  },
  "FFhuFfMAy38Z7WWr6q7faA": {
    "question_id": "FFhuFfMAy38Z7WWr6q7faA",
    "prediction": "grandparent",
    "actual": "son"
  },
  "FNM9a4zAgBwoRawSUrMxPB": {
    "question_id": "FNM9a4zAgBwoRawSUrMxPB",
    "prediction": "rain",
    "actual": "whale"
  },
  "FddDsTHeVp9WJYZBjLoKUi": {
    "question_id": "FddDsTHeVp9WJYZBjLoKUi",
    "prediction": "rail",
    "actual": "road"
  },
  "FeTsEoSpyGhqi8ui4i8tTy": {
    "question_id": "FeTsEoSpyGhqi8ui4i8tTy",
    "prediction": "for visibility",
    "actual": "for reception"
  },
  "FpJmgAqdqfRjUe6axsFMhs": {
    "question_id": "FpJmgAqdqfRjUe6axsFMhs",
    "prediction": "heating",
    "actual": "cooling"
  },
  "Fq7RXZuYTk7pKt4gf6Fvm4": {
    "question_id": "Fq7RXZuYTk7pKt4gf6Fvm4",
    "prediction": "to wave",
    "actual": "to catch"
  },
  "FrMujHaugfA8T2uMPEkckf": {
    "question_id": "FrMujHaugfA8T2uMPEkckf",
    "prediction": "river",
    "actual": "ocean"
  },
  "Fu2ZLJDqhQqxBgT7KdAavf": {
    "question_id": "Fu2ZLJDqhQqxBgT7KdAavf",
    "prediction": "one",
    "actual": "two"
  },
  "Fv2hy4qfFdd847B3xEcPz3": {
    "question_id": "Fv2hy4qfFdd847B3xEcPz3",
    "prediction": "hilly",
    "actual": "grassy"
  },
  "G2yKVAzRGRB5RHtxxMsySP": {
    "question_id": "G2yKVAzRGRB5RHtxxMsySP",
    "prediction": "vinyl",
    "actual": "porcelain"
  },
  "G5UFNWEn9cZH66apuAaxQj": {
    "question_id": "G5UFNWEn9cZH66apuAaxQj",
    "prediction": "afternoon",
    "actual": "morning"
  },
  "G9KXrAd6oRksj8Jqd5hcyo": {
    "question_id": "G9KXrAd6oRksj8Jqd5hcyo",
    "prediction": "drop shot",
    "actual": "serve"
  },
  "GDYFtTMthQh2SHrVrKvynR": {
    "question_id": "GDYFtTMthQh2SHrVrKvynR",
    "prediction": "other animals",
    "actual": "balls"
  },
  "GDwYLbrCSgTVjTMSuJQFgX": {
    "question_id": "GDwYLbrCSgTVjTMSuJQFgX",
    "prediction": "black",
    "actual": "green"
  },
  "GGnMBYFpNz6ukDqFQ7Cdgx": {
    "question_id": "GGnMBYFpNz6ukDqFQ7Cdgx",
    "prediction": "work",
    "actual": "cross"
  },
  "GTZGtuDSqd76CSi8NDrEKx": {
    "question_id": "GTZGtuDSqd76CSi8NDrEKx",
    "prediction": "farm",
    "actual": "street"
  },
  "GYERWEzeTRB8TqAZXguSbG": {
    "question_id": "GYERWEzeTRB8TqAZXguSbG",
    "prediction": "displaying wealth",
    "actual": "rain protection"
  },
  "GaMNX53oAdZUoytgminHKh": {
    "question_id": "GaMNX53oAdZUoytgminHKh",
    "prediction": "yellow",
    "actual": "grey"
  },
  "Gd2FCTGcKM4yuJrprWpsyp": {
    "question_id": "Gd2FCTGcKM4yuJrprWpsyp",
    "prediction": "natural",
    "actual": "cement"
  },
  "GkrGRjhVED6WinovPED8iZ": {
    "question_id": "GkrGRjhVED6WinovPED8iZ",
    "prediction": "furniture",
    "actual": "statues"
  },
  "GkxEs3oBggLe4zY9XmJZaA": {
    "question_id": "GkxEs3oBggLe4zY9XmJZaA",
    "prediction": "eight",
    "actual": "ten"
  },
  "GoBun4WYj2oK6vRihjfEGv": {
    "question_id": "GoBun4WYj2oK6vRihjfEGv",
    "prediction": "beer",
    "actual": "red wine"
  },
  "Gr2guph9meudkWEM6Gbpwr": {
    "question_id": "Gr2guph9meudkWEM6Gbpwr",
    "prediction": "wood fire",
    "actual": "gas"
  },
  "GrkdG8hexJX5weRDGtgQNj": {
    "question_id": "GrkdG8hexJX5weRDGtgQNj",
    "prediction": "sailing",
    "actual": "cruise"
  },
  "H5ij2UADeZudHffAeLzw6z": {
    "question_id": "H5ij2UADeZudHffAeLzw6z",
    "prediction": "microsoft",
    "actual": "apple"
  },
  "H8KBdToKYoc2D9GPVE6mds": {
    "question_id": "H8KBdToKYoc2D9GPVE6mds",
    "prediction": "baseball cap",
    "actual": "newsboy"
  },
  "HBocRDMRkRehHhDX4BnCwq": {
    "question_id": "HBocRDMRkRehHhDX4BnCwq",
    "prediction": "tennis shoes",
    "actual": "flats"
  },
  "HJeQNjpkTJrL7EnPntSa4w": {
    "question_id": "HJeQNjpkTJrL7EnPntSa4w",
    "prediction": "sundial",
    "actual": "analog"
  },
  "HJh9bXtpMyBNmsmBa6CH4p": {
    "question_id": "HJh9bXtpMyBNmsmBa6CH4p",
    "prediction": "one",
    "actual": "two"
  },
  "HMuwvp694v2XuNGWtSht8h": {
    "question_id": "HMuwvp694v2XuNGWtSht8h",
    "prediction": "six",
    "actual": "nine"
  },
  "HPZPYitwJBDrLAkkGa9AJ5": {
    "question_id": "HPZPYitwJBDrLAkkGa9AJ5",
    "prediction": "sketchers",
    "actual": "adidas"
  },
  "HRRChNRZfHh9JRVSVaZvt7": {
    "question_id": "HRRChNRZfHh9JRVSVaZvt7",
    "prediction": "generator",
    "actual": "oven"
  },
  "HVw3M6ynyrfGd6UNNGLDyS": {
    "question_id": "HVw3M6ynyrfGd6UNNGLDyS",
    "prediction": "batter's box",
    "actual": "home plate"
  },
  "HtgRjokZ8ucLVCRGLEKkFS": {
    "question_id": "HtgRjokZ8ucLVCRGLEKkFS",
    "prediction": "clown",
    "actual": "heart"
  },
  "HvqzXR3y2V29n55RRarBQA": {
    "question_id": "HvqzXR3y2V29n55RRarBQA",
    "prediction": "to film",
    "actual": "safety"
  },
  "J4WUAZW5eUveUgDRSq3r7y": {
    "question_id": "J4WUAZW5eUveUgDRSq3r7y",
    "prediction": "eight",
    "actual": "four"
  },
  "JG6LR7gqcbcDvbrwYiZbnj": {
    "question_id": "JG6LR7gqcbcDvbrwYiZbnj",
    "prediction": "to wave",
    "actual": "to balance"
  },
  "JGXXqdncT4kgE87XSYDEH8": {
    "question_id": "JGXXqdncT4kgE87XSYDEH8",
    "prediction": "restaurant",
    "actual": "house"
  },
  "JK2iuDmUfAfGyyNaUnWZgK": {
    "question_id": "JK2iuDmUfAfGyyNaUnWZgK",
    "prediction": "old time",
    "actual": "fish eye"
  },
  "JLeJRnVgCAQDSxhnN2LLGU": {
    "question_id": "JLeJRnVgCAQDSxhnN2LLGU",
    "prediction": "bagel",
    "actual": "donut"
  },
  "JTLLmy2W6V6VETwzhkgDPh": {
    "question_id": "JTLLmy2W6V6VETwzhkgDPh",
    "prediction": "four",
    "actual": "one"
  },
  "JYWg9aVznMs3k9DbgYYj5a": {
    "question_id": "JYWg9aVznMs3k9DbgYYj5a",
    "prediction": "town",
    "actual": "corporation"
  },
  "Jd5ZtcGspbFr8SHETgpt53": {
    "question_id": "Jd5ZtcGspbFr8SHETgpt53",
    "prediction": "square",
    "actual": "round"
  },
  "JuxtrucqNyPwRLsANkhiRw": {
    "question_id": "JuxtrucqNyPwRLsANkhiRw",
    "prediction": "southern",
    "actual": "asian"
  },
  "JwnCRZQToshydgQiSHz6Qk": {
    "question_id": "JwnCRZQToshydgQiSHz6Qk",
    "prediction": "structural wall",
    "actual": "fireplace"
  },
  "K7FEvSfPCq94Y7Uzwvju4J": {
    "question_id": "K7FEvSfPCq94Y7Uzwvju4J",
    "prediction": "party store",
    "actual": "dunkin coffee"
  },
  "K7TG3WAZ6ViJaprGP2QFb3": {
    "question_id": "K7TG3WAZ6ViJaprGP2QFb3",
    "prediction": "necklace",
    "actual": "keys"
  },
  "K9gu6pYzJwwNr2JdCnrRyW": {
    "question_id": "K9gu6pYzJwwNr2JdCnrRyW",
    "prediction": "apple",
    "actual": "kiwi"
  },
  "KADU4VuTNvJcaxfcuSWg5s": {
    "question_id": "KADU4VuTNvJcaxfcuSWg5s",
    "prediction": "ipad",
    "actual": "ipod"
  },
  "KFfvmbMFji4jPLYSa72ghN": {
    "question_id": "KFfvmbMFji4jPLYSa72ghN",
    "prediction": "major",
    "actual": "college"
  },
  "KHUiovaE2ZgBkwbt2ADbaN": {
    "question_id": "KHUiovaE2ZgBkwbt2ADbaN",
    "prediction": "happiness",
    "actual": "sadness"
  },
  "KJfQQQhNGQydZ2gdW6dv9A": {
    "question_id": "KJfQQQhNGQydZ2gdW6dv9A",
    "prediction": "wine",
    "actual": "salami"
  },
  "KMYPv55YgBCMho3xHBu4GM": {
    "question_id": "KMYPv55YgBCMho3xHBu4GM",
    "prediction": "united states",
    "actual": "canada"
  },
  "KUFqsDY7LxQj86DWy5PV33": {
    "question_id": "KUFqsDY7LxQj86DWy5PV33",
    "prediction": "winter",
    "actual": "summer"
  },
  "KULnaCXEwqsqxdegDzQRjT": {
    "question_id": "KULnaCXEwqsqxdegDzQRjT",
    "prediction": "five",
    "actual": "three"
  },
  "KVAeyTAfrvN8fst6NXA6MT": {
    "question_id": "KVAeyTAfrvN8fst6NXA6MT",
    "prediction": "crust",
    "actual": "mushroom"
  },
  "KatNcK2tJQ8nr2oasRaXoD": {
    "question_id": "KatNcK2tJQ8nr2oasRaXoD",
    "prediction": "stop",
    "actual": "run"
  },
  "KqEeneEUHVnoFj9nRYLS3u": {
    "question_id": "KqEeneEUHVnoFj9nRYLS3u",
    "prediction": "brown",
    "actual": "white"
  },
  "KwuvnUibgJ9zWpif3UzUtJ": {
    "question_id": "KwuvnUibgJ9zWpif3UzUtJ",
    "prediction": "table",
    "actual": "ground"
  },
  "LFz5f9J9ZvERUNtuXm7UJg": {
    "question_id": "LFz5f9J9ZvERUNtuXm7UJg",
    "prediction": "custom",
    "actual": "visibility"
  },
  "LGdv7ZFDA5bxdGaYw5XSLZ": {
    "question_id": "LGdv7ZFDA5bxdGaYw5XSLZ",
    "prediction": "sight",
    "actual": "camouflage"
  },
  "LHeFhpiVsUvAjwDNWJQPfZ": {
    "question_id": "LHeFhpiVsUvAjwDNWJQPfZ",
    "prediction": "green",
    "actual": "white"
  },
  "LJ4sDDbqD2hawGCiejEBpQ": {
    "question_id": "LJ4sDDbqD2hawGCiejEBpQ",
    "prediction": "skiing",
    "actual": "chairlift"
  },
  "LNUVUyUrSmACQeFCKtKq6U": {
    "question_id": "LNUVUyUrSmACQeFCKtKq6U",
    "prediction": "mud",
    "actual": "wax"
  },
  "LaVtN4tgwqXPxzoGfKPQjg": {
    "question_id": "LaVtN4tgwqXPxzoGfKPQjg",
    "prediction": "corn",
    "actual": "peapod"
  },
  "LduCAeBABsAgiTkxMrytDf": {
    "question_id": "LduCAeBABsAgiTkxMrytDf",
    "prediction": "lime juice",
    "actual": "olive oil"
  },
  "LjrjS6vsP3xXwot5D9eFiD": {
    "question_id": "LjrjS6vsP3xXwot5D9eFiD",
    "prediction": "fishing",
    "actual": "kayaking"
  },
  "LpbiGZE3yGNeqQXPc8cB7v": {
    "question_id": "LpbiGZE3yGNeqQXPc8cB7v",
    "prediction": "clip board",
    "actual": "post-its"
  },
  "LqCNzoPHep3XKouS3eUAk6": {
    "question_id": "LqCNzoPHep3XKouS3eUAk6",
    "prediction": "mirror",
    "actual": "window"
  },
  "LqQSkRfPRjbWBwDicmVt5h": {
    "question_id": "LqQSkRfPRjbWBwDicmVt5h",
    "prediction": "services",
    "actual": "clean"
  },
  "LygyAJXhmSDTBfc6cAtztt": {
    "question_id": "LygyAJXhmSDTBfc6cAtztt",
    "prediction": "bicycle",
    "actual": "motorcycle"
  },
  "M3UwocoRkLnvoEsrqhUrRZ": {
    "question_id": "M3UwocoRkLnvoEsrqhUrRZ",
    "prediction": "car",
    "actual": "cart"
  },
  "M7GYpdBrUzhDxznbhPebAi": {
    "question_id": "M7GYpdBrUzhDxznbhPebAi",
    "prediction": "red ale",
    "actual": "red stripe"
  },
  "MAPPrc68FM8HwQsJHE6W2q": {
    "question_id": "MAPPrc68FM8HwQsJHE6W2q",
    "prediction": "great",
    "actual": "race"
  },
  "MLS7svNqmdHua7qB2dvKuq": {
    "question_id": "MLS7svNqmdHua7qB2dvKuq",
    "prediction": "world cup",
    "actual": "wimbledon"
  },
  "MNd63HUuxoKR7oBz6d3zA5": {
    "question_id": "MNd63HUuxoKR7oBz6d3zA5",
    "prediction": "pocketbook",
    "actual": "purse"
  },
  "MRauFRDpB55J3mf5RKCbJH": {
    "question_id": "MRauFRDpB55J3mf5RKCbJH",
    "prediction": "washing hands",
    "actual": "taking selfie"
  },
  "MWDJi7QGHxkNj2dWNnzE6S": {
    "question_id": "MWDJi7QGHxkNj2dWNnzE6S",
    "prediction": "one",
    "actual": "was"
  },
  "MXNuoDzTufsnkH3TEQS9P3": {
    "question_id": "MXNuoDzTufsnkH3TEQS9P3",
    "prediction": "fashion",
    "actual": "warmth"
  },
  "MajM5Byv84DD34XWtgDTEu": {
    "question_id": "MajM5Byv84DD34XWtgDTEu",
    "prediction": "stray dog",
    "actual": "domestic pet"
  },
  "MdawSWWcrGZdyq4yMLZRMN": {
    "question_id": "MdawSWWcrGZdyq4yMLZRMN",
    "prediction": "theme park",
    "actual": "sidewalk"
  },
  "MdpQEymVqNWnxqPPxPXxvs": {
    "question_id": "MdpQEymVqNWnxqPPxPXxvs",
    "prediction": "l",
    "actual": "j"
  },
  "MgGUyCE42FnnjzSi8wqRBt": {
    "question_id": "MgGUyCE42FnnjzSi8wqRBt",
    "prediction": "five",
    "actual": "21"
  },
  "Mj2xTvTMWmPfD2AvR3cDQw": {
    "question_id": "Mj2xTvTMWmPfD2AvR3cDQw",
    "prediction": "horse",
    "actual": "elephant"
  },
  "MrMKrCttovt9tvMyUYZytj": {
    "question_id": "MrMKrCttovt9tvMyUYZytj",
    "prediction": "health",
    "actual": "travel"
  },
  "N7m8txH8f6upMQuW8Ek8p8": {
    "question_id": "N7m8txH8f6upMQuW8Ek8p8",
    "prediction": "bras",
    "actual": "hats"
  },
  "NDUEeMTroLKXs44BF3Z56m": {
    "question_id": "NDUEeMTroLKXs44BF3Z56m",
    "prediction": "coffee",
    "actual": "soda"
  },
  "NFMXerxQWMSQACyqHarJre": {
    "question_id": "NFMXerxQWMSQACyqHarJre",
    "prediction": "electricity",
    "actual": "battery"
  },
  "NFgfC2sJF3DkFgY58TDpfy": {
    "question_id": "NFgfC2sJF3DkFgY58TDpfy",
    "prediction": "backhand",
    "actual": "serve"
  },
  "NaxFfMbXiDnFeK2TDQpBpL": {
    "question_id": "NaxFfMbXiDnFeK2TDQpBpL",
    "prediction": "private enterprise",
    "actual": "educational"
  },
  "NkV76CMuvfSYK7MyjLeTKV": {
    "question_id": "NkV76CMuvfSYK7MyjLeTKV",
    "prediction": "accelerate",
    "actual": "flip"
  },
  "NqPZVF9F8iZ7nXWPUhFTXM": {
    "question_id": "NqPZVF9F8iZ7nXWPUhFTXM",
    "prediction": "chocolate",
    "actual": "carrot"
  },
  "NtLrgnLvk747vSc3scsUHn": {
    "question_id": "NtLrgnLvk747vSc3scsUHn",
    "prediction": "jockey",
    "actual": "knight"
  },
  "NvwixocPuSU8e4uyGqdY9X": {
    "question_id": "NvwixocPuSU8e4uyGqdY9X",
    "prediction": "office",
    "actual": "bathroom"
  },
  "NzFEWXcTYWqgrRXUnqVK6h": {
    "question_id": "NzFEWXcTYWqgrRXUnqVK6h",
    "prediction": "looks",
    "actual": "gift"
  },
  "P6oCrLWLEpt8yyJ6x9AbAd": {
    "question_id": "P6oCrLWLEpt8yyJ6x9AbAd",
    "prediction": "london",
    "actual": "cologne germany"
  },
  "PBPtqNj8ChAWcqKW5qxQvR": {
    "question_id": "PBPtqNj8ChAWcqKW5qxQvR",
    "prediction": "square",
    "actual": "sphere"
  },
  "PCGypGVa3Wc6gUBSHQVWmR": {
    "question_id": "PCGypGVa3Wc6gUBSHQVWmR",
    "prediction": "1379",
    "actual": "1369"
  },
  "PCU3paJyftQe8M3s4T6ZVd": {
    "question_id": "PCU3paJyftQe8M3s4T6ZVd",
    "prediction": "dirt",
    "actual": "wrinkles"
  },
  "PCavtGPpEZnoW3vRUb2vbM": {
    "question_id": "PCavtGPpEZnoW3vRUb2vbM",
    "prediction": "using laptop",
    "actual": "smoking"
  },
  "PGrM6kp6herk4ducZoyUUd": {
    "question_id": "PGrM6kp6herk4ducZoyUUd",
    "prediction": "knife",
    "actual": "broccoli"
  },
  "PPFTmUK9jTLmCYzJ8UK7Bf": {
    "question_id": "PPFTmUK9jTLmCYzJ8UK7Bf",
    "prediction": "apartment",
    "actual": "museum"
  },
  "PPGK4QYUUdYhLhBKKfPCp3": {
    "question_id": "PPGK4QYUUdYhLhBKKfPCp3",
    "prediction": "painting",
    "actual": "pottery"
  },
  "PPGegcRPeAJZ58gfYTUAZH": {
    "question_id": "PPGegcRPeAJZ58gfYTUAZH",
    "prediction": "grocery store",
    "actual": "roadside stand"
  },
  "PXXkdGKz45qtjq76Scf9Hj": {
    "question_id": "PXXkdGKz45qtjq76Scf9Hj",
    "prediction": "hospital",
    "actual": "airport"
  },
  "PZuvxsHTeR4DzXQN7DQR59": {
    "question_id": "PZuvxsHTeR4DzXQN7DQR59",
    "prediction": "style",
    "actual": "bug shield"
  },
  "PazMPafpzhf5zWhAzzfKG9": {
    "question_id": "PazMPafpzhf5zWhAzzfKG9",
    "prediction": "birds",
    "actual": "fighter jets"
  },
  "PcWKJUYhqCiRRsF9ecidXy": {
    "question_id": "PcWKJUYhqCiRRsF9ecidXy",
    "prediction": "metal",
    "actual": "wood"
  },
  "PhDYZ98CbMyiiLytoTmBh6": {
    "question_id": "PhDYZ98CbMyiiLytoTmBh6",
    "prediction": "cool",
    "actual": "heat"
  },
  "PmWMsFgyX6apXWit2Z87aj": {
    "question_id": "PmWMsFgyX6apXWit2Z87aj",
    "prediction": "newspaper",
    "actual": "magazine"
  },
  "PrbWUDZrELd3nWMbQ72MSD": {
    "question_id": "PrbWUDZrELd3nWMbQ72MSD",
    "prediction": "tennis",
    "actual": "badminton"
  },
  "Px66AnBiMseHFPF94hYP93": {
    "question_id": "Px66AnBiMseHFPF94hYP93",
    "prediction": "ken",
    "actual": "dhalsim"
  },
  "Q6BuYZYZySn9YZXf8iBwXD": {
    "question_id": "Q6BuYZYZySn9YZXf8iBwXD",
    "prediction": "seven",
    "actual": "two"
  },
  "QJvRFzyGr6FEDrTqLohf7D": {
    "question_id": "QJvRFzyGr6FEDrTqLohf7D",
    "prediction": "parking meters",
    "actual": "fire hydrants"
  },
  "QMRwRh6Gcy2qkWbZajGUru": {
    "question_id": "QMRwRh6Gcy2qkWbZajGUru",
    "prediction": "steel",
    "actual": "stone"
  },
  "QU5GGV7TZU2xWvdPz946Ka": {
    "question_id": "QU5GGV7TZU2xWvdPz946Ka",
    "prediction": "motor cycle",
    "actual": "bicycle"
  },
  "QWLm7RxL6afwhBVm2WiMV7": {
    "question_id": "QWLm7RxL6afwhBVm2WiMV7",
    "prediction": "backpack",
    "actual": "gloves"
  },
  "QWSFPjnNokcHAt3aUzZCTT": {
    "question_id": "QWSFPjnNokcHAt3aUzZCTT",
    "prediction": "same house",
    "actual": "same uniform"
  },
  "QgbaJEnafjdsdWx5ReQAPn": {
    "question_id": "QgbaJEnafjdsdWx5ReQAPn",
    "prediction": "electricity",
    "actual": "magnetic force"
  },
  "Qn9fw2mFC5bWG7CjQvir9s": {
    "question_id": "Qn9fw2mFC5bWG7CjQvir9s",
    "prediction": "change tracks",
    "actual": "stop"
  },
  "Qpu4P46aupMV73vp2wmEGk": {
    "question_id": "Qpu4P46aupMV73vp2wmEGk",
    "prediction": "doctor",
    "actual": "bar"
  },
  "Qqu6VC6u393vD5MFN4nLKC": {
    "question_id": "Qqu6VC6u393vD5MFN4nLKC",
    "prediction": "cake",
    "actual": "bond"
  },
  "Qs2pN4dnREpNWB3Faxrwfy": {
    "question_id": "Qs2pN4dnREpNWB3Faxrwfy",
    "prediction": "vanity",
    "actual": "two way"
  },
  "Qv49BJttrdU8moobFFSe58": {
    "question_id": "Qv49BJttrdU8moobFFSe58",
    "prediction": "bridge",
    "actual": "poles"
  },
  "R9V95LVNMqbNuxcHhqktUJ": {
    "question_id": "R9V95LVNMqbNuxcHhqktUJ",
    "prediction": "go",
    "actual": "chess"
  },
  "RBwzjVcACZNAqMHpPZbv4i": {
    "question_id": "RBwzjVcACZNAqMHpPZbv4i",
    "prediction": "hold knives",
    "actual": "drainage"
  },
  "RE7AjTGi4wSmoqR4QYLrjB": {
    "question_id": "RE7AjTGi4wSmoqR4QYLrjB",
    "prediction": "cloud",
    "actual": "octopus"
  },
  "RFLRY32jbKYv8NBsmVtX7x": {
    "question_id": "RFLRY32jbKYv8NBsmVtX7x",
    "prediction": "gas leak",
    "actual": "water"
  },
  "RFYFh4DWWiKWEQZW6uR4Uh": {
    "question_id": "RFYFh4DWWiKWEQZW6uR4Uh",
    "prediction": "coach",
    "actual": "athlete"
  },
  "ReDe96f2774vpupY23aBCH": {
    "question_id": "ReDe96f2774vpupY23aBCH",
    "prediction": "tiger woods",
    "actual": "pete rose"
  },
  "ReR5LFFQDGRsrWasGqvdx4": {
    "question_id": "ReR5LFFQDGRsrWasGqvdx4",
    "prediction": "no parking",
    "actual": "pedestrian"
  },
  "Rpy3Dcuk4GLi5NsNq5Xzgt": {
    "question_id": "Rpy3Dcuk4GLi5NsNq5Xzgt",
    "prediction": "plus",
    "actual": "exclamation"
  },
  "RrQ48CMWPTgqsvg2K4P7eR": {
    "question_id": "RrQ48CMWPTgqsvg2K4P7eR",
    "prediction": "stand",
    "actual": "crouch"
  },
  "RsfWYWW4vEUkb5XCQHUKTX": {
    "question_id": "RsfWYWW4vEUkb5XCQHUKTX",
    "prediction": "chairs",
    "actual": "dock"
  },
  "Rsx7xekwpsg4ZCDwoMoePn": {
    "question_id": "Rsx7xekwpsg4ZCDwoMoePn",
    "prediction": "joan crawford",
    "actual": "kimberly elise"
  },
  "RwYJaSgNVemMYsSkVVKnxu": {
    "question_id": "RwYJaSgNVemMYsSkVVKnxu",
    "prediction": "apple",
    "actual": "red velvet"
  },
  "RxPKF64GYxeyCLiP32aKf5": {
    "question_id": "RxPKF64GYxeyCLiP32aKf5",
    "prediction": "ohio",
    "actual": "illinois"
  },
  "RxjgZeBYRVwq53iUfWx6pU": {
    "question_id": "RxjgZeBYRVwq53iUfWx6pU",
    "prediction": "wash dishes",
    "actual": "dry hands"
  },
  "S2UN3nzSfNpeyBMH2GUyCk": {
    "question_id": "S2UN3nzSfNpeyBMH2GUyCk",
    "prediction": "restaurant",
    "actual": "plane"
  },
  "S7PYnsJCcBfWFtnzXnAayU": {
    "question_id": "S7PYnsJCcBfWFtnzXnAayU",
    "prediction": "throw",
    "actual": "swing"
  },
  "SDfSmLAeRRq77jeB3mdieQ": {
    "question_id": "SDfSmLAeRRq77jeB3mdieQ",
    "prediction": "clothing",
    "actual": "sleeping bag"
  },
  "SGt3LAcTjvTtjzjBAtJsCd": {
    "question_id": "SGt3LAcTjvTtjzjBAtJsCd",
    "prediction": "upper-right",
    "actual": "bottom-right"
  },
  "Sd9FAqZwhabNaWzRUftozo": {
    "question_id": "Sd9FAqZwhabNaWzRUftozo",
    "prediction": "welcome",
    "actual": "love us"
  },
  "SdAdWFmnnNenYAp5iLkkSM": {
    "question_id": "SdAdWFmnnNenYAp5iLkkSM",
    "prediction": "mate",
    "actual": "drink water"
  },
  "Se8YypiBrjwXhwCmjyDjtK": {
    "question_id": "Se8YypiBrjwXhwCmjyDjtK",
    "prediction": "wildebeest",
    "actual": "flamingo"
  },
  "SgSpH9dKik4F3kZ9pu2EbH": {
    "question_id": "SgSpH9dKik4F3kZ9pu2EbH",
    "prediction": "cookies",
    "actual": "donuts"
  },
  "SgqV4mnErEwU75PNQtwqpo": {
    "question_id": "SgqV4mnErEwU75PNQtwqpo",
    "prediction": "people",
    "actual": "buildings"
  },
  "Swg6UuWx3sV6rx6mLKYwZz": {
    "question_id": "Swg6UuWx3sV6rx6mLKYwZz",
    "prediction": "cup",
    "actual": "cooler"
  },
  "T4VcxwB778ZJZ8ggDRcct6": {
    "question_id": "T4VcxwB778ZJZ8ggDRcct6",
    "prediction": "people",
    "actual": "clouds"
  },
  "T8Mak9BHbJd5WqH2jhjBZo": {
    "question_id": "T8Mak9BHbJd5WqH2jhjBZo",
    "prediction": "ryan",
    "actual": "michael"
  },
  "TCXSs2iG5qmduZYmRir2cK": {
    "question_id": "TCXSs2iG5qmduZYmRir2cK",
    "prediction": "brackish",
    "actual": "fresh"
  },
  "TP6CLZw55zqvf7ysJUnG2B": {
    "question_id": "TP6CLZw55zqvf7ysJUnG2B",
    "prediction": "shouting",
    "actual": "microphone"
  },
  "TiHYTuQWNZA5Ui4kwswtvh": {
    "question_id": "TiHYTuQWNZA5Ui4kwswtvh",
    "prediction": "white",
    "actual": "black"
  },
  "TifwtbdMUHyamphGv5h8ke": {
    "question_id": "TifwtbdMUHyamphGv5h8ke",
    "prediction": "livingston",
    "actual": "north bergen"
  },
  "TnkZofftZctoj8bFNzg2kH": {
    "question_id": "TnkZofftZctoj8bFNzg2kH",
    "prediction": "college students",
    "actual": "seniors"
  },
  "TorF8s9TxEizB8N2ETkwc7": {
    "question_id": "TorF8s9TxEizB8N2ETkwc7",
    "prediction": "spectating",
    "actual": "boarding"
  },
  "TsqMjNDdEXguXzN7puUbW5": {
    "question_id": "TsqMjNDdEXguXzN7puUbW5",
    "prediction": "wood",
    "actual": "plastic"
  },
  "UCbMvJEQ5bXNnFJMtybA48": {
    "question_id": "UCbMvJEQ5bXNnFJMtybA48",
    "prediction": "large tv",
    "actual": "computer"
  },
  "UQENBDxmJ3GjGcukhY4Pz6": {
    "question_id": "UQENBDxmJ3GjGcukhY4Pz6",
    "prediction": "dog",
    "actual": "cat"
  },
  "UVVFCjjDrqyaKa34tF54pS": {
    "question_id": "UVVFCjjDrqyaKa34tF54pS",
    "prediction": "bedroom",
    "actual": "entryway"
  },
  "UYMVq2rDCFNVv8gsP6dhdH": {
    "question_id": "UYMVq2rDCFNVv8gsP6dhdH",
    "prediction": "one",
    "actual": "two"
  },
  "UcsK83RofE8rYDQoLmWhwK": {
    "question_id": "UcsK83RofE8rYDQoLmWhwK",
    "prediction": "car repair",
    "actual": "car wash"
  },
  "UdzPZ8vzkJg3Bp2pMQP5f2": {
    "question_id": "UdzPZ8vzkJg3Bp2pMQP5f2",
    "prediction": "dog",
    "actual": "goose"
  },
  "UrWnWqFNL2XNxWBvkt3nLp": {
    "question_id": "UrWnWqFNL2XNxWBvkt3nLp",
    "prediction": "goal",
    "actual": "ax"
  },
  "UuYwpccc3LhURGU3XWuW7i": {
    "question_id": "UuYwpccc3LhURGU3XWuW7i",
    "prediction": "closet",
    "actual": "doorway"
  },
  "Uv8wsVRaJmguTknDUJBCXS": {
    "question_id": "Uv8wsVRaJmguTknDUJBCXS",
    "prediction": "ducks",
    "actual": "canadian geese"
  },
  "V7eH795GEYSJkaUNCkCp7A": {
    "question_id": "V7eH795GEYSJkaUNCkCp7A",
    "prediction": "drinking coffee",
    "actual": "holding pencils"
  },
  "VAgkuyL7FuecBgmyumQ6oh": {
    "question_id": "VAgkuyL7FuecBgmyumQ6oh",
    "prediction": "rain",
    "actual": "sun"
  },
  "VEYdFufFnzaDwFg4HBBcYY": {
    "question_id": "VEYdFufFnzaDwFg4HBBcYY",
    "prediction": "sitting",
    "actual": "standing"
  },
  "VF8AXcb7aXEHcTu4ZWtQf6": {
    "question_id": "VF8AXcb7aXEHcTu4ZWtQf6",
    "prediction": "home",
    "actual": "restaurant"
  },
  "VJLpcbF24BNNeHBGBKQp8K": {
    "question_id": "VJLpcbF24BNNeHBGBKQp8K",
    "prediction": "fashion",
    "actual": "protection"
  },
  "VK6PNbyq9nq3XXBfdyE6P8": {
    "question_id": "VK6PNbyq9nq3XXBfdyE6P8",
    "prediction": "poster",
    "actual": "flag"
  },
  "VKDkZzDN4KTFxGbh2KrgSf": {
    "question_id": "VKDkZzDN4KTFxGbh2KrgSf",
    "prediction": "turkey",
    "actual": "china"
  },
  "VPtWDzT5r9wYAo4xWxHy97": {
    "question_id": "VPtWDzT5r9wYAo4xWxHy97",
    "prediction": "micky mouse",
    "actual": "donald duck"
  },
  "VWfKcAKJSwowZ7bGBCTpc6": {
    "question_id": "VWfKcAKJSwowZ7bGBCTpc6",
    "prediction": "little boy",
    "actual": "elderly man"
  },
  "Vaycw3C7ENGUZ9YnzCz5TU": {
    "question_id": "Vaycw3C7ENGUZ9YnzCz5TU",
    "prediction": "icing",
    "actual": "water"
  },
  "VdepsSMSGD3FJyBybbLsFD": {
    "question_id": "VdepsSMSGD3FJyBybbLsFD",
    "prediction": "treats",
    "actual": "exercise"
  },
  "VeQ4KEc2qHLZTXoPaHX4sy": {
    "question_id": "VeQ4KEc2qHLZTXoPaHX4sy",
    "prediction": "learning skiing",
    "actual": "ski racing"
  },
  "VfFoJ6PWrs7H65Tw6eP9PS": {
    "question_id": "VfFoJ6PWrs7H65Tw6eP9PS",
    "prediction": "trackpad",
    "actual": "mouse"
  },
  "VgxPdtgxpLKqHGCvaCyHcC": {
    "question_id": "VgxPdtgxpLKqHGCvaCyHcC",
    "prediction": "park",
    "actual": "overpass"
  },
  "VnzsUW53NRP8HWxzudb4wB": {
    "question_id": "VnzsUW53NRP8HWxzudb4wB",
    "prediction": "truck",
    "actual": "jeep"
  },
  "VsmuTZR6c3jEmk2x73KvRf": {
    "question_id": "VsmuTZR6c3jEmk2x73KvRf",
    "prediction": "football",
    "actual": "cricket"
  },
  "W5p2HmLoUaWjYqMkHyhK8Q": {
    "question_id": "W5p2HmLoUaWjYqMkHyhK8Q",
    "prediction": "shortstop",
    "actual": "left field"
  },
  "W7NENqwhQdUFDHrkxS2Ch6": {
    "question_id": "W7NENqwhQdUFDHrkxS2Ch6",
    "prediction": "rain",
    "actual": "glass"
  },
  "W9SuEnjPaJ2SReannrgG2Y": {
    "question_id": "W9SuEnjPaJ2SReannrgG2Y",
    "prediction": "herding sheep",
    "actual": "plowing fields"
  },
  "WBdKcgLeFsoBqW8cqnzsLe": {
    "question_id": "WBdKcgLeFsoBqW8cqnzsLe",
    "prediction": "jelly",
    "actual": "hole"
  },
  "WCss8XpjKYENCSuFCSKUz8": {
    "question_id": "WCss8XpjKYENCSuFCSKUz8",
    "prediction": "green",
    "actual": "orange"
  },
  "WZt7xFyvPGqx93xZmhCFb7": {
    "question_id": "WZt7xFyvPGqx93xZmhCFb7",
    "prediction": "welcome",
    "actual": "green"
  },
  "WapXzWUgE3zgx5n3fVGUjS": {
    "question_id": "WapXzWUgE3zgx5n3fVGUjS",
    "prediction": "torn",
    "actual": "hole punch"
  },
  "WhPka9j3UV3XKdiqHbupMJ": {
    "question_id": "WhPka9j3UV3XKdiqHbupMJ",
    "prediction": "right elephant",
    "actual": "long-haired person"
  },
  "WiVE6Ym7B7ZgEZQjBUsA5N": {
    "question_id": "WiVE6Ym7B7ZgEZQjBUsA5N",
    "prediction": "batters box",
    "actual": "batting tee"
  },
  "Wug9d3qD8PXM2ugMWrbNA5": {
    "question_id": "Wug9d3qD8PXM2ugMWrbNA5",
    "prediction": "cat",
    "actual": "light"
  },
  "Wz68Xn6EZYE34pM3RG2zNH": {
    "question_id": "Wz68Xn6EZYE34pM3RG2zNH",
    "prediction": "umpire",
    "actual": "pitcher"
  },
  "XAvbeZ5Rqjf9hb6eDnVNhQ": {
    "question_id": "XAvbeZ5Rqjf9hb6eDnVNhQ",
    "prediction": "spring",
    "actual": "fall"
  },
  "XJXTjtpd7XoK9uTnTUkHSW": {
    "question_id": "XJXTjtpd7XoK9uTnTUkHSW",
    "prediction": "20",
    "actual": "30"
  },
  "XKnTd4kV5WUcrpNTRg5GJB": {
    "question_id": "XKnTd4kV5WUcrpNTRg5GJB",
    "prediction": "sorting",
    "actual": "napping"
  },
  "XMnwGhrkndZXRyKaXNYkAv": {
    "question_id": "XMnwGhrkndZXRyKaXNYkAv",
    "prediction": "amazon",
    "actual": "usps"
  },
  "XYmNkcLb88NVASUfFkcMXC": {
    "question_id": "XYmNkcLb88NVASUfFkcMXC",
    "prediction": "water",
    "actual": "alcohol"
  },
  "XZFLgzvvF4CfTaEbBLCkDV": {
    "question_id": "XZFLgzvvF4CfTaEbBLCkDV",
    "prediction": "july",
    "actual": "june"
  },
  "XaVW3KQGzwUPCJeYwr99F6": {
    "question_id": "XaVW3KQGzwUPCJeYwr99F6",
    "prediction": "bear fair",
    "actual": "exhibition"
  },
  "XfKzDoDZwVcQqTPF6xzjbs": {
    "question_id": "XfKzDoDZwVcQqTPF6xzjbs",
    "prediction": "parking",
    "actual": "speeding"
  },
  "XkEu3gmYW23qTivgmHP3fN": {
    "question_id": "XkEu3gmYW23qTivgmHP3fN",
    "prediction": "stop",
    "actual": "go"
  },
  "XogitwSQqMuD3ABqp25hgF": {
    "question_id": "XogitwSQqMuD3ABqp25hgF",
    "prediction": "diagonal",
    "actual": "parallel"
  },
  "XpWyazzxv9nAYHcqKswwD7": {
    "question_id": "XpWyazzxv9nAYHcqKswwD7",
    "prediction": "cat",
    "actual": "bottle"
  },
  "XsmK9BGTpRCeMYeF7Lq43Q": {
    "question_id": "XsmK9BGTpRCeMYeF7Lq43Q",
    "prediction": "ollie",
    "actual": "rail grind"
  },
  "Xw5HiN4AhQ2Nniw8ZD6LYB": {
    "question_id": "Xw5HiN4AhQ2Nniw8ZD6LYB",
    "prediction": "tilapia",
    "actual": "clown fish"
  },
  "YQ3iE6vHkcuYRWwn3fFd8N": {
    "question_id": "YQ3iE6vHkcuYRWwn3fFd8N",
    "prediction": "suit",
    "actual": "bow tie"
  },
  "YRPvUijZr6hbuQgiyVDRqE": {
    "question_id": "YRPvUijZr6hbuQgiyVDRqE",
    "prediction": "single exposed",
    "actual": "double exposed"
  },
  "YVoLEFzggKmLk7ghNNgXKB": {
    "question_id": "YVoLEFzggKmLk7ghNNgXKB",
    "prediction": "toy store",
    "actual": "motorcycle dealer"
  },
  "YY8z6xFXJJ2nBNWWiijsHP": {
    "question_id": "YY8z6xFXJJ2nBNWWiijsHP",
    "prediction": "up",
    "actual": "toy story"
  },
  "YcY4T8d3SVHEDD4nQJBypg": {
    "question_id": "YcY4T8d3SVHEDD4nQJBypg",
    "prediction": "crust",
    "actual": "tomato"
  },
  "Yf5ytZ8Hnk3NwYSf6YmBnB": {
    "question_id": "Yf5ytZ8Hnk3NwYSf6YmBnB",
    "prediction": "flashlight",
    "actual": "laptop screen"
  },
  "YfFNHQEnioSZJwnStCSHar": {
    "question_id": "YfFNHQEnioSZJwnStCSHar",
    "prediction": "to hunt",
    "actual": "keeping captive"
  },
  "YjzdYbFMe3DLJstKyxejEm": {
    "question_id": "YjzdYbFMe3DLJstKyxejEm",
    "prediction": "money",
    "actual": "lighter"
  },
  "YkmMkPR5sqwoebanrtJNBw": {
    "question_id": "YkmMkPR5sqwoebanrtJNBw",
    "prediction": "pic",
    "actual": "wire"
  },
  "YoMKzbxjcp5XHZrxcqj3Pn": {
    "question_id": "YoMKzbxjcp5XHZrxcqj3Pn",
    "prediction": "street",
    "actual": "traffic light"
  },
  "YofsNmbN6XCqNdfHTBmzNq": {
    "question_id": "YofsNmbN6XCqNdfHTBmzNq",
    "prediction": "plastic",
    "actual": "acrylic"
  },
  "Yzs9cYUUiiJWUzXRFsu3Qy": {
    "question_id": "Yzs9cYUUiiJWUzXRFsu3Qy",
    "prediction": "one",
    "actual": "zero"
  },
  "Z5m3QsQ5uikUE6AwWUufzg": {
    "question_id": "Z5m3QsQ5uikUE6AwWUufzg",
    "prediction": "kitchen",
    "actual": "large closet"
  },
  "ZBZcWNW8gabo3RcNZu7Awj": {
    "question_id": "ZBZcWNW8gabo3RcNZu7Awj",
    "prediction": "holding party",
    "actual": "selling pizzas"
  },
  "ZBgPFjmtW5mTt7Njdwv6oV": {
    "question_id": "ZBgPFjmtW5mTt7Njdwv6oV",
    "prediction": "dog",
    "actual": "screensaver"
  },
  "ZCGhDHZtMcwGAY36U6XwQL": {
    "question_id": "ZCGhDHZtMcwGAY36U6XwQL",
    "prediction": "black color",
    "actual": "white car"
  },
  "ZDyf8aLqsUSUVCTRMk6zAu": {
    "question_id": "ZDyf8aLqsUSUVCTRMk6zAu",
    "prediction": "recycled plastics",
    "actual": "legos"
  },
  "ZWw8aaWWifdcZdMU7Pmgcg": {
    "question_id": "ZWw8aaWWifdcZdMU7Pmgcg",
    "prediction": "nineteen",
    "actual": "seventeen"
  },
  "ZYdDiWXC3SqAFxW7ANe8Tk": {
    "question_id": "ZYdDiWXC3SqAFxW7ANe8Tk",
    "prediction": "duck",
    "actual": "albatross"
  },
  "ZdLaJyLJrM3UyQfks4vPz4": {
    "question_id": "ZdLaJyLJrM3UyQfks4vPz4",
    "prediction": "trucking company",
    "actual": "convenience store"
  },
  "ZeUzimMiTU6aJb3tFM7ie3": {
    "question_id": "ZeUzimMiTU6aJb3tFM7ie3",
    "prediction": "arctic",
    "actual": "tropical"
  },
  "ZfTC6zzHXSMikD2CDbSrJn": {
    "question_id": "ZfTC6zzHXSMikD2CDbSrJn",
    "prediction": "polka dot",
    "actual": "plaid"
  },
  "ZjapTLh575MHGLJLdT5wkE": {
    "question_id": "ZjapTLh575MHGLJLdT5wkE",
    "prediction": "hunting",
    "actual": "smoking"
  },
  "Zkx2Q6dT8tpX5CaHAVoLzA": {
    "question_id": "Zkx2Q6dT8tpX5CaHAVoLzA",
    "prediction": "dog",
    "actual": "plant"
  },
  "Zpnu9g7eUGf6yYwwFN2Hk5": {
    "question_id": "Zpnu9g7eUGf6yYwwFN2Hk5",
    "prediction": "breakfast",
    "actual": "dessert"
  },
  "ZtyPK2Y2iMngTE2jBMJQpP": {
    "question_id": "ZtyPK2Y2iMngTE2jBMJQpP",
    "prediction": "gas",
    "actual": "electric"
  },
  "a2NwsGL4TDKVjb89XHSn5i": {
    "question_id": "a2NwsGL4TDKVjb89XHSn5i",
    "prediction": "cards",
    "actual": "draughts"
  },
  "a8KA5MV9JnCTqyHCeKCfEW": {
    "question_id": "a8KA5MV9JnCTqyHCeKCfEW",
    "prediction": "egg yolk",
    "actual": "sky"
  },
  "aFoRsjc727Fzy7QCG3DEsP": {
    "question_id": "aFoRsjc727Fzy7QCG3DEsP",
    "prediction": "united states",
    "actual": "malaysia"
  },
  "aJHeEgCPQ2LCEwtsZWbd9Q": {
    "question_id": "aJHeEgCPQ2LCEwtsZWbd9Q",
    "prediction": "video",
    "actual": "crane"
  },
  "aL2mrGutdZCcG5Da5m6avg": {
    "question_id": "aL2mrGutdZCcG5Da5m6avg",
    "prediction": "cold",
    "actual": "wind"
  },
  "aWbDSeQbZjRdUSg42vfGyi": {
    "question_id": "aWbDSeQbZjRdUSg42vfGyi",
    "prediction": "apollo crews",
    "actual": "paul newman"
  },
  "aXNsPe9LnRuqorhKQ9McLC": {
    "question_id": "aXNsPe9LnRuqorhKQ9McLC",
    "prediction": "11",
    "actual": "one"
  },
  "adCKLgHUzBBhEmMyf8s8tW": {
    "question_id": "adCKLgHUzBBhEmMyf8s8tW",
    "prediction": "meat",
    "actual": "fruit"
  },
  "adYBVSLgdqCGZjjVacKNGg": {
    "question_id": "adYBVSLgdqCGZjjVacKNGg",
    "prediction": "cheese",
    "actual": "onion"
  },
  "akDNCt5XCGvjw33C3ong5d": {
    "question_id": "akDNCt5XCGvjw33C3ong5d",
    "prediction": "breakfast",
    "actual": "dinner"
  },
  "aoGyPaA6ZWkaQSZYXwdyEw": {
    "question_id": "aoGyPaA6ZWkaQSZYXwdyEw",
    "prediction": "cadillac",
    "actual": "mustang"
  },
  "avHqQqojSySkp7zg2o7afF": {
    "question_id": "avHqQqojSySkp7zg2o7afF",
    "prediction": "clouds",
    "actual": "trees"
  },
  "awiLcr766TJkZENT7kBLBR": {
    "question_id": "awiLcr766TJkZENT7kBLBR",
    "prediction": "ejected",
    "actual": "nothing"
  },
  "axQQHVN8GNWTHu4B4fzqaF": {
    "question_id": "axQQHVN8GNWTHu4B4fzqaF",
    "prediction": "standing",
    "actual": "squatting"
  },
  "ayLDJwHtkkfkn7twcJRGGo": {
    "question_id": "ayLDJwHtkkfkn7twcJRGGo",
    "prediction": "office building",
    "actual": "resort"
  },
  "b2photCPzvgmyTJXLzEgbW": {
    "question_id": "b2photCPzvgmyTJXLzEgbW",
    "prediction": "brown",
    "actual": "cream"
  },
  "b6tZAg7f28UHbins7nWcpo": {
    "question_id": "b6tZAg7f28UHbins7nWcpo",
    "prediction": "boiled",
    "actual": "roasted"
  },
  "bCewJfNy7SdgVeNaQrbTN9": {
    "question_id": "bCewJfNy7SdgVeNaQrbTN9",
    "prediction": "glass",
    "actual": "clay"
  },
  "bJibpiu5MQYbPEn4czsCea": {
    "question_id": "bJibpiu5MQYbPEn4czsCea",
    "prediction": "family",
    "actual": "work"
  },
  "bTGQFiRVpf3sA2KURQcTQU": {
    "question_id": "bTGQFiRVpf3sA2KURQcTQU",
    "prediction": "car",
    "actual": "train"
  },
  "bTkroMPt2NzXSUFCPZS823": {
    "question_id": "bTkroMPt2NzXSUFCPZS823",
    "prediction": "taking off",
    "actual": "passenger loading"
  },
  "bZ25bkAHbKKbPwPxLq6tgP": {
    "question_id": "bZ25bkAHbKKbPwPxLq6tgP",
    "prediction": "apples",
    "actual": "grapes"
  },
  "bZont5aBGPxG5hEGcRHk4r": {
    "question_id": "bZont5aBGPxG5hEGcRHk4r",
    "prediction": "china",
    "actual": "egypt"
  },
  "bezNeT66zH5bmV9XRsGhcf": {
    "question_id": "bezNeT66zH5bmV9XRsGhcf",
    "prediction": "ladder",
    "actual": "mountain"
  },
  "bf5TyZHVCjmFbsBP9o7qMq": {
    "question_id": "bf5TyZHVCjmFbsBP9o7qMq",
    "prediction": "all costumes",
    "actual": "same color"
  },
  "bfr2EuyWxuSqeL23qocAe4": {
    "question_id": "bfr2EuyWxuSqeL23qocAe4",
    "prediction": "steel",
    "actual": "wood"
  },
  "bgFM5EQ66AGQWorBoJzymJ": {
    "question_id": "bgFM5EQ66AGQWorBoJzymJ",
    "prediction": "one",
    "actual": "three"
  },
  "bsEAp6tE9zHfcQ2ZASJYbZ": {
    "question_id": "bsEAp6tE9zHfcQ2ZASJYbZ",
    "prediction": "fighting predators",
    "actual": "eating leaves"
  },
  "bt6WFDHUBaFadif2oq3h4k": {
    "question_id": "bt6WFDHUBaFadif2oq3h4k",
    "prediction": "eating",
    "actual": "running"
  },
  "c7bJDbwpd27BqNaJzK9ubb": {
    "question_id": "c7bJDbwpd27BqNaJzK9ubb",
    "prediction": "to dry",
    "actual": "to sell"
  },
  "cHj9fNtX8oN4JATDhDUC4T": {
    "question_id": "cHj9fNtX8oN4JATDhDUC4T",
    "prediction": "dog",
    "actual": "human"
  },
  "ccZR5KJLUyDM8CqyvVVWbj": {
    "question_id": "ccZR5KJLUyDM8CqyvVVWbj",
    "prediction": "rectangle",
    "actual": "square"
  },
  "cctHD6Sgao4mvCUTQ8RLkU": {
    "question_id": "cctHD6Sgao4mvCUTQ8RLkU",
    "prediction": "pantry",
    "actual": "kitchen"
  },
  "ciMU7f8NdZMAwQJDmPrmcH": {
    "question_id": "ciMU7f8NdZMAwQJDmPrmcH",
    "prediction": "tabby",
    "actual": "tuna"
  },
  "cm2fk2B2GKPXCLkpzrSxaH": {
    "question_id": "cm2fk2B2GKPXCLkpzrSxaH",
    "prediction": "africa",
    "actual": "europe"
  },
  "cmnswk6vTNcnbewMUPmnv8": {
    "question_id": "cmnswk6vTNcnbewMUPmnv8",
    "prediction": "depressed",
    "actual": "happy"
  },
  "crFTuf4oK8K3SqFqWe7d8X": {
    "question_id": "crFTuf4oK8K3SqFqWe7d8X",
    "prediction": "green",
    "actual": "orange"
  },
  "cw76LXiDncor4xpkaWcaDX": {
    "question_id": "cw76LXiDncor4xpkaWcaDX",
    "prediction": "sheep",
    "actual": "cats"
  },
  "dEK7AgGqKR96Axjhm22tnL": {
    "question_id": "dEK7AgGqKR96Axjhm22tnL",
    "prediction": "remote",
    "actual": "string"
  },
  "dF3yMTwwWYEDqax7b4n9VX": {
    "question_id": "dF3yMTwwWYEDqax7b4n9VX",
    "prediction": "maybe",
    "actual": "no"
  },
  "dGNtvZFEJbcK6dbZNuPfPq": {
    "question_id": "dGNtvZFEJbcK6dbZNuPfPq",
    "prediction": "peeing",
    "actual": "playing"
  },
  "dTa8nkCw9jfvKMzHmdvYCT": {
    "question_id": "dTa8nkCw9jfvKMzHmdvYCT",
    "prediction": "toilet",
    "actual": "ceiling"
  },
  "da6PS4adVsfrcADUNQ8GMx": {
    "question_id": "da6PS4adVsfrcADUNQ8GMx",
    "prediction": "four",
    "actual": "two"
  },
  "ddjEou8vsFUmvEAvgXxh8n": {
    "question_id": "ddjEou8vsFUmvEAvgXxh8n",
    "prediction": "tennis players",
    "actual": "photographers"
  },
  "dqTfuzYZnbZ4MTNFc9Zkeb": {
    "question_id": "dqTfuzYZnbZ4MTNFc9Zkeb",
    "prediction": "rose",
    "actual": "pointsettia"
  },
  "dsj5pM6cKMWbpv8viqkUyN": {
    "question_id": "dsj5pM6cKMWbpv8viqkUyN",
    "prediction": "recycle",
    "actual": "roundabout"
  },
  "dwxReu6Xio6pQQxjps3Xtj": {
    "question_id": "dwxReu6Xio6pQQxjps3Xtj",
    "prediction": "memory",
    "actual": "phone"
  },
  "dzMDeKZdrfarPRuDMg5DPE": {
    "question_id": "dzMDeKZdrfarPRuDMg5DPE",
    "prediction": "rubber",
    "actual": "tape"
  },
  "e2tBLmwDciwSoY7nqUsS2D": {
    "question_id": "e2tBLmwDciwSoY7nqUsS2D",
    "prediction": "snow shovelling",
    "actual": "propulsion"
  },
  "e7kbVPy7P3pEp7pBNJNZTU": {
    "question_id": "e7kbVPy7P3pEp7pBNJNZTU",
    "prediction": "islam",
    "actual": "christianity"
  },
  "e7mX2aASmkZwAXRiHbK6QZ": {
    "question_id": "e7mX2aASmkZwAXRiHbK6QZ",
    "prediction": "70",
    "actual": "60"
  },
  "eB3RtTTsyXa6YKzPMrm4kd": {
    "question_id": "eB3RtTTsyXa6YKzPMrm4kd",
    "prediction": "white wine",
    "actual": "red wine"
  },
  "eEb8jhgNYqiJED63DeAKVT": {
    "question_id": "eEb8jhgNYqiJED63DeAKVT",
    "prediction": "left person",
    "actual": "right person"
  },
  "eJTAScNwDH8iedN247LDBV": {
    "question_id": "eJTAScNwDH8iedN247LDBV",
    "prediction": "nothing",
    "actual": "tie"
  },
  "eNrkV5MyWHSeR6F7jbf3Fm": {
    "question_id": "eNrkV5MyWHSeR6F7jbf3Fm",
    "prediction": "phones",
    "actual": "remote controls"
  },
  "eVSP3pkyjc7WXrz4KPd2rz": {
    "question_id": "eVSP3pkyjc7WXrz4KPd2rz",
    "prediction": "hands",
    "actual": "teeth"
  },
  "efPGEhVYzatJbs8HcmV9rW": {
    "question_id": "efPGEhVYzatJbs8HcmV9rW",
    "prediction": "wedding",
    "actual": "home"
  },
  "egoXFuXgENCZik7xrP9der": {
    "question_id": "egoXFuXgENCZik7xrP9der",
    "prediction": "get out",
    "actual": "i do"
  },
  "eiLeNz2CFKYS7AFZDXrKEM": {
    "question_id": "eiLeNz2CFKYS7AFZDXrKEM",
    "prediction": "family",
    "actual": "class"
  },
  "eknnNjTPL6m3PBzaxLZbbh": {
    "question_id": "eknnNjTPL6m3PBzaxLZbbh",
    "prediction": "bookshelf",
    "actual": "table"
  },
  "es4dTSrFkgs2LEtLByV5Fk": {
    "question_id": "es4dTSrFkgs2LEtLByV5Fk",
    "prediction": "kickflip",
    "actual": "rail grind"
  },
  "et6akpyxHvFPfKyPNtNzSi": {
    "question_id": "et6akpyxHvFPfKyPNtNzSi",
    "prediction": "landline",
    "actual": "cellular"
  },
  "f64sjY8tRYzCoYyGq2fyem": {
    "question_id": "f64sjY8tRYzCoYyGq2fyem",
    "prediction": "books",
    "actual": "food"
  },
  "fANoeH2ASUFa5ZeVzBYwjF": {
    "question_id": "fANoeH2ASUFa5ZeVzBYwjF",
    "prediction": "playing",
    "actual": "eating"
  },
  "fBq7g59duqhmbqAtjWY5xf": {
    "question_id": "fBq7g59duqhmbqAtjWY5xf",
    "prediction": "mcdonald's",
    "actual": "dr. pepper"
  },
  "fQxikBu5n7M2LWh5xV2BAb": {
    "question_id": "fQxikBu5n7M2LWh5xV2BAb",
    "prediction": "kickflip",
    "actual": "grind"
  },
  "fUKdZK7FEHkWsjtLTeajkn": {
    "question_id": "fUKdZK7FEHkWsjtLTeajkn",
    "prediction": "detroit",
    "actual": "seattle"
  },
  "fVBJLwGMCV6Dq9cEaGyrq3": {
    "question_id": "fVBJLwGMCV6Dq9cEaGyrq3",
    "prediction": "flat screen",
    "actual": "console"
  },
  "fVxFwdk685zsCqsk7PvKM3": {
    "question_id": "fVxFwdk685zsCqsk7PvKM3",
    "prediction": "top",
    "actual": "bottom"
  },
  "fgF7yNqEPZiNszHnQZKkxU": {
    "question_id": "fgF7yNqEPZiNszHnQZKkxU",
    "prediction": "body armor",
    "actual": "glasses"
  },
  "fpF5ZKeP3xrZCP58anLwra": {
    "question_id": "fpF5ZKeP3xrZCP58anLwra",
    "prediction": "meat",
    "actual": "fruit"
  },
  "fxWzXTapRBT3NJNiL9yuX6": {
    "question_id": "fxWzXTapRBT3NJNiL9yuX6",
    "prediction": "elderly",
    "actual": "blind"
  },
  "g6FBm6c3vQifeHApcPidEZ": {
    "question_id": "g6FBm6c3vQifeHApcPidEZ",
    "prediction": "store",
    "actual": "garage"
  },
  "gBMjiGJJSm7nuM2hmvxURC": {
    "question_id": "gBMjiGJJSm7nuM2hmvxURC",
    "prediction": "water",
    "actual": "wine"
  },
  "gNrbLyhKYG8AMtxJTgB7E2": {
    "question_id": "gNrbLyhKYG8AMtxJTgB7E2",
    "prediction": "cattle mover",
    "actual": "for bikes"
  },
  "gR5qY6Tpgq26YAbGrZAwwJ": {
    "question_id": "gR5qY6Tpgq26YAbGrZAwwJ",
    "prediction": "lakeshore",
    "actual": "island"
  },
  "gXBksm4FiAGgUDw3a3EUaF": {
    "question_id": "gXBksm4FiAGgUDw3a3EUaF",
    "prediction": "car",
    "actual": "motorbike"
  },
  "gYUipbusGScQ7oXEUejBMf": {
    "question_id": "gYUipbusGScQ7oXEUejBMf",
    "prediction": "pitching",
    "actual": "batting"
  },
  "gcedAQnUFuSzQFGSnjixym": {
    "question_id": "gcedAQnUFuSzQFGSnjixym",
    "prediction": "coffee grounds",
    "actual": "cocoa"
  },
  "gfHjDx5E9L9QMsbgnxSFdm": {
    "question_id": "gfHjDx5E9L9QMsbgnxSFdm",
    "prediction": "toyota",
    "actual": "volkswagen"
  },
  "h74gXxfogmocHgcRdcoHEg": {
    "question_id": "h74gXxfogmocHgcRdcoHEg",
    "prediction": "ham",
    "actual": "pineapple"
  },
  "hGPYsdTTBmP2uYYGodPkkt": {
    "question_id": "hGPYsdTTBmP2uYYGodPkkt",
    "prediction": "man",
    "actual": "horse"
  },
  "hLHsuNu5R8Hf8xat2DzcDb": {
    "question_id": "hLHsuNu5R8Hf8xat2DzcDb",
    "prediction": "house",
    "actual": "government"
  },
  "hUiYQuwqYiQH2xibX65Wss": {
    "question_id": "hUiYQuwqYiQH2xibX65Wss",
    "prediction": "butter",
    "actual": "icing"
  },
  "hUuZHj9U6dgD53jRBVVYfk": {
    "question_id": "hUuZHj9U6dgD53jRBVVYfk",
    "prediction": "creamer",
    "actual": "sugar"
  },
  "hVFNQ63oXdszJvNvWDLoHt": {
    "question_id": "hVFNQ63oXdszJvNvWDLoHt",
    "prediction": "foaming",
    "actual": "laying"
  },
  "hZV5fCospVTsaMc27Rbvc4": {
    "question_id": "hZV5fCospVTsaMc27Rbvc4",
    "prediction": "car",
    "actual": "bulldozer"
  },
  "hgamoABdWM75WAPWU2rCdT": {
    "question_id": "hgamoABdWM75WAPWU2rCdT",
    "prediction": "bugs",
    "actual": "horses"
  },
  "hikczeyros8C4QajTVYThj": {
    "question_id": "hikczeyros8C4QajTVYThj",
    "prediction": "football",
    "actual": "frisbee"
  },
  "hkMfnT4LEQi4HKPck6FVor": {
    "question_id": "hkMfnT4LEQi4HKPck6FVor",
    "prediction": "china",
    "actual": "malaysia"
  },
  "hmfuC58r3K4Yg7EkMxJXXb": {
    "question_id": "hmfuC58r3K4Yg7EkMxJXXb",
    "prediction": "steak",
    "actual": "potato"
  },
  "hrbVpGvQvzUsT7sFzWQWXu": {
    "question_id": "hrbVpGvQvzUsT7sFzWQWXu",
    "prediction": "literature",
    "actual": "film"
  },
  "i2ZhyTn4CzHyVxCjM6JFP5": {
    "question_id": "i2ZhyTn4CzHyVxCjM6JFP5",
    "prediction": "vegetables",
    "actual": "fruit"
  },
  "i2snYhswVVyhfgxn8DcGnk": {
    "question_id": "i2snYhswVVyhfgxn8DcGnk",
    "prediction": "left person",
    "actual": "both"
  },
  "iL7gMCQ2U2vjmJWoyYc9wn": {
    "question_id": "iL7gMCQ2U2vjmJWoyYc9wn",
    "prediction": "plastic plate",
    "actual": "tin foil"
  },
  "iNDT4fYo9xeKBX6TrvtkVR": {
    "question_id": "iNDT4fYo9xeKBX6TrvtkVR",
    "prediction": "stroke",
    "actual": "broken bones"
  },
  "iXYYsBAjutihbRQuT3LVzn": {
    "question_id": "iXYYsBAjutihbRQuT3LVzn",
    "prediction": "thinking",
    "actual": "reading"
  },
  "ijeUcdVFHVYtTABEpPYJCR": {
    "question_id": "ijeUcdVFHVYtTABEpPYJCR",
    "prediction": "fashion",
    "actual": "uniform"
  },
  "inA8DF895bDbH7gLhXnenH": {
    "question_id": "inA8DF895bDbH7gLhXnenH",
    "prediction": "adidas",
    "actual": "nike"
  },
  "ioNZxNbwvEagLBwSYCmVkU": {
    "question_id": "ioNZxNbwvEagLBwSYCmVkU",
    "prediction": "seagull",
    "actual": "pelican"
  },
  "iq9BaDbmL7bZfnXELtibFz": {
    "question_id": "iq9BaDbmL7bZfnXELtibFz",
    "prediction": "hp",
    "actual": "imac"
  },
  "isR9iC8cxoXvYQYBacRuzc": {
    "question_id": "isR9iC8cxoXvYQYBacRuzc",
    "prediction": "yellow",
    "actual": "green"
  },
  "j4usZ4NoJf62hcBq4GCBc7": {
    "question_id": "j4usZ4NoJf62hcBq4GCBc7",
    "prediction": "italian",
    "actual": "asian"
  },
  "j5HvFYT7fQSpvcuwoY7495": {
    "question_id": "j5HvFYT7fQSpvcuwoY7495",
    "prediction": "united states",
    "actual": "sweden"
  },
  "j9ix7Egb5KJ7PkXttbbtdC": {
    "question_id": "j9ix7Egb5KJ7PkXttbbtdC",
    "prediction": "being punished",
    "actual": "being photographed"
  },
  "jDicosLUWpypTQmQkRhC4W": {
    "question_id": "jDicosLUWpypTQmQkRhC4W",
    "prediction": "fedora",
    "actual": "top"
  },
  "jK2QtNn8nC2mC2E57bZv7L": {
    "question_id": "jK2QtNn8nC2mC2E57bZv7L",
    "prediction": "winter",
    "actual": "fall"
  },
  "jKMHHLCYMYAARWrY2r4KHW": {
    "question_id": "jKMHHLCYMYAARWrY2r4KHW",
    "prediction": "left",
    "actual": "right"
  },
  "jMvTvShVbt7rP82s3rRXxf": {
    "question_id": "jMvTvShVbt7rP82s3rRXxf",
    "prediction": "metal",
    "actual": "paper"
  },
  "jQjEGnnPzL4AVqfBAfHvjq": {
    "question_id": "jQjEGnnPzL4AVqfBAfHvjq",
    "prediction": "field",
    "actual": "gymnasium"
  },
  "jRxbsCVJxNtUMvsEBfpTaE": {
    "question_id": "jRxbsCVJxNtUMvsEBfpTaE",
    "prediction": "passenger train",
    "actual": "tank car"
  },
  "jT7i37wypejYFkuDY3xLLg": {
    "question_id": "jT7i37wypejYFkuDY3xLLg",
    "prediction": "printer",
    "actual": "pen"
  },
  "jVXbihURQxsHwkTVByGBKj": {
    "question_id": "jVXbihURQxsHwkTVByGBKj",
    "prediction": "boat",
    "actual": "surfboard"
  },
  "jZ6AjasusNaTDooYZHPv6L": {
    "question_id": "jZ6AjasusNaTDooYZHPv6L",
    "prediction": "class",
    "actual": "formal"
  },
  "jfuLWvGbtvRTnLYAPEE8pi": {
    "question_id": "jfuLWvGbtvRTnLYAPEE8pi",
    "prediction": "one",
    "actual": "two"
  },
  "jqhSWKF72XwtaJGZH7XbS9": {
    "question_id": "jqhSWKF72XwtaJGZH7XbS9",
    "prediction": "twelve",
    "actual": "two"
  },
  "jvRoVpT79gh4dBU94qtsK8": {
    "question_id": "jvRoVpT79gh4dBU94qtsK8",
    "prediction": "stereo",
    "actual": "microwave"
  },
  "jyrnj3VZZGHVf5gYxzYmxA": {
    "question_id": "jyrnj3VZZGHVf5gYxzYmxA",
    "prediction": "bachelor party",
    "actual": "wine tasting"
  },
  "k8WjRvSCus9iQjUV6mPbCQ": {
    "question_id": "k8WjRvSCus9iQjUV6mPbCQ",
    "prediction": "s.f.p.d",
    "actual": "stella artois"
  },
  "kLeQDtR5HUh6L8dbvEzhGe": {
    "question_id": "kLeQDtR5HUh6L8dbvEzhGe",
    "prediction": "refrigerator",
    "actual": "stove/oven"
  },
  "kZWuYe4HefJH33d7GCb4Tk": {
    "question_id": "kZWuYe4HefJH33d7GCb4Tk",
    "prediction": "italian",
    "actual": "japanese"
  },
  "kgUHGxPt2H4SrR5Nb9be44": {
    "question_id": "kgUHGxPt2H4SrR5Nb9be44",
    "prediction": "belt",
    "actual": "shirt"
  },
  "kkSpeDk4MgZ6g4KPcyS5Lc": {
    "question_id": "kkSpeDk4MgZ6g4KPcyS5Lc",
    "prediction": "four",
    "actual": "two"
  },
  "kqVKk7x35jEP3uXnZR3wBf": {
    "question_id": "kqVKk7x35jEP3uXnZR3wBf",
    "prediction": "fixing",
    "actual": "driving"
  },
  "kqxqUW6zqryU2Cu2oz46fH": {
    "question_id": "kqxqUW6zqryU2Cu2oz46fH",
    "prediction": "shoes",
    "actual": "stirrups"
  },
  "kyKhGsfSaSgAxrLEqyWgqq": {
    "question_id": "kyKhGsfSaSgAxrLEqyWgqq",
    "prediction": "seagull",
    "actual": "sandpiper"
  },
  "kzYUWLK5ajb3LRzgYcCFXc": {
    "question_id": "kzYUWLK5ajb3LRzgYcCFXc",
    "prediction": "dry cleaning",
    "actual": "parking"
  },
  "m4HzZ8497MsdVCT3HWMJA2": {
    "question_id": "m4HzZ8497MsdVCT3HWMJA2",
    "prediction": "dial",
    "actual": "mobile"
  },
  "m5WdqTRtUoKxbPMBxJRUtg": {
    "question_id": "m5WdqTRtUoKxbPMBxJRUtg",
    "prediction": "police",
    "actual": "parking"
  },
  "m7QwuD24FiwpWgFgkzBb7M": {
    "question_id": "m7QwuD24FiwpWgFgkzBb7M",
    "prediction": "horse",
    "actual": "woman"
  },
  "m8XZ5DnesmzfsjwMhMsbfe": {
    "question_id": "m8XZ5DnesmzfsjwMhMsbfe",
    "prediction": "pepperoni",
    "actual": "sauce"
  },
  "mAt78gqtxnGgcVGrA4tHN5": {
    "question_id": "mAt78gqtxnGgcVGrA4tHN5",
    "prediction": "twenty first",
    "actual": "twentieth"
  },
  "mDPZ2AJQQx7b6CASimGgGD": {
    "question_id": "mDPZ2AJQQx7b6CASimGgGD",
    "prediction": "grocery store",
    "actual": "pharmacy"
  },
  "mQJZ2QZgUf2uzSoLNyFn8w": {
    "question_id": "mQJZ2QZgUf2uzSoLNyFn8w",
    "prediction": "motors",
    "actual": "dogs"
  },
  "mR37Xa62rp3FvidP5ppgCc": {
    "question_id": "mR37Xa62rp3FvidP5ppgCc",
    "prediction": "human",
    "actual": "anteater"
  },
  "mWHEDu3pfYCy9FwrW5Qkt2": {
    "question_id": "mWHEDu3pfYCy9FwrW5Qkt2",
    "prediction": "plastic",
    "actual": "leather"
  },
  "minwD4A8mxqhLxMHjfniKy": {
    "question_id": "minwD4A8mxqhLxMHjfniKy",
    "prediction": "chicken",
    "actual": "doughnuts"
  },
  "mo9chSC5Km6Nu3Dg3mwrX6": {
    "question_id": "mo9chSC5Km6Nu3Dg3mwrX6",
    "prediction": "andruw jones",
    "actual": "pavel datsyuk"
  },
  "mxJ9HhWF4QbrG97rdsY7Pe": {
    "question_id": "mxJ9HhWF4QbrG97rdsY7Pe",
    "prediction": "track",
    "actual": "forest"
  },
  "myZ67NZGoYaNEa8kADF8rV": {
    "question_id": "myZ67NZGoYaNEa8kADF8rV",
    "prediction": "fake trees",
    "actual": "fall season"
  },
  "n2aTnUjkSkZPZEWK8S6T9Q": {
    "question_id": "n2aTnUjkSkZPZEWK8S6T9Q",
    "prediction": "travel reverse",
    "actual": "turn right"
  },
  "n94Br4ZABpt9F8AeBnAaQK": {
    "question_id": "n94Br4ZABpt9F8AeBnAaQK",
    "prediction": "mouse",
    "actual": "camera"
  },
  "nKwQobxEKFkMGtc8DcQ5Ju": {
    "question_id": "nKwQobxEKFkMGtc8DcQ5Ju",
    "prediction": "four",
    "actual": "two"
  },
  "nPTyUSa2BpdW7QXX7eKxpv": {
    "question_id": "nPTyUSa2BpdW7QXX7eKxpv",
    "prediction": "six",
    "actual": "four"
  },
  "nSKBbRdixLP5o5mr8W2VBJ": {
    "question_id": "nSKBbRdixLP5o5mr8W2VBJ",
    "prediction": "car",
    "actual": "trolley"
  },
  "nVg8yTiMtqm4VmDPRDPhLB": {
    "question_id": "nVg8yTiMtqm4VmDPRDPhLB",
    "prediction": "making calls",
    "actual": "drying hair"
  },
  "nWKHkqWrAhfXG7eRWGX8B5": {
    "question_id": "nWKHkqWrAhfXG7eRWGX8B5",
    "prediction": "rackets",
    "actual": "match"
  },
  "ngQSEzXpxxTNJ4mVQxD9JM": {
    "question_id": "ngQSEzXpxxTNJ4mVQxD9JM",
    "prediction": "library",
    "actual": "red couch"
  },
  "nhdJhq3kPGKBKMx4FCvXUs": {
    "question_id": "nhdJhq3kPGKBKMx4FCvXUs",
    "prediction": "country club",
    "actual": "park"
  },
  "nidoPGHJpvjJLkJWzxWUng": {
    "question_id": "nidoPGHJpvjJLkJWzxWUng",
    "prediction": "helicopter",
    "actual": "passenger"
  },
  "njzRWp6op4a49j3UtEjEFo": {
    "question_id": "njzRWp6op4a49j3UtEjEFo",
    "prediction": "engagement",
    "actual": "pizza party"
  },
  "nkstSbXoxcYyHbvBbKvZtV": {
    "question_id": "nkstSbXoxcYyHbvBbKvZtV",
    "prediction": "horse",
    "actual": "sting ray"
  },
  "nmLBpYK7TqpwcCnkYbL2Tr": {
    "question_id": "nmLBpYK7TqpwcCnkYbL2Tr",
    "prediction": "eating",
    "actual": "scratching"
  },
  "nqDVieEVdjDt3CELi7g5Zh": {
    "question_id": "nqDVieEVdjDt3CELi7g5Zh",
    "prediction": "email",
    "actual": "phones"
  },
  "ntQQ9FVL9GKUoT2WvCWiHD": {
    "question_id": "ntQQ9FVL9GKUoT2WvCWiHD",
    "prediction": "nothing",
    "actual": "wire ties"
  },
  "nz5BRooQteeNkQ2by7nGyU": {
    "question_id": "nz5BRooQteeNkQ2by7nGyU",
    "prediction": "pizza",
    "actual": "mtn dew"
  },
  "o7eySiU8AwFHu3Lgp5xoK9": {
    "question_id": "o7eySiU8AwFHu3Lgp5xoK9",
    "prediction": "flip trick",
    "actual": "handplant"
  },
  "o9RMCCdLoYDGb6oR8Z3yvi": {
    "question_id": "o9RMCCdLoYDGb6oR8Z3yvi",
    "prediction": "sand",
    "actual": "grass"
  },
  "o9UdSvT8pgAVAQCkm8XPdz": {
    "question_id": "o9UdSvT8pgAVAQCkm8XPdz",
    "prediction": "lake",
    "actual": "canal"
  },
  "oAL5LQnAH9sB2oMiAmxsbq": {
    "question_id": "oAL5LQnAH9sB2oMiAmxsbq",
    "prediction": "stir-fry",
    "actual": "fruit salad"
  },
  "oGPSzHdRANrLhhyZLbbqNf": {
    "question_id": "oGPSzHdRANrLhhyZLbbqNf",
    "prediction": "freedom",
    "actual": "captivity"
  },
  "oJD9cm8E2JFszgzyPjaVgn": {
    "question_id": "oJD9cm8E2JFszgzyPjaVgn",
    "prediction": "coworkers",
    "actual": "siblings"
  },
  "oNbHrnMXrskfw3TXzZ2QUp": {
    "question_id": "oNbHrnMXrskfw3TXzZ2QUp",
    "prediction": "white pizza",
    "actual": "cheese pizza"
  },
  "oUJexrTXPEKNEATboAHaAA": {
    "question_id": "oUJexrTXPEKNEATboAHaAA",
    "prediction": "feast",
    "actual": "breakfast"
  },
  "CijjLDFS7tQM9TcoWMr2Ai": {
    "question_id": "CijjLDFS7tQM9TcoWMr2Ai",
    "prediction": "liquidation",
    "actual": "acquisition"
  },
  "DD26xWreRvVu7ZDimAYL3e": {
    "question_id": "DD26xWreRvVu7ZDimAYL3e",
    "prediction": "nineteen",
    "actual": "eleven"
  },
  "DdkfCj4NDiSSSVhqbtwCY2": {
    "question_id": "DdkfCj4NDiSSSVhqbtwCY2",
    "prediction": "style",
    "actual": "shade"
  },
  "PK5o4oqyymgbmrsrLkF2Hw": {
    "question_id": "PK5o4oqyymgbmrsrLkF2Hw",
    "prediction": "adidas",
    "actual": "under armor"
  },
  "SkThfxuJxxSm39tNSA4FmQ": {
    "question_id": "SkThfxuJxxSm39tNSA4FmQ",
    "prediction": "traffic control",
    "actual": "construction worker"
  },
  "TCqWeX5SXeeUmMjqkWnbSz": {
    "question_id": "TCqWeX5SXeeUmMjqkWnbSz",
    "prediction": "phone",
    "actual": "remote control"
  },
  "Y4KDhiu2MeKojYumTWRevx": {
    "question_id": "Y4KDhiu2MeKojYumTWRevx",
    "prediction": "tunnel",
    "actual": "jetway"
  },
  "a5oWkZ7rkxNTvRLkk3ousT": {
    "question_id": "a5oWkZ7rkxNTvRLkk3ousT",
    "prediction": "shop",
    "actual": "no"
  },
  "eYDDWRpmaNrFZDRCNs6c5z": {
    "question_id": "eYDDWRpmaNrFZDRCNs6c5z",
    "prediction": "walmart",
    "actual": "chanel"
  },
  "iTeGLgJNuQjkRqeTmKwWLs": {
    "question_id": "iTeGLgJNuQjkRqeTmKwWLs",
    "prediction": "",
    "actual": "f"
  },
  "mK6UjDvYm6Wzn75aaaSEdF": {
    "question_id": "mK6UjDvYm6Wzn75aaaSEdF",
    "prediction": "getting blind",
    "actual": "being stuck"
  },
  "4YdWSrT4x9p78GxJhf6vis": {
    "question_id": "4YdWSrT4x9p78GxJhf6vis",
    "prediction": "melted ice cream",
    "actual": "children"
  },
  "8a5uCKsjUC9vtK2i7Amh28": {
    "question_id": "8a5uCKsjUC9vtK2i7Amh28",
    "prediction": "septum",
    "actual": "vertical labret"
  },
  "9y2mxyvd3BxHofPfXKjG67": {
    "question_id": "9y2mxyvd3BxHofPfXKjG67",
    "prediction": "todays homework",
    "actual": "date"
  },
  "B97VhjPyWdn4pXT5SvQybF": {
    "question_id": "B97VhjPyWdn4pXT5SvQybF",
    "prediction": "sugar",
    "actual": "animals"
  },
  "CY5ZZbpJFTLSwMbjGybzpS": {
    "question_id": "CY5ZZbpJFTLSwMbjGybzpS",
    "prediction": "fake window",
    "actual": "emergency exit"
  },
  "CfaSzNgDy23yuC4X55XVmn": {
    "question_id": "CfaSzNgDy23yuC4X55XVmn",
    "prediction": "talking",
    "actual": "playing hockey"
  },
  "Kn65sKCZq6EBQWNdQB469p": {
    "question_id": "Kn65sKCZq6EBQWNdQB469p",
    "prediction": "apple",
    "actual": "banana"
  },
  "QH2k6NnZ5DxMLEeQQF8net": {
    "question_id": "QH2k6NnZ5DxMLEeQQF8net",
    "prediction": "apple",
    "actual": "plum"
  },
  "QqviUwQkfAndzidCzfJFKS": {
    "question_id": "QqviUwQkfAndzidCzfJFKS",
    "prediction": "transporting goods",
    "actual": "passenger seating"
  },
  "R647v79wCuGwSJmeooBxyY": {
    "question_id": "R647v79wCuGwSJmeooBxyY",
    "prediction": "step forward",
    "actual": "wait"
  },
  "RBTyZFjfaXXGuDBCesAqcV": {
    "question_id": "RBTyZFjfaXXGuDBCesAqcV",
    "prediction": "champion",
    "actual": "nike"
  },
  "U2c5ooPZTZY7cc6xGBcFuM": {
    "question_id": "U2c5ooPZTZY7cc6xGBcFuM",
    "prediction": "pickles",
    "actual": "salt"
  },
  "Wsm6n4QiLcUf8UEmRUCdNL": {
    "question_id": "Wsm6n4QiLcUf8UEmRUCdNL",
    "prediction": "modern",
    "actual": "victorian"
  },
  "a7EiGZsffnAC9nVsb9Y7AY": {
    "question_id": "a7EiGZsffnAC9nVsb9Y7AY",
    "prediction": "switch hitter",
    "actual": "righthanded"
  },
  "ab8eLKrdMaUhKCHtrDknSy": {
    "question_id": "ab8eLKrdMaUhKCHtrDknSy",
    "prediction": "panhandling",
    "actual": "awaiting greenlight"
  },
  "cEtogP8bKLXGuFtxeEqkvZ": {
    "question_id": "cEtogP8bKLXGuFtxeEqkvZ",
    "prediction": "spongebob",
    "actual": "face"
  },
  "gurW28uKknkS6kmv6aPa6X": {
    "question_id": "gurW28uKknkS6kmv6aPa6X",
    "prediction": "faded decor",
    "actual": "ashes"
  },
  "mf7iP3eaca7zncQHvBLbEF": {
    "question_id": "mf7iP3eaca7zncQHvBLbEF",
    "prediction": "finesse",
    "actual": "head and shoulders"
  },
  "n6paCuMnYEcapWb2TqLYoa": {
    "question_id": "n6paCuMnYEcapWb2TqLYoa",
    "prediction": "polka dot",
    "actual": "plaid"
  },
  "nZANMFWTuwNWznuT9RBNXr": {
    "question_id": "nZANMFWTuwNWznuT9RBNXr",
    "prediction": "speedbumps",
    "actual": "pedestrians"
  }
}