{
  "2yWyzYRyZuYH2ZB49WNACa": {
    "question_id": "2yWyzYRyZuYH2ZB49WNACa",
    "prediction": "frisbee",
    "actual": [
      "frisbee",
      "frisbee",
      "frisbee",
      "frisbee",
      "frisbee",
      "frisbee",
      "frisbee",
      "frisbee",
      "frisbee",
      "frisbee"
    ]
  },
  "34ah8AmQenWUyH2fZvJH7a": {
    "question_id": "34ah8AmQenWUyH2fZvJH7a",
    "prediction": "ski",
    "actual": [
      "ski resort",
      "skiing",
      "ski resort",
      "ski resort",
      "ski resort",
      "ski",
      "ski",
      "ski",
      "ski",
      "snow"
    ]
  },
  "4UrYfZMUToiF5f7GK6eMaz": {
    "question_id": "4UrYfZMUToiF5f7GK6eMaz",
    "prediction": "safety",
    "actual": [
      "safety",
      "safety",
      "safety reflection",
      "safety",
      "visibility",
      "safety",
      "workers",
      "visibility",
      "visibility",
      "safety reflection"
    ]
  },
  "4Z7WvuLTj7VUpVtLL2W2g7": {
    "question_id": "4Z7WvuLTj7VUpVtLL2W2g7",
    "prediction": "bathroom",
    "actual": [
      "bathroom",
      "bathroom",
      "bathroom",
      "bathroom",
      "bathroom sinks",
      "bathroom sinks",
      "bathroom sinks",
      "bathroom",
      "ceramic",
      "bathroom"
    ]
  },
  "5Re4MQxw5XwLbQQzqQVZcV": {
    "question_id": "5Re4MQxw5XwLbQQzqQVZcV",
    "prediction": "soup",
    "actual": [
      "vegetable",
      "soup",
      "soup",
      "soup",
      "spinach",
      "salad",
      "lettuce",
      "soup",
      "drinks",
      "vegetables"
    ]
  },
  "5SgmGLJtR47rB539V4Jwt6": {
    "question_id": "5SgmGLJtR47rB539V4Jwt6",
    "prediction": "safety",
    "actual": [
      "safety",
      "safety",
      "visibility",
      "our culture",
      "safety",
      "safety",
      "visibility",
      "workers",
      "working",
      "safety"
    ]
  },
  "6FKSZrTS9wzHwnKasBSfdP": {
    "question_id": "6FKSZrTS9wzHwnKasBSfdP",
    "prediction": "dip",
    "actual": [
      "sour cream",
      "dip",
      "dipping",
      "dip",
      "dipping",
      "dipping",
      "dip",
      "dip",
      "dipping",
      "dipping"
    ]
  },
  "8SzR5UpGtrsFWoxheZ9SkE": {
    "question_id": "8SzR5UpGtrsFWoxheZ9SkE",
    "prediction": "wii",
    "actual": [
      "wii",
      "wii",
      "wii",
      "wii",
      "wii",
      "wii",
      "wii",
      "nintendo wii",
      "wii",
      "wii"
    ]
  },
  "9J5n2f4j4R4B9t3c6MPSi3": {
    "question_id": "9J5n2f4j4R4B9t3c6MPSi3",
    "prediction": "chicken",
    "actual": [
      "chicken",
      "chicken",
      "chicken",
      "chicken",
      "chicken",
      "turkey",
      "chicken",
      "chicken",
      "turkey",
      "chicken"
    ]
  },
  "AGorRcu8xFxfMHzdj6nxuV": {
    "question_id": "AGorRcu8xFxfMHzdj6nxuV",
    "prediction": "air",
    "actual": [
      "sky",
      "air",
      "air travel",
      "plane",
      "air",
      "air travel",
      "air",
      "air trave",
      "flight",
      "air"
    ]
  },
  "AR5jScMLqmYDjzmKHxKzMT": {
    "question_id": "AR5jScMLqmYDjzmKHxKzMT",
    "prediction": "christmas",
    "actual": [
      "christmas",
      "christmas",
      "christmas",
      "christmas dinner",
      "dinner",
      "christmas",
      "christmas dinner",
      "christmas",
      "christmas dinner",
      "holiday dinner"
    ]
  },
  "BNpoJaz9Qu7KQ87FoFfRab": {
    "question_id": "BNpoJaz9Qu7KQ87FoFfRab",
    "prediction": "plowing",
    "actual": [
      "farming",
      "farming",
      "tilling",
      "plowing field",
      "plowing",
      "ploughing",
      "plowing",
      "plow",
      "plowing",
      "tilling"
    ]
  },
  "BSgG9C63esRw6W3Tw6rBbu": {
    "question_id": "BSgG9C63esRw6W3Tw6rBbu",
    "prediction": "skateboard",
    "actual": [
      "skateboard",
      "skateboard",
      "skateboard",
      "skateboard",
      "skateboard move",
      "skateboard move",
      "skateboard",
      "skateboard",
      "skateboard",
      "skateboard"
    ]
  },
  "BaNWccWHEXHgtdo2h5795T": {
    "question_id": "BaNWccWHEXHgtdo2h5795T",
    "prediction": "stop",
    "actual": [
      "stop sign",
      "traffic",
      "stop",
      "stop",
      "stop sign",
      "stop",
      "stop",
      "stop",
      "stop sign",
      "stop sign"
    ]
  },
  "EAHmczQURaep8SJkvhYCje": {
    "question_id": "EAHmczQURaep8SJkvhYCje",
    "prediction": "fence",
    "actual": [
      "fence",
      "fence",
      "dog",
      "fence",
      "fence",
      "fence",
      "fence",
      "wired fence",
      "fencing",
      "fence"
    ]
  },
  "GzEbcQExF4cHmrhk7rdnce": {
    "question_id": "GzEbcQExF4cHmrhk7rdnce",
    "prediction": "wii",
    "actual": [
      "wii",
      "nintendo wii",
      "wii",
      "wii",
      "wii",
      "nintendo wii",
      "wii",
      "nintendo wii",
      "nintendo wii",
      "wi"
    ]
  },
  "JLeJRnVgCAQDSxhnN2LLGU": {
    "question_id": "JLeJRnVgCAQDSxhnN2LLGU",
    "prediction": "donut",
    "actual": [
      "glazed donut",
      "doughnut",
      "donut",
      "donut",
      "donut",
      "glazed donut",
      "donut",
      "donut",
      "glazed donut",
      "donut"
    ]
  },
  "JuxtrucqNyPwRLsANkhiRw": {
    "question_id": "JuxtrucqNyPwRLsANkhiRw",
    "prediction": "asian",
    "actual": [
      "vietnamese",
      "salad",
      "mixed salt",
      "chinese",
      "thai",
      "asian",
      "egg rolls",
      "asian",
      "asian",
      "asian"
    ]
  },
  "NmKj6PbaycvbudUKgRzibs": {
    "question_id": "NmKj6PbaycvbudUKgRzibs",
    "prediction": "living room",
    "actual": [
      "living room",
      "living room",
      "on chair",
      "living room",
      "living room",
      "living room",
      "on chair",
      "home",
      "living room",
      "living room"
    ]
  },
  "QXpLwCmcjZXSBHQULTdAXu": {
    "question_id": "QXpLwCmcjZXSBHQULTdAXu",
    "prediction": "frosting",
    "actual": [
      "icing",
      "icing",
      "cream",
      "frosting",
      "frosting",
      "frosting",
      "cream",
      "frosting",
      "cream",
      "icing"
    ]
  },
  "US64WDYHmJ3UBhFuwDmcWM": {
    "question_id": "US64WDYHmJ3UBhFuwDmcWM",
    "prediction": "police",
    "actual": [
      "police",
      "police officer",
      "police officer",
      "law enforcement",
      "police",
      "police",
      "police officer",
      "police officer",
      "police",
      "police"
    ]
  },
  "UcdDMTu4br8uyQPYPQxgo6": {
    "question_id": "UcdDMTu4br8uyQPYPQxgo6",
    "prediction": "japan",
    "actual": [
      "japan",
      "asia",
      "asia",
      "asia",
      "japan",
      "east asia",
      "korea",
      "singapore",
      "japan",
      "asia"
    ]
  },
  "VAgkuyL7FuecBgmyumQ6oh": {
    "question_id": "VAgkuyL7FuecBgmyumQ6oh",
    "prediction": "sun",
    "actual": [
      "sun",
      "sunrays",
      "sunrays",
      "sun",
      "sun",
      "sun",
      "sun",
      "sun",
      "sunrays",
      "sun"
    ]
  },
  "VsmuTZR6c3jEmk2x73KvRf": {
    "question_id": "VsmuTZR6c3jEmk2x73KvRf",
    "prediction": "baseball",
    "actual": [
      "baseball",
      "baseball",
      "baseball",
      "baseball",
      "baseball",
      "baseball",
      "baseball",
      "cricket",
      "baseball",
      "baseball"
    ]
  },
  "WC8XQmunFHgUyN44J9vNQu": {
    "question_id": "WC8XQmunFHgUyN44J9vNQu",
    "prediction": "train",
    "actual": [
      "train",
      "train",
      "train",
      "rail",
      "train",
      "train",
      "train",
      "train",
      "train",
      "train"
    ]
  },
  "Wz68Xn6EZYE34pM3RG2zNH": {
    "question_id": "Wz68Xn6EZYE34pM3RG2zNH",
    "prediction": "batter",
    "actual": [
      "batter",
      "batter",
      "pitcher",
      "batter",
      "longoria",
      "batter",
      "longoria",
      "batter",
      "batter",
      "batter"
    ]
  },
  "Zhx4M3xfkZGgH4dnopMrY2": {
    "question_id": "Zhx4M3xfkZGgH4dnopMrY2",
    "prediction": "eating",
    "actual": [
      "eating",
      "snapshot eating",
      "to eat",
      "eating",
      "selfie pose",
      "eating",
      "eating",
      "eating",
      "eating",
      "eating"
    ]
  },
  "bTRUSAypEjzP5XWNW954RK": {
    "question_id": "bTRUSAypEjzP5XWNW954RK",
    "prediction": "living room",
    "actual": [
      "living room",
      "family room",
      "living room",
      "living room",
      "home",
      "residential",
      "living room",
      "livingroom",
      "living room",
      "living room"
    ]
  },
  "eiLeNz2CFKYS7AFZDXrKEM": {
    "question_id": "eiLeNz2CFKYS7AFZDXrKEM",
    "prediction": "school",
    "actual": [
      "school",
      "school",
      "class",
      "school class",
      "school",
      "class",
      "school",
      "school class",
      "school",
      "school age"
    ]
  },
  "epWz8dQzRohUWmTphUjt4p": {
    "question_id": "epWz8dQzRohUWmTphUjt4p",
    "prediction": "fire",
    "actual": [
      "fire",
      "firewood",
      "fire",
      "fire",
      "fire",
      "fireplace",
      "fire",
      "fire",
      "fire",
      "smoke"
    ]
  },
  "f5DyWHCeTdLVN7kHd8zguE": {
    "question_id": "f5DyWHCeTdLVN7kHd8zguE",
    "prediction": "rain",
    "actual": [
      "it's raining",
      "raining",
      "rain",
      "rainy day",
      "its raining",
      "raining",
      "raining",
      "rain",
      "rain",
      "raining"
    ]
  },
  "fQykduWza8cpGuwj3CxHtF": {
    "question_id": "fQykduWza8cpGuwj3CxHtF",
    "prediction": "herding",
    "actual": [
      "cow",
      "herding",
      "cow",
      "herding",
      "herding",
      "herding",
      "ranching",
      "heading",
      "herd",
      "cowherding"
    ]
  },
  "j3G4tBe5ga2sVPS2yWYbFM": {
    "question_id": "j3G4tBe5ga2sVPS2yWYbFM",
    "prediction": "serve",
    "actual": [
      "return serve",
      "serve ball",
      "return serve",
      "serve",
      "hit ball",
      "catch",
      "serve",
      "serve",
      "return serve",
      "retrieve ball"
    ]
  },
  "jJtrzZ4RRXKH8SSVmgw8tp": {
    "question_id": "jJtrzZ4RRXKH8SSVmgw8tp",
    "prediction": "field",
    "actual": [
      "field",
      "savannah",
      "field",
      "field",
      "wild",
      "wildanimal parks",
      "field",
      "savannah",
      "desert",
      "field"
    ]
  },
  "n2V3ufCHusHxHg3doMLfoT": {
    "question_id": "n2V3ufCHusHxHg3doMLfoT",
    "prediction": "skiing",
    "actual": [
      "fell",
      "skiing",
      "falling",
      "skiing",
      "falling",
      "fell down",
      "skiing",
      "scatting sceir",
      "fell down",
      "fell"
    ]
  },
  "nbKEZAsRQ7mimyjkQYFn6d": {
    "question_id": "nbKEZAsRQ7mimyjkQYFn6d",
    "prediction": "fire",
    "actual": [
      "fire",
      "fire department",
      "fire department",
      "fire department",
      "fire",
      "fire department",
      "fire department",
      "fire",
      "fire",
      "fire"
    ]
  },
  "o7YUWt5CppEBSMU9tUszUZ": {
    "question_id": "o7YUWt5CppEBSMU9tUszUZ",
    "prediction": "rain",
    "actual": [
      "rain",
      "rainy day",
      "rainy day",
      "rainy day",
      "rain",
      "rain",
      "rain",
      "rain",
      "rain",
      "rain"
    ]
  },
  "b6kMEJD9bLnsJksyGqZgcR": {
    "question_id": "b6kMEJD9bLnsJksyGqZgcR",
    "prediction": "usa",
    "actual": [
      "united states",
      "united states",
      "america",
      "usa",
      "america",
      "united states",
      "united states",
      "united states",
      "usa",
      "usa"
    ]
  },
  "mZGqAwu28rKDYShh6mrTz7": {
    "question_id": "mZGqAwu28rKDYShh6mrTz7",
    "prediction": "wind",
    "actual": [
      "wind",
      "kite",
      "wind",
      "wind",
      "targeting",
      "wind",
      "wind",
      "wind",
      "wind",
      "kite"
    ]
  }
}