{
  "22jbM6gDxdaMaunuzgrsBB": {
    "question_id": "22jbM6gDxdaMaunuzgrsBB",
    "prediction": "toothpick",
    "actual": "cigarette"
  },
  "2Aq5RiEn7eyfWjEbpuYT2o": {
    "question_id": "2Aq5RiEn7eyfWjEbpuYT2o",
    "prediction": "nine",
    "actual": "thirty"
  },
  "2Br4bJfKY7SQM9DECrqqeG": {
    "question_id": "2Br4bJfKY7SQM9DECrqqeG",
    "prediction": "frozen",
    "actual": "dirty"
  },
  "2DQex53EkNGH2cfo3WPuPn": {
    "question_id": "2DQex53EkNGH2cfo3WPuPn",
    "prediction": "mouse",
    "actual": "mobile phone"
  },
  "2GhdXLaZFBYHSip4rvYKfK": {
    "question_id": "2GhdXLaZFBYHSip4rvYKfK",
    "prediction": "zombie",
    "actual": "devil"
  },
  "2sUggWn8qBk97E38wKpjN5": {
    "question_id": "2sUggWn8qBk97E38wKpjN5",
    "prediction": "dawn",
    "actual": "afternoon"
  },
  "2vGs6CLETM2BJPstdHjku9": {
    "question_id": "2vGs6CLETM2BJPstdHjku9",
    "prediction": "eat",
    "actual": "jump"
  },
  "2xDeTCXSRqdhvREBDhHsMx": {
    "question_id": "2xDeTCXSRqdhvREBDhHsMx",
    "prediction": "frosting",
    "actual": "fondant"
  },
  "39CcpmwATuiwiZLZo3XMuv": {
    "question_id": "39CcpmwATuiwiZLZo3XMuv",
    "prediction": "left",
    "actual": "down"
  },
  "3R6SnZ4MRGXXvao5ARVE8e": {
    "question_id": "3R6SnZ4MRGXXvao5ARVE8e",
    "prediction": "passengers",
    "actual": "air traffic"
  },
  "3SKKn3bQ4xhiDpkesifdod": {
    "question_id": "3SKKn3bQ4xhiDpkesifdod",
    "prediction": "usa",
    "actual": "japan"
  },
  "3X8TsFBRS7mBsBbyFDzRdb": {
    "question_id": "3X8TsFBRS7mBsBbyFDzRdb",
    "prediction": "arugula",
    "actual": "pepperoni"
  },
  "3asRExdxmWQtJw4sv49AGZ": {
    "question_id": "3asRExdxmWQtJw4sv49AGZ",
    "prediction": "walking person",
    "actual": "closed doors"
  },
  "3echacwmLBUByWpjh85Mfv": {
    "question_id": "3echacwmLBUByWpjh85Mfv",
    "prediction": "food",
    "actual": "white bag"
  },
  "3ef8KXbKoJaJZyVmxVZMaq": {
    "question_id": "3ef8KXbKoJaJZyVmxVZMaq",
    "prediction": "huggy buggy",
    "actual": "happy birthday"
  },
  "3hvf4MjtcgpFznUWS5bbvj": {
    "question_id": "3hvf4MjtcgpFznUWS5bbvj",
    "prediction": "cricket",
    "actual": "baseball"
  },
  "3qnvp3XRGpc5L6RMhRZ3gg": {
    "question_id": "3qnvp3XRGpc5L6RMhRZ3gg",
    "prediction": "lotions",
    "actual": "shampoo conditioner"
  },
  "3w3DT989GgT6yjqurjvmt6": {
    "question_id": "3w3DT989GgT6yjqurjvmt6",
    "prediction": "slide",
    "actual": "bunt"
  },
  "3zxLUD8FPcCLJWYsG7h2KY": {
    "question_id": "3zxLUD8FPcCLJWYsG7h2KY",
    "prediction": "commercial kitchen",
    "actual": "domestic kitchen"
  },
  "45ZJiwQ8E4sqUTyJSUzEN3": {
    "question_id": "45ZJiwQ8E4sqUTyJSUzEN3",
    "prediction": "ceramic",
    "actual": "steel"
  },
  "49CisPCc2LiA5TUAdHZgXe": {
    "question_id": "49CisPCc2LiA5TUAdHZgXe",
    "prediction": "lion",
    "actual": "dog"
  },
  "4C2cZitDfGX5ytw6YTcxiL": {
    "question_id": "4C2cZitDfGX5ytw6YTcxiL",
    "prediction": "pantry",
    "actual": "sink"
  },
  "4H7KMfvPvCTSvtf8Uyp55D": {
    "question_id": "4H7KMfvPvCTSvtf8Uyp55D",
    "prediction": "batting",
    "actual": "storage"
  },
  "4U4iSWxvXv9RtE6V9KpxJo": {
    "question_id": "4U4iSWxvXv9RtE6V9KpxJo",
    "prediction": "company name",
    "actual": "call letters"
  },
  "4Z7WvuLTj7VUpVtLL2W2g7": {
    "question_id": "4Z7WvuLTj7VUpVtLL2W2g7",
    "prediction": "laundry",
    "actual": "bathroom"
  },
  "4cdYbJFFeKXJr6LbKgcxTa": {
    "question_id": "4cdYbJFFeKXJr6LbKgcxTa",
    "prediction": "rural",
    "actual": "city"
  },
  "4dnt6ahNTCENKrvBhExyvV": {
    "question_id": "4dnt6ahNTCENKrvBhExyvV",
    "prediction": "yes",
    "actual": "absolutely no"
  },
  "4j6bW4ChHncMKUnmnGAQQ2": {
    "question_id": "4j6bW4ChHncMKUnmnGAQQ2",
    "prediction": "gaming",
    "actual": "academic"
  },
  "4mgcpzD4d6adkPQP7cxg54": {
    "question_id": "4mgcpzD4d6adkPQP7cxg54",
    "prediction": "philadelphia",
    "actual": "new york"
  },
  "4t5DcDdFbw5x9PVRKis5AQ": {
    "question_id": "4t5DcDdFbw5x9PVRKis5AQ",
    "prediction": "coffee",
    "actual": "milkshake"
  },
  "4xBq7ak8qCE92z8vddKXtu": {
    "question_id": "4xBq7ak8qCE92z8vddKXtu",
    "prediction": "north",
    "actual": "west"
  },
  "4yd2xqYxWenwSYEucHnNXR": {
    "question_id": "4yd2xqYxWenwSYEucHnNXR",
    "prediction": "italy",
    "actual": "france"
  },
  "4yq3AnREQ4PP7MXMWvBb5a": {
    "question_id": "4yq3AnREQ4PP7MXMWvBb5a",
    "prediction": "victory day",
    "actual": "christmas"
  },
  "5AhBQW2ucGSwJbPTtXHTFd": {
    "question_id": "5AhBQW2ucGSwJbPTtXHTFd",
    "prediction": "planes",
    "actual": "cars"
  },
  "5NysKUokKJcrFfUcBbr9Vo": {
    "question_id": "5NysKUokKJcrFfUcBbr9Vo",
    "prediction": "swimming",
    "actual": "crashing"
  },
  "5aRkxnYoakzDQFyDGb9qJ2": {
    "question_id": "5aRkxnYoakzDQFyDGb9qJ2",
    "prediction": "jessica alba",
    "actual": "jessica biel"
  },
  "5aXXZiPUcUzScs2do5tjYs": {
    "question_id": "5aXXZiPUcUzScs2do5tjYs",
    "prediction": "fork",
    "actual": "piping tip"
  },
  "5wfUGvXtyEw22kABjGaHxT": {
    "question_id": "5wfUGvXtyEw22kABjGaHxT",
    "prediction": "mushrooms",
    "actual": "fish"
  },
  "64o6jMUzFmawogFAYnhNoh": {
    "question_id": "64o6jMUzFmawogFAYnhNoh",
    "prediction": "floral",
    "actual": "camouflage"
  },
  "64yPpMFbTw3CnmTULYZWTp": {
    "question_id": "64yPpMFbTw3CnmTULYZWTp",
    "prediction": "new york",
    "actual": "paris"
  },
  "65Sfsx6hqdJ5UqNWLB3RCG": {
    "question_id": "65Sfsx6hqdJ5UqNWLB3RCG",
    "prediction": "zoo",
    "actual": "wild"
  },
  "6EzruBdkEgwx74NmrhoyBV": {
    "question_id": "6EzruBdkEgwx74NmrhoyBV",
    "prediction": "candle",
    "actual": "clock"
  },
  "6HizsyvwUgduwabP2dWha5": {
    "question_id": "6HizsyvwUgduwabP2dWha5",
    "prediction": "more buildings",
    "actual": "sunlight"
  },
  "6Qf2MxVMdHGnxrEZ3xGn7Q": {
    "question_id": "6Qf2MxVMdHGnxrEZ3xGn7Q",
    "prediction": "sunburn",
    "actual": "raining"
  },
  "6YyPKdGwhA3LJkUpL3p9F6": {
    "question_id": "6YyPKdGwhA3LJkUpL3p9F6",
    "prediction": "jogging",
    "actual": "skating"
  },
  "6fCWweqmigW6UaiyaHq4Sy": {
    "question_id": "6fCWweqmigW6UaiyaHq4Sy",
    "prediction": "catcher",
    "actual": "position"
  },
  "6nV6KKMbWYsw8Rv9Sw7k2N": {
    "question_id": "6nV6KKMbWYsw8Rv9Sw7k2N",
    "prediction": "maleficent",
    "actual": "xena"
  },
  "6ony7mfRzE7tEhj5udEe5u": {
    "question_id": "6ony7mfRzE7tEhj5udEe5u",
    "prediction": "museum opening",
    "actual": "art show"
  },
  "6pLYuYn5suAGgoBgJ4Z6HC": {
    "question_id": "6pLYuYn5suAGgoBgJ4Z6HC",
    "prediction": "training horse",
    "actual": "show performance"
  },
  "6pTSACKywJKkVRa7WGmzKe": {
    "question_id": "6pTSACKywJKkVRa7WGmzKe",
    "prediction": "orange",
    "actual": "green"
  },
  "6xTMCHe4ABbm6NDntoEkLJ": {
    "question_id": "6xTMCHe4ABbm6NDntoEkLJ",
    "prediction": "maple tree",
    "actual": "palm tree"
  },
  "73kd5sUo4zXkApi6v4X8Qc": {
    "question_id": "73kd5sUo4zXkApi6v4X8Qc",
    "prediction": "italian",
    "actual": "mexican"
  },
  "764XKetFB6T3wsiABqc79e": {
    "question_id": "764XKetFB6T3wsiABqc79e",
    "prediction": "circles",
    "actual": "triangles"
  },
  "767TWXi3wYjFiBX3YXyMuU": {
    "question_id": "767TWXi3wYjFiBX3YXyMuU",
    "prediction": "paint",
    "actual": "frosting"
  },
  "79yRxKFXwWZZiCBAHtJqeE": {
    "question_id": "79yRxKFXwWZZiCBAHtJqeE",
    "prediction": "twenty first",
    "actual": "twentieth"
  },
  "7CWwGUgRqbPEiGcZEzFVEF": {
    "question_id": "7CWwGUgRqbPEiGcZEzFVEF",
    "prediction": "canine",
    "actual": "feline"
  },
  "7DWnTRkU9e86XMwb7QqxYd": {
    "question_id": "7DWnTRkU9e86XMwb7QqxYd",
    "prediction": "crockpot",
    "actual": "grill"
  },
  "7Hndh7JzZ7BizC4XDSV5Z5": {
    "question_id": "7Hndh7JzZ7BizC4XDSV5Z5",
    "prediction": "sheltered",
    "actual": "housecat"
  },
  "7KNmiZTYRQBHMJKJ9zkAjR": {
    "question_id": "7KNmiZTYRQBHMJKJ9zkAjR",
    "prediction": "road accident",
    "actual": "red light"
  },
  "7NXz8t4QzQWvJzpHqfPzRw": {
    "question_id": "7NXz8t4QzQWvJzpHqfPzRw",
    "prediction": "taking photos",
    "actual": "spectating"
  },
  "7NxakvvZZEHKsh8MbNHHvz": {
    "question_id": "7NxakvvZZEHKsh8MbNHHvz",
    "prediction": "vase",
    "actual": "mason jar"
  },
  "7VodQFaYKxhUwQ5tpFSkRo": {
    "question_id": "7VodQFaYKxhUwQ5tpFSkRo",
    "prediction": "beer",
    "actual": "liquer"
  },
  "7YTajnBGjXEmwuYjmsXsdX": {
    "question_id": "7YTajnBGjXEmwuYjmsXsdX",
    "prediction": "six flags",
    "actual": "disneyland"
  },
  "7ZA9sk8eRjBsisqK4EgQM2": {
    "question_id": "7ZA9sk8eRjBsisqK4EgQM2",
    "prediction": "dog",
    "actual": "woman"
  },
  "7dxcZiZowsAK34QswVhXy3": {
    "question_id": "7dxcZiZowsAK34QswVhXy3",
    "prediction": "very humid",
    "actual": "hot"
  },
  "7hKGdKpiEqfqB8dEeAw9hu": {
    "question_id": "7hKGdKpiEqfqB8dEeAw9hu",
    "prediction": "sun",
    "actual": "rain"
  },
  "7jkWRB4pt8ZordP6wDAvbT": {
    "question_id": "7jkWRB4pt8ZordP6wDAvbT",
    "prediction": "camera",
    "actual": "tv"
  },
  "7pAKkw446jdqTk9peDKjyY": {
    "question_id": "7pAKkw446jdqTk9peDKjyY",
    "prediction": "ground",
    "actual": "basement"
  },
  "82bLyanbdDeEq6mkVa3YGM": {
    "question_id": "82bLyanbdDeEq6mkVa3YGM",
    "prediction": "japan",
    "actual": "usa"
  },
  "8KqQoveNzvvZSgxxPeepUY": {
    "question_id": "8KqQoveNzvvZSgxxPeepUY",
    "prediction": "light car",
    "actual": "red bus"
  },
  "8R6BwQYURjKQu4FPYr8TpL": {
    "question_id": "8R6BwQYURjKQu4FPYr8TpL",
    "prediction": "chicago",
    "actual": "seattle"
  },
  "8RDETmscMEEsHh6Sbekaa6": {
    "question_id": "8RDETmscMEEsHh6Sbekaa6",
    "prediction": "angry",
    "actual": "smiling"
  },
  "8dWqzZJR3MvHHSGAAzAEJy": {
    "question_id": "8dWqzZJR3MvHHSGAAzAEJy",
    "prediction": "rentals",
    "actual": "investments"
  },
  "8enBCTrMj57db8JVq9wyPq": {
    "question_id": "8enBCTrMj57db8JVq9wyPq",
    "prediction": "chocolate",
    "actual": "orange slices"
  },
  "8k5Wnk4jb9ZzTN8EHrqNS3": {
    "question_id": "8k5Wnk4jb9ZzTN8EHrqNS3",
    "prediction": "pens",
    "actual": "tissues"
  },
  "8pfeZwe43HT9mMjVmdZhzm": {
    "question_id": "8pfeZwe43HT9mMjVmdZhzm",
    "prediction": "three",
    "actual": "four"
  },
  "8qqTsLQFXdEDT9oeVgZekp": {
    "question_id": "8qqTsLQFXdEDT9oeVgZekp",
    "prediction": "rocks",
    "actual": "water"
  },
  "8spFMseWd5TyYXt4LygCE5": {
    "question_id": "8spFMseWd5TyYXt4LygCE5",
    "prediction": "three",
    "actual": "one"
  },
  "8tjSG5kCpUsF7QaQsPoJcG": {
    "question_id": "8tjSG5kCpUsF7QaQsPoJcG",
    "prediction": "new york",
    "actual": "omaha"
  },
  "8uQHFZsgJwvQPuvYs7reMA": {
    "question_id": "8uQHFZsgJwvQPuvYs7reMA",
    "prediction": "turning right",
    "actual": "turning left"
  },
  "8vnLAkEcA5mAC66h59f4dE": {
    "question_id": "8vnLAkEcA5mAC66h59f4dE",
    "prediction": "probably no",
    "actual": "absolutely no"
  },
  "8w7GuH4PjCommJcwHaGge6": {
    "question_id": "8w7GuH4PjCommJcwHaGge6",
    "prediction": "lot",
    "actual": "terminal"
  },
  "8xMtKKAZ5RHWjwMgCuYjWV": {
    "question_id": "8xMtKKAZ5RHWjwMgCuYjWV",
    "prediction": "deep dish",
    "actual": "margarita"
  },
  "93rpK9LLNQ8xmAPrEGm3rv": {
    "question_id": "93rpK9LLNQ8xmAPrEGm3rv",
    "prediction": "thatch",
    "actual": "stone"
  },
  "9HoQP5bpke2rstGjD8AG7Y": {
    "question_id": "9HoQP5bpke2rstGjD8AG7Y",
    "prediction": "dishwasher",
    "actual": "stove/oven"
  },
  "9J5n2f4j4R4B9t3c6MPSi3": {
    "question_id": "9J5n2f4j4R4B9t3c6MPSi3",
    "prediction": "rice",
    "actual": "turkey"
  },
  "9KA8dr22Hiveh2s9JwvPLZ": {
    "question_id": "9KA8dr22Hiveh2s9JwvPLZ",
    "prediction": "knee",
    "actual": "ear"
  },
  "9PGPr3vxBAb9jyWDiR9ous": {
    "question_id": "9PGPr3vxBAb9jyWDiR9ous",
    "prediction": "apple",
    "actual": "hp"
  },
  "9PZxoQZCdEn8VijhqTfENe": {
    "question_id": "9PZxoQZCdEn8VijhqTfENe",
    "prediction": "knife",
    "actual": "fork"
  },
  "9R9Ef5J6eaJzSHvUEkBkgq": {
    "question_id": "9R9Ef5J6eaJzSHvUEkBkgq",
    "prediction": "koala",
    "actual": "rooster"
  },
  "9TJtRYnGa8xr8CF67M5Mof": {
    "question_id": "9TJtRYnGa8xr8CF67M5Mof",
    "prediction": "tigers",
    "actual": "cats"
  },
  "9TbmZ3Qq4paDv4AUeXpLEm": {
    "question_id": "9TbmZ3Qq4paDv4AUeXpLEm",
    "prediction": "animals",
    "actual": "paint"
  },
  "9VR7RNoJkVj6AWsYtwpDz7": {
    "question_id": "9VR7RNoJkVj6AWsYtwpDz7",
    "prediction": "obese",
    "actual": "nutritionist"
  },
  "9Vcrsyxf2zbSBauWavQbju": {
    "question_id": "9Vcrsyxf2zbSBauWavQbju",
    "prediction": "left",
    "actual": "middle"
  },
  "9WmbdtPjrRDvD7yeHYr55d": {
    "question_id": "9WmbdtPjrRDvD7yeHYr55d",
    "prediction": "stripes",
    "actual": "polka dots"
  },
  "9ZB4WcL9Sbo3L6ZPkaqzKY": {
    "question_id": "9ZB4WcL9Sbo3L6ZPkaqzKY",
    "prediction": "one",
    "actual": "three"
  },
  "9agpK8NJBKhb2vcWiKXRi7": {
    "question_id": "9agpK8NJBKhb2vcWiKXRi7",
    "prediction": "beer",
    "actual": "water"
  },
  "9d7StqUZPtRBbHjSDFwwqa": {
    "question_id": "9d7StqUZPtRBbHjSDFwwqa",
    "prediction": "siblings",
    "actual": "classmates"
  },
  "9fX9oZHdEtHPfWbHi4BhwA": {
    "question_id": "9fX9oZHdEtHPfWbHi4BhwA",
    "prediction": "beer",
    "actual": "coke"
  },
  "9m5dBgT3PJrhWRCDg9ee2z": {
    "question_id": "9m5dBgT3PJrhWRCDg9ee2z",
    "prediction": "construction",
    "actual": "passenger"
  },
  "9sqHw3RioVzmBGcxbMqBDM": {
    "question_id": "9sqHw3RioVzmBGcxbMqBDM",
    "prediction": "green",
    "actual": "brown"
  },
  "9wkHkHDXGGtbJwvLAcXSVs": {
    "question_id": "9wkHkHDXGGtbJwvLAcXSVs",
    "prediction": "microwave",
    "actual": "toaster"
  },
  "9zfgVSEG4hrKHfuoe4tHqx": {
    "question_id": "9zfgVSEG4hrKHfuoe4tHqx",
    "prediction": "reduce stress",
    "actual": "spend time"
  },
  "A2uU9gQWJp8Z3LJePdL9u8": {
    "question_id": "A2uU9gQWJp8Z3LJePdL9u8",
    "prediction": "chinese",
    "actual": "japanese"
  },
  "A7MATFYMiNxpWLN7ucoWmS": {
    "question_id": "A7MATFYMiNxpWLN7ucoWmS",
    "prediction": "bedroom",
    "actual": "basement"
  },
  "A9Pk4Az2eRMuSEgB8GnUBU": {
    "question_id": "A9Pk4Az2eRMuSEgB8GnUBU",
    "prediction": "romance",
    "actual": "thriller fiction"
  },
  "ACMY4KCmBjXQNimvG4dJhA": {
    "question_id": "ACMY4KCmBjXQNimvG4dJhA",
    "prediction": "two",
    "actual": "four"
  },
  "ADSaLsXSNftfMMYWMKKqCS": {
    "question_id": "ADSaLsXSNftfMMYWMKKqCS",
    "prediction": "nowhere",
    "actual": "right"
  },
  "AGorRcu8xFxfMHzdj6nxuV": {
    "question_id": "AGorRcu8xFxfMHzdj6nxuV",
    "prediction": "road",
    "actual": "air"
  },
  "AQQMsV5n7NGgths6DjtJcH": {
    "question_id": "AQQMsV5n7NGgths6DjtJcH",
    "prediction": "hard",
    "actual": "soft"
  },
  "AR5jScMLqmYDjzmKHxKzMT": {
    "question_id": "AR5jScMLqmYDjzmKHxKzMT",
    "prediction": "birthday",
    "actual": "holiday dinner"
  },
  "AScfHhLUR7uPGS4TV6VpbN": {
    "question_id": "AScfHhLUR7uPGS4TV6VpbN",
    "prediction": "to ride",
    "actual": "to restrain"
  },
  "AXvcbZSCWScQ9hb4hjB4si": {
    "question_id": "AXvcbZSCWScQ9hb4hjB4si",
    "prediction": "superman",
    "actual": "spiderman"
  },
  "AhrmUB8LFNXLkpiLGaaAuY": {
    "question_id": "AhrmUB8LFNXLkpiLGaaAuY",
    "prediction": "signal",
    "actual": "reach"
  },
  "Ar8D5FwKT47LcGDqJXXLjK": {
    "question_id": "Ar8D5FwKT47LcGDqJXXLjK",
    "prediction": "display them",
    "actual": "eat them"
  },
  "AvSkehQk4bMedgX65PDsAj": {
    "question_id": "AvSkehQk4bMedgX65PDsAj",
    "prediction": "red board",
    "actual": "white board"
  },
  "AyYa5v5HCXAjDeLXgP2CN5": {
    "question_id": "AyYa5v5HCXAjDeLXgP2CN5",
    "prediction": "pictures",
    "actual": "coats"
  },
  "B725pHrrknZKDAqoLBjeof": {
    "question_id": "B725pHrrknZKDAqoLBjeof",
    "prediction": "pineapple",
    "actual": "apple"
  },
  "B89EaRFhsoHzAy55JKCZJJ": {
    "question_id": "B89EaRFhsoHzAy55JKCZJJ",
    "prediction": "52",
    "actual": "90"
  },
  "BJxwGHyivgHAjykCUoSUXo": {
    "question_id": "BJxwGHyivgHAjykCUoSUXo",
    "prediction": "roadside stand",
    "actual": "grocery store"
  },
  "BNpoJaz9Qu7KQ87FoFfRab": {
    "question_id": "BNpoJaz9Qu7KQ87FoFfRab",
    "prediction": "show",
    "actual": "plowing"
  },
  "BRxXgf2dHwtY3SuRcmvv8Q": {
    "question_id": "BRxXgf2dHwtY3SuRcmvv8Q",
    "prediction": "truck trailer",
    "actual": "orange tractor"
  },
  "BSZ9GqpZWjmXRxdbn5nTjf": {
    "question_id": "BSZ9GqpZWjmXRxdbn5nTjf",
    "prediction": "bowtie",
    "actual": "kite"
  },
  "BWmRhAFKF4KHK6QqPKS5Q3": {
    "question_id": "BWmRhAFKF4KHK6QqPKS5Q3",
    "prediction": "food",
    "actual": "trash"
  },
  "BaNWccWHEXHgtdo2h5795T": {
    "question_id": "BaNWccWHEXHgtdo2h5795T",
    "prediction": "directional",
    "actual": "traffic"
  },
  "Bq4zFDne6edPRs7sBBMEad": {
    "question_id": "Bq4zFDne6edPRs7sBBMEad",
    "prediction": "bananas",
    "actual": "oranges"
  },
  "BuWxzrpFRXqSj8UjZannxM": {
    "question_id": "BuWxzrpFRXqSj8UjZannxM",
    "prediction": "cake",
    "actual": "pacifier"
  },
  "Bw5zPLf2EX7MjMakQbxdAV": {
    "question_id": "Bw5zPLf2EX7MjMakQbxdAV",
    "prediction": "marriage ceremony",
    "actual": "drinking"
  },
  "CKSUnA8f2e4FZyu5pXFuhm": {
    "question_id": "CKSUnA8f2e4FZyu5pXFuhm",
    "prediction": "two",
    "actual": "four"
  },
  "CKj2DmTDPa2HMKUvU9d6RN": {
    "question_id": "CKj2DmTDPa2HMKUvU9d6RN",
    "prediction": "motorcycle",
    "actual": "vespa"
  },
  "CKoy38QkqTRSirL8yyeimY": {
    "question_id": "CKoy38QkqTRSirL8yyeimY",
    "prediction": "wooden",
    "actual": "disposable"
  },
  "CQ7rcUkY5B9MZfB9yoU6ei": {
    "question_id": "CQ7rcUkY5B9MZfB9yoU6ei",
    "prediction": "at streer-level",
    "actual": "underground"
  },
  "CRvFM9oRe3ELNUegmzDKHv": {
    "question_id": "CRvFM9oRe3ELNUegmzDKHv",
    "prediction": "swim",
    "actual": "fly"
  },
  "CVVWeSyTpmWdozRWra6qbu": {
    "question_id": "CVVWeSyTpmWdozRWra6qbu",
    "prediction": "farm",
    "actual": "city"
  },
  "CZgeF3Cuso4bf9DbbmxZan": {
    "question_id": "CZgeF3Cuso4bf9DbbmxZan",
    "prediction": "little girl",
    "actual": "man"
  },
  "CcD6HgxREVqanqLnSysBTr": {
    "question_id": "CcD6HgxREVqanqLnSysBTr",
    "prediction": "meaty",
    "actual": "sweet"
  },
  "Ce788SudmyHCPCCvyXs2kW": {
    "question_id": "Ce788SudmyHCPCCvyXs2kW",
    "prediction": "gdansk",
    "actual": "osaka"
  },
  "ChoLNyVYCocjeYqDJQYMoe": {
    "question_id": "ChoLNyVYCocjeYqDJQYMoe",
    "prediction": "waterskiing",
    "actual": "waterboarding"
  },
  "Cy5KPSnpjZdbRiQsbPug95": {
    "question_id": "Cy5KPSnpjZdbRiQsbPug95",
    "prediction": "farm",
    "actual": "barn"
  },
  "D2nH9ADi8U2ATp3ryKnDvb": {
    "question_id": "D2nH9ADi8U2ATp3ryKnDvb",
    "prediction": "horse theft",
    "actual": "chariot racing"
  },
  "D5wkZcANAvQPLDQHLMV2TQ": {
    "question_id": "D5wkZcANAvQPLDQHLMV2TQ",
    "prediction": "reality show",
    "actual": "talk show"
  },
  "D7y9SSbRuVzVfJGiAinTx3": {
    "question_id": "D7y9SSbRuVzVfJGiAinTx3",
    "prediction": "snow shovelling",
    "actual": "pushing off"
  },
  "DAEcXR5DWNgEcEVRqA4xFS": {
    "question_id": "DAEcXR5DWNgEcEVRqA4xFS",
    "prediction": "blend food",
    "actual": "watch tv"
  },
  "DC3qACi5rhmWU8XzM5Vdvy": {
    "question_id": "DC3qACi5rhmWU8XzM5Vdvy",
    "prediction": "black car",
    "actual": "white van"
  },
  "DNGTUpUeLqmbKUNNns3kZs": {
    "question_id": "DNGTUpUeLqmbKUNNns3kZs",
    "prediction": "11 inch",
    "actual": "16 inch"
  },
  "DR94rYWve8KwpGjAtovqZt": {
    "question_id": "DR94rYWve8KwpGjAtovqZt",
    "prediction": "wonder woman",
    "actual": "spiderman"
  },
  "DRLyePKKPxvXEDiKygRjjt": {
    "question_id": "DRLyePKKPxvXEDiKygRjjt",
    "prediction": "minor league",
    "actual": "little league"
  },
  "DRjvqC85oQS6p6Q6fz6CdY": {
    "question_id": "DRjvqC85oQS6p6Q6fz6CdY",
    "prediction": "midday",
    "actual": "1000"
  },
  "DTAw9Vu8CLWbzUAg6m8okx": {
    "question_id": "DTAw9Vu8CLWbzUAg6m8okx",
    "prediction": "phones",
    "actual": "bag"
  },
  "DYEPfA4NaMDK8Dj5qW7AAE": {
    "question_id": "DYEPfA4NaMDK8Dj5qW7AAE",
    "prediction": "outside",
    "actual": "living room"
  },
  "DbQuf7wY2JtaK4aonapJXt": {
    "question_id": "DbQuf7wY2JtaK4aonapJXt",
    "prediction": "boxing",
    "actual": "singing"
  },
  "DhYoususnAa6GHBnV7UkZ7": {
    "question_id": "DhYoususnAa6GHBnV7UkZ7",
    "prediction": "mouse",
    "actual": "keyboard"
  },
  "DpnK7HeBvBiVtVRCiDJxED": {
    "question_id": "DpnK7HeBvBiVtVRCiDJxED",
    "prediction": "green",
    "actual": "yellow"
  },
  "DwKTiqQxFH5Ei2cQGR3Y9U": {
    "question_id": "DwKTiqQxFH5Ei2cQGR3Y9U",
    "prediction": "frying pan",
    "actual": "wok"
  },
  "Dy2TUremDDZAAQrkx5oPnB": {
    "question_id": "Dy2TUremDDZAAQrkx5oPnB",
    "prediction": "lantern",
    "actual": "candle"
  },
  "E2Vuut5upXHFFVxEk8kHvM": {
    "question_id": "E2Vuut5upXHFFVxEk8kHvM",
    "prediction": "competition",
    "actual": "class"
  },
  "E6vGrKzLTzqabYt55Ksc2N": {
    "question_id": "E6vGrKzLTzqabYt55Ksc2N",
    "prediction": "yes",
    "actual": "absolutely no"
  },
  "E7LafAUEeJM9NiMjemXwRW": {
    "question_id": "E7LafAUEeJM9NiMjemXwRW",
    "prediction": "tiger",
    "actual": "zebra"
  },
  "E9JLQaGpyoZudcYaQCrzvA": {
    "question_id": "E9JLQaGpyoZudcYaQCrzvA",
    "prediction": "mouse",
    "actual": "desk"
  },
  "EAWGdocBoaqPxLQuJ3UJb6": {
    "question_id": "EAWGdocBoaqPxLQuJ3UJb6",
    "prediction": "late spring",
    "actual": "fall-winter"
  },
  "EAYTJseBUauGLMkCTZdhtU": {
    "question_id": "EAYTJseBUauGLMkCTZdhtU",
    "prediction": "man",
    "actual": "girl man"
  },
  "EDFzCznf6oQmdpV8T8S7vU": {
    "question_id": "EDFzCznf6oQmdpV8T8S7vU",
    "prediction": "two",
    "actual": "three"
  },
  "EER9xudvx7aG37Zbaewxkw": {
    "question_id": "EER9xudvx7aG37Zbaewxkw",
    "prediction": "mountain dew",
    "actual": "pepsi"
  },
  "ETucTwACABQrgrZujBsiQq": {
    "question_id": "ETucTwACABQrgrZujBsiQq",
    "prediction": "backhand",
    "actual": "forehand"
  },
  "EZr7FwVY2S7FggmHpHxCZK": {
    "question_id": "EZr7FwVY2S7FggmHpHxCZK",
    "prediction": "wood",
    "actual": "clay"
  },
  "EbanZVDGxGTAinaVAiseKZ": {
    "question_id": "EbanZVDGxGTAinaVAiseKZ",
    "prediction": "two",
    "actual": "four"
  },
  "Ed662HvZeisV6Mzxs2S6bj": {
    "question_id": "Ed662HvZeisV6Mzxs2S6bj",
    "prediction": "purse",
    "actual": "travel"
  },
  "EpwwuobLzGLWhnbXAjbw2x": {
    "question_id": "EpwwuobLzGLWhnbXAjbw2x",
    "prediction": "walk",
    "actual": "don't walk"
  },
  "EtRReER5fXmbnTmQTzM7Di": {
    "question_id": "EtRReER5fXmbnTmQTzM7Di",
    "prediction": "beach",
    "actual": "room"
  },
  "EueF8ShbQJHpynE7TdNGRG": {
    "question_id": "EueF8ShbQJHpynE7TdNGRG",
    "prediction": "socks",
    "actual": "shoes"
  },
  "EyxALxGEvCyePSado4wnJL": {
    "question_id": "EyxALxGEvCyePSado4wnJL",
    "prediction": "banana",
    "actual": "orange"
  },
  "FCACCnmERAWpKikUkfc5jV": {
    "question_id": "FCACCnmERAWpKikUkfc5jV",
    "prediction": "magenta",
    "actual": "white"
  },
  "FCXFfhVqdfimMXqx3Vx8b5": {
    "question_id": "FCXFfhVqdfimMXqx3Vx8b5",
    "prediction": "cheetah",
    "actual": "zebra"
  },
  "FDVQDJDFkV3tWkfTvrnAFy": {
    "question_id": "FDVQDJDFkV3tWkfTvrnAFy",
    "prediction": "sun",
    "actual": "lighting"
  },
  "FFhuFfMAy38Z7WWr6q7faA": {
    "question_id": "FFhuFfMAy38Z7WWr6q7faA",
    "prediction": "grandparent",
    "actual": "son"
  },
  "FG6kmHCaikmwGGpw9RhpSD": {
    "question_id": "FG6kmHCaikmwGGpw9RhpSD",
    "prediction": "teacher",
    "actual": "employee"
  },
  "FHmsKMqftMV2bbhT63TCep": {
    "question_id": "FHmsKMqftMV2bbhT63TCep",
    "prediction": "remote",
    "actual": "knife"
  },
  "FHq2UjmQmmZbCvD4wDJwjH": {
    "question_id": "FHq2UjmQmmZbCvD4wDJwjH",
    "prediction": "protection",
    "actual": "fashion"
  },
  "FNM9a4zAgBwoRawSUrMxPB": {
    "question_id": "FNM9a4zAgBwoRawSUrMxPB",
    "prediction": "rain",
    "actual": "whale"
  },
  "FQuJEPNnrznkjkvyN4UbUR": {
    "question_id": "FQuJEPNnrznkjkvyN4UbUR",
    "prediction": "baltimore",
    "actual": "new york"
  },
  "Fah5Jtkg728bXGLKKjgwjV": {
    "question_id": "Fah5Jtkg728bXGLKKjgwjV",
    "prediction": "sedan",
    "actual": "sports car"
  },
  "FeTsEoSpyGhqi8ui4i8tTy": {
    "question_id": "FeTsEoSpyGhqi8ui4i8tTy",
    "prediction": "for visibility",
    "actual": "for reception"
  },
  "G2yKVAzRGRB5RHtxxMsySP": {
    "question_id": "G2yKVAzRGRB5RHtxxMsySP",
    "prediction": "terra cotta",
    "actual": "porcelain"
  },
  "G5UFNWEn9cZH66apuAaxQj": {
    "question_id": "G5UFNWEn9cZH66apuAaxQj",
    "prediction": "afternoon",
    "actual": "morning"
  },
  "G9KXrAd6oRksj8Jqd5hcyo": {
    "question_id": "G9KXrAd6oRksj8Jqd5hcyo",
    "prediction": "backhand",
    "actual": "serve"
  },
  "GDYFtTMthQh2SHrVrKvynR": {
    "question_id": "GDYFtTMthQh2SHrVrKvynR",
    "prediction": "other animals",
    "actual": "balls"
  },
  "GDwYLbrCSgTVjTMSuJQFgX": {
    "question_id": "GDwYLbrCSgTVjTMSuJQFgX",
    "prediction": "teal",
    "actual": "green"
  },
  "GYERWEzeTRB8TqAZXguSbG": {
    "question_id": "GYERWEzeTRB8TqAZXguSbG",
    "prediction": "just aesthetics",
    "actual": "rain protection"
  },
  "GkrGRjhVED6WinovPED8iZ": {
    "question_id": "GkrGRjhVED6WinovPED8iZ",
    "prediction": "furniture",
    "actual": "statues"
  },
  "GkxEs3oBggLe4zY9XmJZaA": {
    "question_id": "GkxEs3oBggLe4zY9XmJZaA",
    "prediction": "nine",
    "actual": "ten"
  },
  "Gr2guph9meudkWEM6Gbpwr": {
    "question_id": "Gr2guph9meudkWEM6Gbpwr",
    "prediction": "electricity",
    "actual": "gas"
  },
  "GzwDohFGAzDgkHBGFKfCTF": {
    "question_id": "GzwDohFGAzDgkHBGFKfCTF",
    "prediction": "trackpad",
    "actual": "keypad"
  },
  "GzzLtA4SHJS9ymFa6Zrw77": {
    "question_id": "GzzLtA4SHJS9ymFa6Zrw77",
    "prediction": "forehand",
    "actual": "backhand"
  },
  "H6NnKaLeBganALK78FdQq7": {
    "question_id": "H6NnKaLeBganALK78FdQq7",
    "prediction": "united kingdom",
    "actual": "united states"
  },
  "H7QnkgRHJJYQpjyyG3Szfc": {
    "question_id": "H7QnkgRHJJYQpjyyG3Szfc",
    "prediction": "rope",
    "actual": "handle"
  },
  "H84RC5rtsFPxCmNS27jbHf": {
    "question_id": "H84RC5rtsFPxCmNS27jbHf",
    "prediction": "food",
    "actual": "smoke"
  },
  "H8bbnrXJwvzCPyGsK48h8c": {
    "question_id": "H8bbnrXJwvzCPyGsK48h8c",
    "prediction": "cafeteria",
    "actual": "conference room"
  },
  "HBocRDMRkRehHhDX4BnCwq": {
    "question_id": "HBocRDMRkRehHhDX4BnCwq",
    "prediction": "tennis shoes",
    "actual": "flats"
  },
  "HGUuQneRyMcmypY3dX7XUi": {
    "question_id": "HGUuQneRyMcmypY3dX7XUi",
    "prediction": "green beans",
    "actual": "pickles"
  },
  "HJeQNjpkTJrL7EnPntSa4w": {
    "question_id": "HJeQNjpkTJrL7EnPntSa4w",
    "prediction": "cuckoo clock",
    "actual": "analog"
  },
  "HJh9bXtpMyBNmsmBa6CH4p": {
    "question_id": "HJh9bXtpMyBNmsmBa6CH4p",
    "prediction": "one",
    "actual": "two"
  },
  "HMuwvp694v2XuNGWtSht8h": {
    "question_id": "HMuwvp694v2XuNGWtSht8h",
    "prediction": "two",
    "actual": "nine"
  },
  "HVw3M6ynyrfGd6UNNGLDyS": {
    "question_id": "HVw3M6ynyrfGd6UNNGLDyS",
    "prediction": "pitcher's mound",
    "actual": "home plate"
  },
  "HdyKrZXRwibeYWRs8Qnkhe": {
    "question_id": "HdyKrZXRwibeYWRs8Qnkhe",
    "prediction": "tomato",
    "actual": "ham"
  },
  "HmwKHh89ZFtLUWCExGKoLw": {
    "question_id": "HmwKHh89ZFtLUWCExGKoLw",
    "prediction": "goodbye",
    "actual": "hello"
  },
  "J4WUAZW5eUveUgDRSq3r7y": {
    "question_id": "J4WUAZW5eUveUgDRSq3r7y",
    "prediction": "two",
    "actual": "four"
  },
  "J6Kwvdi26GWFDHeADMXSWW": {
    "question_id": "J6Kwvdi26GWFDHeADMXSWW",
    "prediction": "wind",
    "actual": "helium"
  },
  "JCLA7VcpiUFhSr4WfS22EA": {
    "question_id": "JCLA7VcpiUFhSr4WfS22EA",
    "prediction": "dawn",
    "actual": "daytime"
  },
  "JGXXqdncT4kgE87XSYDEH8": {
    "question_id": "JGXXqdncT4kgE87XSYDEH8",
    "prediction": "restaurant",
    "actual": "house"
  },
  "JJPVhVK8EvZNsddZMETh6v": {
    "question_id": "JJPVhVK8EvZNsddZMETh6v",
    "prediction": "pta days",
    "actual": "weekend"
  },
  "JJmTumn8HhCZdb6sNWftWr": {
    "question_id": "JJmTumn8HhCZdb6sNWftWr",
    "prediction": "red",
    "actual": "green"
  },
  "JK2iuDmUfAfGyyNaUnWZgK": {
    "question_id": "JK2iuDmUfAfGyyNaUnWZgK",
    "prediction": "hubble",
    "actual": "fish eye"
  },
  "JKfRNnyDQBfsZrkokU8uQa": {
    "question_id": "JKfRNnyDQBfsZrkokU8uQa",
    "prediction": "road",
    "actual": "air"
  },
  "JR77UNbyj38mU3p6Ku6Qn8": {
    "question_id": "JR77UNbyj38mU3p6Ku6Qn8",
    "prediction": "tomato",
    "actual": "broccoli"
  },
  "JTUjHvTpxRzo2TtJWiCzUy": {
    "question_id": "JTUjHvTpxRzo2TtJWiCzUy",
    "prediction": "pull sleigh",
    "actual": "herd sheep"
  },
  "JYWg9aVznMs3k9DbgYYj5a": {
    "question_id": "JYWg9aVznMs3k9DbgYYj5a",
    "prediction": "family",
    "actual": "corporation"
  },
  "Jd5ZtcGspbFr8SHETgpt53": {
    "question_id": "Jd5ZtcGspbFr8SHETgpt53",
    "prediction": "rectangular",
    "actual": "round"
  },
  "JrdpzYcvRc7YKAyviTTEWv": {
    "question_id": "JrdpzYcvRc7YKAyviTTEWv",
    "prediction": "jumper",
    "actual": "equestrianism"
  },
  "K4hCLffyy8Lq3xuDXr4Tue": {
    "question_id": "K4hCLffyy8Lq3xuDXr4Tue",
    "prediction": "politician",
    "actual": "sherriff"
  },
  "K7TG3WAZ6ViJaprGP2QFb3": {
    "question_id": "K7TG3WAZ6ViJaprGP2QFb3",
    "prediction": "phone charger",
    "actual": "keys"
  },
  "KA3cQWXpQhyGmzPKC9d7jv": {
    "question_id": "KA3cQWXpQhyGmzPKC9d7jv",
    "prediction": "farming",
    "actual": "playing baseball"
  },
  "KADU4VuTNvJcaxfcuSWg5s": {
    "question_id": "KADU4VuTNvJcaxfcuSWg5s",
    "prediction": "ipad",
    "actual": "ipod"
  },
  "KFfvmbMFji4jPLYSa72ghN": {
    "question_id": "KFfvmbMFji4jPLYSa72ghN",
    "prediction": "minor",
    "actual": "college"
  },
  "KHUiovaE2ZgBkwbt2ADbaN": {
    "question_id": "KHUiovaE2ZgBkwbt2ADbaN",
    "prediction": "contentedness",
    "actual": "sadness"
  },
  "KJfQQQhNGQydZ2gdW6dv9A": {
    "question_id": "KJfQQQhNGQydZ2gdW6dv9A",
    "prediction": "bread",
    "actual": "salami"
  },
  "KMYPv55YgBCMho3xHBu4GM": {
    "question_id": "KMYPv55YgBCMho3xHBu4GM",
    "prediction": "united states",
    "actual": "canada"
  },
  "KUFqsDY7LxQj86DWy5PV33": {
    "question_id": "KUFqsDY7LxQj86DWy5PV33",
    "prediction": "winter",
    "actual": "summer"
  },
  "KVAeyTAfrvN8fst6NXA6MT": {
    "question_id": "KVAeyTAfrvN8fst6NXA6MT",
    "prediction": "cheese",
    "actual": "mushroom"
  },
  "KeFdNUyaJPmnR7xeSiPs2u": {
    "question_id": "KeFdNUyaJPmnR7xeSiPs2u",
    "prediction": "produce",
    "actual": "drinks"
  },
  "Kg2epvxdD43djHjdN3HBEw": {
    "question_id": "Kg2epvxdD43djHjdN3HBEw",
    "prediction": "junkyard",
    "actual": "market"
  },
  "KgfkfPqD2aDFJjnZh69oyM": {
    "question_id": "KgfkfPqD2aDFJjnZh69oyM",
    "prediction": "feet",
    "actual": "tail"
  },
  "KqEeneEUHVnoFj9nRYLS3u": {
    "question_id": "KqEeneEUHVnoFj9nRYLS3u",
    "prediction": "brown",
    "actual": "white"
  },
  "KqHt4U8oRbES85WARzxU3R": {
    "question_id": "KqHt4U8oRbES85WARzxU3R",
    "prediction": "asia",
    "actual": "africa"
  },
  "KwuvnUibgJ9zWpif3UzUtJ": {
    "question_id": "KwuvnUibgJ9zWpif3UzUtJ",
    "prediction": "table",
    "actual": "ground"
  },
  "LFz5f9J9ZvERUNtuXm7UJg": {
    "question_id": "LFz5f9J9ZvERUNtuXm7UJg",
    "prediction": "security",
    "actual": "visibility"
  },
  "LGdv7ZFDA5bxdGaYw5XSLZ": {
    "question_id": "LGdv7ZFDA5bxdGaYw5XSLZ",
    "prediction": "sight",
    "actual": "camouflage"
  },
  "LHVciAWegjMeYHxTjEpTPc": {
    "question_id": "LHVciAWegjMeYHxTjEpTPc",
    "prediction": "park",
    "actual": "beach"
  },
  "LHeFhpiVsUvAjwDNWJQPfZ": {
    "question_id": "LHeFhpiVsUvAjwDNWJQPfZ",
    "prediction": "red",
    "actual": "white"
  },
  "LNUVUyUrSmACQeFCKtKq6U": {
    "question_id": "LNUVUyUrSmACQeFCKtKq6U",
    "prediction": "dust",
    "actual": "wax"
  },
  "LYvkz5jUWHpZYkZ8VhxESf": {
    "question_id": "LYvkz5jUWHpZYkZ8VhxESf",
    "prediction": "to shop",
    "actual": "to rest"
  },
  "LaVtN4tgwqXPxzoGfKPQjg": {
    "question_id": "LaVtN4tgwqXPxzoGfKPQjg",
    "prediction": "carrot",
    "actual": "peapod"
  },
  "LqCNzoPHep3XKouS3eUAk6": {
    "question_id": "LqCNzoPHep3XKouS3eUAk6",
    "prediction": "mirror",
    "actual": "window"
  },
  "LqQSkRfPRjbWBwDicmVt5h": {
    "question_id": "LqQSkRfPRjbWBwDicmVt5h",
    "prediction": "emergency",
    "actual": "clean"
  },
  "LygyAJXhmSDTBfc6cAtztt": {
    "question_id": "LygyAJXhmSDTBfc6cAtztt",
    "prediction": "bicycle",
    "actual": "motorcycle"
  },
  "M3UwocoRkLnvoEsrqhUrRZ": {
    "question_id": "M3UwocoRkLnvoEsrqhUrRZ",
    "prediction": "motorbike",
    "actual": "cart"
  },
  "M7GYpdBrUzhDxznbhPebAi": {
    "question_id": "M7GYpdBrUzhDxznbhPebAi",
    "prediction": "red ale",
    "actual": "red stripe"
  },
  "MAPPrc68FM8HwQsJHE6W2q": {
    "question_id": "MAPPrc68FM8HwQsJHE6W2q",
    "prediction": "great",
    "actual": "race"
  },
  "MLS7svNqmdHua7qB2dvKuq": {
    "question_id": "MLS7svNqmdHua7qB2dvKuq",
    "prediction": "ryder cup",
    "actual": "wimbledon"
  },
  "MMgmqJzM4kBYppdQX5f3gL": {
    "question_id": "MMgmqJzM4kBYppdQX5f3gL",
    "prediction": "united states",
    "actual": "england"
  },
  "MWDJi7QGHxkNj2dWNnzE6S": {
    "question_id": "MWDJi7QGHxkNj2dWNnzE6S",
    "prediction": "one",
    "actual": "was"
  },
  "MXNuoDzTufsnkH3TEQS9P3": {
    "question_id": "MXNuoDzTufsnkH3TEQS9P3",
    "prediction": "protection",
    "actual": "warmth"
  },
  "MYWA3eAGfavXR4ehMz22fV": {
    "question_id": "MYWA3eAGfavXR4ehMz22fV",
    "prediction": "for cosplay",
    "actual": "to race"
  },
  "MdawSWWcrGZdyq4yMLZRMN": {
    "question_id": "MdawSWWcrGZdyq4yMLZRMN",
    "prediction": "campus",
    "actual": "sidewalk"
  },
  "MdpQEymVqNWnxqPPxPXxvs": {
    "question_id": "MdpQEymVqNWnxqPPxPXxvs",
    "prediction": "c",
    "actual": "j"
  },
  "MgGUyCE42FnnjzSi8wqRBt": {
    "question_id": "MgGUyCE42FnnjzSi8wqRBt",
    "prediction": "11",
    "actual": "21"
  },
  "MiavLRSwBYJp9ooFkFHjv6": {
    "question_id": "MiavLRSwBYJp9ooFkFHjv6",
    "prediction": "kids",
    "actual": "vegetarians"
  },
  "MrMKrCttovt9tvMyUYZytj": {
    "question_id": "MrMKrCttovt9tvMyUYZytj",
    "prediction": "food",
    "actual": "travel"
  },
  "MuwkW3j4kYfEZXwWuicLjv": {
    "question_id": "MuwkW3j4kYfEZXwWuicLjv",
    "prediction": "toppings",
    "actual": "crust"
  },
  "MvjdGpXqcdaADbsGwjo2Bm": {
    "question_id": "MvjdGpXqcdaADbsGwjo2Bm",
    "prediction": "snow",
    "actual": "ski poles"
  },
  "N7m8txH8f6upMQuW8Ek8p8": {
    "question_id": "N7m8txH8f6upMQuW8Ek8p8",
    "prediction": "cowboy boots",
    "actual": "hats"
  },
  "NFhBeZhrxD3NQADiCfwi92": {
    "question_id": "NFhBeZhrxD3NQADiCfwi92",
    "prediction": "big red",
    "actual": "sprite"
  },
  "NaxFfMbXiDnFeK2TDQpBpL": {
    "question_id": "NaxFfMbXiDnFeK2TDQpBpL",
    "prediction": "commercial",
    "actual": "educational"
  },
  "NkV76CMuvfSYK7MyjLeTKV": {
    "question_id": "NkV76CMuvfSYK7MyjLeTKV",
    "prediction": "compete",
    "actual": "flip"
  },
  "NtLrgnLvk747vSc3scsUHn": {
    "question_id": "NtLrgnLvk747vSc3scsUHn",
    "prediction": "jockey",
    "actual": "knight"
  },
  "NvwixocPuSU8e4uyGqdY9X": {
    "question_id": "NvwixocPuSU8e4uyGqdY9X",
    "prediction": "vestibule",
    "actual": "bathroom"
  },
  "NxB3LACrQbQmimYNePAYyK": {
    "question_id": "NxB3LACrQbQmimYNePAYyK",
    "prediction": "eat",
    "actual": "relax"
  },
  "NzFEWXcTYWqgrRXUnqVK6h": {
    "question_id": "NzFEWXcTYWqgrRXUnqVK6h",
    "prediction": "looks",
    "actual": "gift"
  },
  "P4cavrtzjFu5Ur3DCjn6YK": {
    "question_id": "P4cavrtzjFu5Ur3DCjn6YK",
    "prediction": "mill grain",
    "actual": "sightseeing rides"
  },
  "P6oCrLWLEpt8yyJ6x9AbAd": {
    "question_id": "P6oCrLWLEpt8yyJ6x9AbAd",
    "prediction": "vienna",
    "actual": "cologne germany"
  },
  "P8dF9URdgyA2NX7Na7Cc2K": {
    "question_id": "P8dF9URdgyA2NX7Na7Cc2K",
    "prediction": "bowl",
    "actual": "coffee maker"
  },
  "PB2RjD5RMSqbGxT9c2cAwU": {
    "question_id": "PB2RjD5RMSqbGxT9c2cAwU",
    "prediction": "cargo",
    "actual": "mail"
  },
  "PBPtqNj8ChAWcqKW5qxQvR": {
    "question_id": "PBPtqNj8ChAWcqKW5qxQvR",
    "prediction": "triangle",
    "actual": "sphere"
  },
  "PCGypGVa3Wc6gUBSHQVWmR": {
    "question_id": "PCGypGVa3Wc6gUBSHQVWmR",
    "prediction": "1379",
    "actual": "1369"
  },
  "PPFTmUK9jTLmCYzJ8UK7Bf": {
    "question_id": "PPFTmUK9jTLmCYzJ8UK7Bf",
    "prediction": "house",
    "actual": "museum"
  },
  "PPGK4QYUUdYhLhBKKfPCp3": {
    "question_id": "PPGK4QYUUdYhLhBKKfPCp3",
    "prediction": "carving",
    "actual": "pottery"
  },
  "PR3YdLbDHdwHNJENygZqBa": {
    "question_id": "PR3YdLbDHdwHNJENygZqBa",
    "prediction": "cold",
    "actual": "warm"
  },
  "PSBwpAo47YDwimGuqy75Pm": {
    "question_id": "PSBwpAo47YDwimGuqy75Pm",
    "prediction": "12",
    "actual": "four"
  },
  "PSyBiDyNfASh3NPty6sGVq": {
    "question_id": "PSyBiDyNfASh3NPty6sGVq",
    "prediction": "praying",
    "actual": "getting married"
  },
  "PZuvxsHTeR4DzXQN7DQR59": {
    "question_id": "PZuvxsHTeR4DzXQN7DQR59",
    "prediction": "sun shield",
    "actual": "bug shield"
  },
  "Pgr2EjnVJiyNjUnPs2qgkg": {
    "question_id": "Pgr2EjnVJiyNjUnPs2qgkg",
    "prediction": "warmth",
    "actual": "curiosity"
  },
  "PhDYZ98CbMyiiLytoTmBh6": {
    "question_id": "PhDYZ98CbMyiiLytoTmBh6",
    "prediction": "cool",
    "actual": "heat"
  },
  "PmWMsFgyX6apXWit2Z87aj": {
    "question_id": "PmWMsFgyX6apXWit2Z87aj",
    "prediction": "newspaper",
    "actual": "magazine"
  },
  "PrbWUDZrELd3nWMbQ72MSD": {
    "question_id": "PrbWUDZrELd3nWMbQ72MSD",
    "prediction": "racquetball",
    "actual": "badminton"
  },
  "Px66AnBiMseHFPF94hYP93": {
    "question_id": "Px66AnBiMseHFPF94hYP93",
    "prediction": "ryu",
    "actual": "dhalsim"
  },
  "Q6BuYZYZySn9YZXf8iBwXD": {
    "question_id": "Q6BuYZYZySn9YZXf8iBwXD",
    "prediction": "one",
    "actual": "two"
  },
  "Q8qrsK2VxVXdM3LRKyhi5U": {
    "question_id": "Q8qrsK2VxVXdM3LRKyhi5U",
    "prediction": "father",
    "actual": "coach"
  },
  "QKSFmfG3S2PeXAuucEHUam": {
    "question_id": "QKSFmfG3S2PeXAuucEHUam",
    "prediction": "osaka",
    "actual": "tokyo"
  },
  "QWLm7RxL6afwhBVm2WiMV7": {
    "question_id": "QWLm7RxL6afwhBVm2WiMV7",
    "prediction": "backpack",
    "actual": "gloves"
  },
  "QWSFPjnNokcHAt3aUzZCTT": {
    "question_id": "QWSFPjnNokcHAt3aUzZCTT",
    "prediction": "same parking",
    "actual": "same uniform"
  },
  "QXpLwCmcjZXSBHQULTdAXu": {
    "question_id": "QXpLwCmcjZXSBHQULTdAXu",
    "prediction": "candles",
    "actual": "icing"
  },
  "QaL6hj3FGdpRMLEAiN6aFY": {
    "question_id": "QaL6hj3FGdpRMLEAiN6aFY",
    "prediction": "showing off",
    "actual": "repelling rain"
  },
  "QaNQeaARotkH69bbZmrpuA": {
    "question_id": "QaNQeaARotkH69bbZmrpuA",
    "prediction": "bamboo",
    "actual": "glass"
  },
  "QgbaJEnafjdsdWx5ReQAPn": {
    "question_id": "QgbaJEnafjdsdWx5ReQAPn",
    "prediction": "electricity",
    "actual": "magnetic force"
  },
  "Qpu4P46aupMV73vp2wmEGk": {
    "question_id": "Qpu4P46aupMV73vp2wmEGk",
    "prediction": "barber",
    "actual": "bar"
  },
  "Qs2pN4dnREpNWB3Faxrwfy": {
    "question_id": "Qs2pN4dnREpNWB3Faxrwfy",
    "prediction": "projection",
    "actual": "two way"
  },
  "QsW8sBQzRc4Zsxds7WwTJ7": {
    "question_id": "QsW8sBQzRc4Zsxds7WwTJ7",
    "prediction": "stadium",
    "actual": "backyard"
  },
  "Qv49BJttrdU8moobFFSe58": {
    "question_id": "Qv49BJttrdU8moobFFSe58",
    "prediction": "path",
    "actual": "poles"
  },
  "R6NkFiXvj9TEor6T66JJmM": {
    "question_id": "R6NkFiXvj9TEor6T66JJmM",
    "prediction": "mother/daughter",
    "actual": "sisters"
  },
  "R9V95LVNMqbNuxcHhqktUJ": {
    "question_id": "R9V95LVNMqbNuxcHhqktUJ",
    "prediction": "checkers",
    "actual": "chess"
  },
  "RBwzjVcACZNAqMHpPZbv4i": {
    "question_id": "RBwzjVcACZNAqMHpPZbv4i",
    "prediction": "hold knives",
    "actual": "drainage"
  },
  "RFLRY32jbKYv8NBsmVtX7x": {
    "question_id": "RFLRY32jbKYv8NBsmVtX7x",
    "prediction": "heat",
    "actual": "water"
  },
  "RHuE3kjsrxziVFTSuHGQTD": {
    "question_id": "RHuE3kjsrxziVFTSuHGQTD",
    "prediction": "bear",
    "actual": "horse"
  },
  "ReDe96f2774vpupY23aBCH": {
    "question_id": "ReDe96f2774vpupY23aBCH",
    "prediction": "tiger woods",
    "actual": "pete rose"
  },
  "Rpy3Dcuk4GLi5NsNq5Xzgt": {
    "question_id": "Rpy3Dcuk4GLi5NsNq5Xzgt",
    "prediction": "period",
    "actual": "exclamation"
  },
  "RsfWYWW4vEUkb5XCQHUKTX": {
    "question_id": "RsfWYWW4vEUkb5XCQHUKTX",
    "prediction": "grass",
    "actual": "dock"
  },
  "Rsx7xekwpsg4ZCDwoMoePn": {
    "question_id": "Rsx7xekwpsg4ZCDwoMoePn",
    "prediction": "jessica stroup",
    "actual": "kimberly elise"
  },
  "RwYJaSgNVemMYsSkVVKnxu": {
    "question_id": "RwYJaSgNVemMYsSkVVKnxu",
    "prediction": "cherry",
    "actual": "red velvet"
  },
  "S2UN3nzSfNpeyBMH2GUyCk": {
    "question_id": "S2UN3nzSfNpeyBMH2GUyCk",
    "prediction": "restaurant",
    "actual": "plane"
  },
  "S5T6eMemksb6hVpMnB8hYf": {
    "question_id": "S5T6eMemksb6hVpMnB8hYf",
    "prediction": "park",
    "actual": "school"
  },
  "SGt3LAcTjvTtjzjBAtJsCd": {
    "question_id": "SGt3LAcTjvTtjzjBAtJsCd",
    "prediction": "upper-left",
    "actual": "bottom-right"
  },
  "Sd9FAqZwhabNaWzRUftozo": {
    "question_id": "Sd9FAqZwhabNaWzRUftozo",
    "prediction": "eat cake",
    "actual": "love us"
  },
  "Se8YypiBrjwXhwCmjyDjtK": {
    "question_id": "Se8YypiBrjwXhwCmjyDjtK",
    "prediction": "zebra",
    "actual": "flamingo"
  },
  "SgqV4mnErEwU75PNQtwqpo": {
    "question_id": "SgqV4mnErEwU75PNQtwqpo",
    "prediction": "people",
    "actual": "buildings"
  },
  "SmTPg7HCekgNrHgwnvvYFm": {
    "question_id": "SmTPg7HCekgNrHgwnvvYFm",
    "prediction": "three",
    "actual": "eight"
  },
  "SoTQafEnfUD2Y8PJj7uSH5": {
    "question_id": "SoTQafEnfUD2Y8PJj7uSH5",
    "prediction": "microwave",
    "actual": "tv"
  },
  "SsQakUmPuH7a7w6tvHfNjc": {
    "question_id": "SsQakUmPuH7a7w6tvHfNjc",
    "prediction": "island",
    "actual": "table"
  },
  "Su4RjX7NpuDbXwjPMBxq9g": {
    "question_id": "Su4RjX7NpuDbXwjPMBxq9g",
    "prediction": "taxis",
    "actual": "buses"
  },
  "SvWosPQqsqcUBDy2Jzg4hr": {
    "question_id": "SvWosPQqsqcUBDy2Jzg4hr",
    "prediction": "repel rain",
    "actual": "for shade"
  },
  "Svs8fentMLQ8L3ApAisjeQ": {
    "question_id": "Svs8fentMLQ8L3ApAisjeQ",
    "prediction": "vegetable",
    "actual": "meat"
  },
  "SwkgX6iwJ3do4mFyGFad4H": {
    "question_id": "SwkgX6iwJ3do4mFyGFad4H",
    "prediction": "wisk",
    "actual": "spatula"
  },
  "T4VcxwB778ZJZ8ggDRcct6": {
    "question_id": "T4VcxwB778ZJZ8ggDRcct6",
    "prediction": "boat",
    "actual": "clouds"
  },
  "TAKCfAy3yDzuEtuq994hdn": {
    "question_id": "TAKCfAy3yDzuEtuq994hdn",
    "prediction": "bride",
    "actual": "groom"
  },
  "TU3Jt6U4vLxsHp26fpMWW8": {
    "question_id": "TU3Jt6U4vLxsHp26fpMWW8",
    "prediction": "billboard",
    "actual": "charcuterie"
  },
  "TWyAuHgJjHojJL8osH3VPw": {
    "question_id": "TWyAuHgJjHojJL8osH3VPw",
    "prediction": "display only",
    "actual": "sold"
  },
  "Tbna5Srgt6Jbg8hgADabX7": {
    "question_id": "Tbna5Srgt6Jbg8hgADabX7",
    "prediction": "yellow",
    "actual": "white"
  },
  "TgSTm8wMoywwfop8P7MVSd": {
    "question_id": "TgSTm8wMoywwfop8P7MVSd",
    "prediction": "winter",
    "actual": "dry"
  },
  "TgnxoGn2URnSnsnWhniwQ9": {
    "question_id": "TgnxoGn2URnSnsnWhniwQ9",
    "prediction": "newts",
    "actual": "dogs"
  },
  "TifwtbdMUHyamphGv5h8ke": {
    "question_id": "TifwtbdMUHyamphGv5h8ke",
    "prediction": "burlington",
    "actual": "north bergen"
  },
  "TorF8s9TxEizB8N2ETkwc7": {
    "question_id": "TorF8s9TxEizB8N2ETkwc7",
    "prediction": "spectating",
    "actual": "boarding"
  },
  "TsqMjNDdEXguXzN7puUbW5": {
    "question_id": "TsqMjNDdEXguXzN7puUbW5",
    "prediction": "wood",
    "actual": "plastic"
  },
  "U5Z3AUf3R9VcDqTFDLGt2c": {
    "question_id": "U5Z3AUf3R9VcDqTFDLGt2c",
    "prediction": "africa",
    "actual": "asia"
  },
  "UCbMvJEQ5bXNnFJMtybA48": {
    "question_id": "UCbMvJEQ5bXNnFJMtybA48",
    "prediction": "music",
    "actual": "computer"
  },
  "UDeVUh2hQdtougjwZfSviW": {
    "question_id": "UDeVUh2hQdtougjwZfSviW",
    "prediction": "130",
    "actual": "1220"
  },
  "UQENBDxmJ3GjGcukhY4Pz6": {
    "question_id": "UQENBDxmJ3GjGcukhY4Pz6",
    "prediction": "dog",
    "actual": "cat"
  },
  "UUjWA8SQGxcai53mEXndiA": {
    "question_id": "UUjWA8SQGxcai53mEXndiA",
    "prediction": "churning stomachs",
    "actual": "churning water"
  },
  "UVVFCjjDrqyaKa34tF54pS": {
    "question_id": "UVVFCjjDrqyaKa34tF54pS",
    "prediction": "living room",
    "actual": "entryway"
  },
  "UYMVq2rDCFNVv8gsP6dhdH": {
    "question_id": "UYMVq2rDCFNVv8gsP6dhdH",
    "prediction": "one",
    "actual": "two"
  },
  "UYqcgLGSbQXzeDLUj6rZej": {
    "question_id": "UYqcgLGSbQXzeDLUj6rZej",
    "prediction": "bone",
    "actual": "tusk"
  },
  "UcdDMTu4br8uyQPYPQxgo6": {
    "question_id": "UcdDMTu4br8uyQPYPQxgo6",
    "prediction": "north africa",
    "actual": "east asia"
  },
  "UdzPZ8vzkJg3Bp2pMQP5f2": {
    "question_id": "UdzPZ8vzkJg3Bp2pMQP5f2",
    "prediction": "cat",
    "actual": "goose"
  },
  "UkRTVsdAmDo7qV28T2qKzs": {
    "question_id": "UkRTVsdAmDo7qV28T2qKzs",
    "prediction": "camping",
    "actual": "touring band"
  },
  "UpTNoSajrD27GvfoAdVnsC": {
    "question_id": "UpTNoSajrD27GvfoAdVnsC",
    "prediction": "two",
    "actual": "four"
  },
  "UrWnWqFNL2XNxWBvkt3nLp": {
    "question_id": "UrWnWqFNL2XNxWBvkt3nLp",
    "prediction": "goal",
    "actual": "ax"
  },
  "UuYwpccc3LhURGU3XWuW7i": {
    "question_id": "UuYwpccc3LhURGU3XWuW7i",
    "prediction": "bedroom",
    "actual": "doorway"
  },
  "Uv8wsVRaJmguTknDUJBCXS": {
    "question_id": "Uv8wsVRaJmguTknDUJBCXS",
    "prediction": "georgian hawks",
    "actual": "canadian geese"
  },
  "VDb8JjxzQRA5pssoPHup4M": {
    "question_id": "VDb8JjxzQRA5pssoPHup4M",
    "prediction": "sad",
    "actual": "fun"
  },
  "VEYdFufFnzaDwFg4HBBcYY": {
    "question_id": "VEYdFufFnzaDwFg4HBBcYY",
    "prediction": "sitting",
    "actual": "standing"
  },
  "VF8AXcb7aXEHcTu4ZWtQf6": {
    "question_id": "VF8AXcb7aXEHcTu4ZWtQf6",
    "prediction": "home",
    "actual": "restaurant"
  },
  "VJ43YwLMKZXTSbGAg9waNa": {
    "question_id": "VJ43YwLMKZXTSbGAg9waNa",
    "prediction": "champagne",
    "actual": "water"
  },
  "VK6PNbyq9nq3XXBfdyE6P8": {
    "question_id": "VK6PNbyq9nq3XXBfdyE6P8",
    "prediction": "banner",
    "actual": "flag"
  },
  "VKDkZzDN4KTFxGbh2KrgSf": {
    "question_id": "VKDkZzDN4KTFxGbh2KrgSf",
    "prediction": "vietnam",
    "actual": "china"
  },
  "VPtWDzT5r9wYAo4xWxHy97": {
    "question_id": "VPtWDzT5r9wYAo4xWxHy97",
    "prediction": "goofy",
    "actual": "donald duck"
  },
  "VWfKcAKJSwowZ7bGBCTpc6": {
    "question_id": "VWfKcAKJSwowZ7bGBCTpc6",
    "prediction": "nobody",
    "actual": "elderly man"
  },
  "VZPbBERyU2LCkuew7SrWaw": {
    "question_id": "VZPbBERyU2LCkuew7SrWaw",
    "prediction": "15 years",
    "actual": "20-30 years"
  },
  "Va5KLsXWHujm6DtfGdHssS": {
    "question_id": "Va5KLsXWHujm6DtfGdHssS",
    "prediction": "morning",
    "actual": "afternoon"
  },
  "Vaycw3C7ENGUZ9YnzCz5TU": {
    "question_id": "Vaycw3C7ENGUZ9YnzCz5TU",
    "prediction": "icing",
    "actual": "water"
  },
  "VeQ4KEc2qHLZTXoPaHX4sy": {
    "question_id": "VeQ4KEc2qHLZTXoPaHX4sy",
    "prediction": "snow shoveling",
    "actual": "ski racing"
  },
  "VgxPdtgxpLKqHGCvaCyHcC": {
    "question_id": "VgxPdtgxpLKqHGCvaCyHcC",
    "prediction": "park",
    "actual": "overpass"
  },
  "VohghyPSQCmFdnNQD2FntC": {
    "question_id": "VohghyPSQCmFdnNQD2FntC",
    "prediction": "road",
    "actual": "track"
  },
  "VsmuTZR6c3jEmk2x73KvRf": {
    "question_id": "VsmuTZR6c3jEmk2x73KvRf",
    "prediction": "handball",
    "actual": "cricket"
  },
  "W45wAtdznJWCkxES23Ymmb": {
    "question_id": "W45wAtdznJWCkxES23Ymmb",
    "prediction": "sugar",
    "actual": "hot sauce"
  },
  "W7NENqwhQdUFDHrkxS2Ch6": {
    "question_id": "W7NENqwhQdUFDHrkxS2Ch6",
    "prediction": "rain",
    "actual": "glass"
  },
  "W9SuEnjPaJ2SReannrgG2Y": {
    "question_id": "W9SuEnjPaJ2SReannrgG2Y",
    "prediction": "pulling passengers",
    "actual": "plowing fields"
  },
  "WLG7VBozfPSsZPwKjaUXYy": {
    "question_id": "WLG7VBozfPSsZPwKjaUXYy",
    "prediction": "sikhism",
    "actual": "islam"
  },
  "WTHtfRH2Df4wkMEyR93oQy": {
    "question_id": "WTHtfRH2Df4wkMEyR93oQy",
    "prediction": "africa",
    "actual": "europe"
  },
  "WZt7xFyvPGqx93xZmhCFb7": {
    "question_id": "WZt7xFyvPGqx93xZmhCFb7",
    "prediction": "police",
    "actual": "green"
  },
  "WapXzWUgE3zgx5n3fVGUjS": {
    "question_id": "WapXzWUgE3zgx5n3fVGUjS",
    "prediction": "scissors",
    "actual": "hole punch"
  },
  "WhPka9j3UV3XKdiqHbupMJ": {
    "question_id": "WhPka9j3UV3XKdiqHbupMJ",
    "prediction": "left elephant",
    "actual": "long-haired person"
  },
  "WiVE6Ym7B7ZgEZQjBUsA5N": {
    "question_id": "WiVE6Ym7B7ZgEZQjBUsA5N",
    "prediction": "batting cage",
    "actual": "batting tee"
  },
  "WojdRVndpCBeqpSk3roFjk": {
    "question_id": "WojdRVndpCBeqpSk3roFjk",
    "prediction": "fluorescent",
    "actual": "compact fluorescent"
  },
  "XAvbeZ5Rqjf9hb6eDnVNhQ": {
    "question_id": "XAvbeZ5Rqjf9hb6eDnVNhQ",
    "prediction": "winter",
    "actual": "fall"
  },
  "XC7LFjtKGWBQRW2FZrXJSn": {
    "question_id": "XC7LFjtKGWBQRW2FZrXJSn",
    "prediction": "juice",
    "actual": "soda"
  },
  "XJXTjtpd7XoK9uTnTUkHSW": {
    "question_id": "XJXTjtpd7XoK9uTnTUkHSW",
    "prediction": "25",
    "actual": "30"
  },
  "XMnwGhrkndZXRyKaXNYkAv": {
    "question_id": "XMnwGhrkndZXRyKaXNYkAv",
    "prediction": "geico",
    "actual": "usps"
  },
  "XZFLgzvvF4CfTaEbBLCkDV": {
    "question_id": "XZFLgzvvF4CfTaEbBLCkDV",
    "prediction": "july",
    "actual": "june"
  },
  "XfKzDoDZwVcQqTPF6xzjbs": {
    "question_id": "XfKzDoDZwVcQqTPF6xzjbs",
    "prediction": "parking",
    "actual": "speeding"
  },
  "XkEu3gmYW23qTivgmHP3fN": {
    "question_id": "XkEu3gmYW23qTivgmHP3fN",
    "prediction": "stop",
    "actual": "go"
  },
  "XsmK9BGTpRCeMYeF7Lq43Q": {
    "question_id": "XsmK9BGTpRCeMYeF7Lq43Q",
    "prediction": "kickflip",
    "actual": "rail grind"
  },
  "Xw5HiN4AhQ2Nniw8ZD6LYB": {
    "question_id": "Xw5HiN4AhQ2Nniw8ZD6LYB",
    "prediction": "tilapia",
    "actual": "clown fish"
  },
  "YGzsjNW5NAbf7tFQeufc4e": {
    "question_id": "YGzsjNW5NAbf7tFQeufc4e",
    "prediction": "eyes",
    "actual": "tusks"
  },
  "YQ3iE6vHkcuYRWwn3fFd8N": {
    "question_id": "YQ3iE6vHkcuYRWwn3fFd8N",
    "prediction": "suit",
    "actual": "bow tie"
  },
  "YjzdYbFMe3DLJstKyxejEm": {
    "question_id": "YjzdYbFMe3DLJstKyxejEm",
    "prediction": "drink",
    "actual": "lighter"
  },
  "YkoPwAEMfgMqGRxLyzEXpz": {
    "question_id": "YkoPwAEMfgMqGRxLyzEXpz",
    "prediction": "dinner",
    "actual": "breakfast"
  },
  "YofsNmbN6XCqNdfHTBmzNq": {
    "question_id": "YofsNmbN6XCqNdfHTBmzNq",
    "prediction": "wood",
    "actual": "acrylic"
  },
  "ZBZcWNW8gabo3RcNZu7Awj": {
    "question_id": "ZBZcWNW8gabo3RcNZu7Awj",
    "prediction": "making dinner",
    "actual": "selling pizzas"
  },
  "ZBgPFjmtW5mTt7Njdwv6oV": {
    "question_id": "ZBgPFjmtW5mTt7Njdwv6oV",
    "prediction": "person",
    "actual": "screensaver"
  },
  "ZCGhDHZtMcwGAY36U6XwQL": {
    "question_id": "ZCGhDHZtMcwGAY36U6XwQL",
    "prediction": "black color",
    "actual": "white car"
  },
  "ZVHGXacRAzycGJbvaZL6WW": {
    "question_id": "ZVHGXacRAzycGJbvaZL6WW",
    "prediction": "river",
    "actual": "lake"
  },
  "ZVihanJCkC9cEENhpyucEn": {
    "question_id": "ZVihanJCkC9cEENhpyucEn",
    "prediction": "solar eclipse",
    "actual": "weather"
  },
  "ZWw8aaWWifdcZdMU7Pmgcg": {
    "question_id": "ZWw8aaWWifdcZdMU7Pmgcg",
    "prediction": "twelve",
    "actual": "seventeen"
  },
  "ZXpemwU9BnGkBEdj8f6tqD": {
    "question_id": "ZXpemwU9BnGkBEdj8f6tqD",
    "prediction": "ski lift",
    "actual": "ski down"
  },
  "ZYdDiWXC3SqAFxW7ANe8Tk": {
    "question_id": "ZYdDiWXC3SqAFxW7ANe8Tk",
    "prediction": "swan",
    "actual": "albatross"
  },
  "ZdLaJyLJrM3UyQfks4vPz4": {
    "question_id": "ZdLaJyLJrM3UyQfks4vPz4",
    "prediction": "car dealership",
    "actual": "convenience store"
  },
  "ZfTC6zzHXSMikD2CDbSrJn": {
    "question_id": "ZfTC6zzHXSMikD2CDbSrJn",
    "prediction": "argyle",
    "actual": "plaid"
  },
  "ZjapTLh575MHGLJLdT5wkE": {
    "question_id": "ZjapTLh575MHGLJLdT5wkE",
    "prediction": "exercising",
    "actual": "smoking"
  },
  "ZthUeysacKx2CVGPpNKxe4": {
    "question_id": "ZthUeysacKx2CVGPpNKxe4",
    "prediction": "accordion skirt",
    "actual": "sarong"
  },
  "a2NwsGL4TDKVjb89XHSn5i": {
    "question_id": "a2NwsGL4TDKVjb89XHSn5i",
    "prediction": "chess",
    "actual": "draughts"
  },
  "a8KA5MV9JnCTqyHCeKCfEW": {
    "question_id": "a8KA5MV9JnCTqyHCeKCfEW",
    "prediction": "grass",
    "actual": "sky"
  },
  "aFoRsjc727Fzy7QCG3DEsP": {
    "question_id": "aFoRsjc727Fzy7QCG3DEsP",
    "prediction": "united states",
    "actual": "malaysia"
  },
  "aJHeEgCPQ2LCEwtsZWbd9Q": {
    "question_id": "aJHeEgCPQ2LCEwtsZWbd9Q",
    "prediction": "video",
    "actual": "crane"
  },
  "aUgAiwcNTDksCTSB4zLqLx": {
    "question_id": "aUgAiwcNTDksCTSB4zLqLx",
    "prediction": "religious",
    "actual": "costume"
  },
  "aWbDSeQbZjRdUSg42vfGyi": {
    "question_id": "aWbDSeQbZjRdUSg42vfGyi",
    "prediction": "robert redford",
    "actual": "paul newman"
  },
  "aX3pLQW2CigHrJVVMETaey": {
    "question_id": "aX3pLQW2CigHrJVVMETaey",
    "prediction": "60",
    "actual": "30"
  },
  "aXA73vtTRAUJ79PHaVuhF8": {
    "question_id": "aXA73vtTRAUJ79PHaVuhF8",
    "prediction": "wood",
    "actual": "cake"
  },
  "acLP6cnPoWn8iZ9aD6F8ZL": {
    "question_id": "acLP6cnPoWn8iZ9aD6F8ZL",
    "prediction": "towel",
    "actual": "plate"
  },
  "adCKLgHUzBBhEmMyf8s8tW": {
    "question_id": "adCKLgHUzBBhEmMyf8s8tW",
    "prediction": "vegetable",
    "actual": "fruit"
  },
  "adJ3Kj52nGJVwytjWDJjCA": {
    "question_id": "adJ3Kj52nGJVwytjWDJjCA",
    "prediction": "balance",
    "actual": "reach"
  },
  "akDNCt5XCGvjw33C3ong5d": {
    "question_id": "akDNCt5XCGvjw33C3ong5d",
    "prediction": "breakfast",
    "actual": "dinner"
  },
  "aoF64JjYJnKQaPaTyshZh9": {
    "question_id": "aoF64JjYJnKQaPaTyshZh9",
    "prediction": "potato",
    "actual": "apple"
  },
  "aoGyPaA6ZWkaQSZYXwdyEw": {
    "question_id": "aoGyPaA6ZWkaQSZYXwdyEw",
    "prediction": "corvette",
    "actual": "mustang"
  },
  "awiLcr766TJkZENT7kBLBR": {
    "question_id": "awiLcr766TJkZENT7kBLBR",
    "prediction": "strike",
    "actual": "nothing"
  },
  "axQQHVN8GNWTHu4B4fzqaF": {
    "question_id": "axQQHVN8GNWTHu4B4fzqaF",
    "prediction": "sitting",
    "actual": "squatting"
  },
  "b57dJ74KfRbDSDzkD8bSWJ": {
    "question_id": "b57dJ74KfRbDSDzkD8bSWJ",
    "prediction": "united states",
    "actual": "england"
  },
  "b5XoCkzFXxELg4R5SP4uEf": {
    "question_id": "b5XoCkzFXxELg4R5SP4uEf",
    "prediction": "hula hoops",
    "actual": "ring toss"
  },
  "b6tZAg7f28UHbins7nWcpo": {
    "question_id": "b6tZAg7f28UHbins7nWcpo",
    "prediction": "steamed",
    "actual": "roasted"
  },
  "bDXLr8CDvR6oDCL2xMHV3v": {
    "question_id": "bDXLr8CDvR6oDCL2xMHV3v",
    "prediction": "deep dish",
    "actual": "margherita"
  },
  "bTGQFiRVpf3sA2KURQcTQU": {
    "question_id": "bTGQFiRVpf3sA2KURQcTQU",
    "prediction": "boat",
    "actual": "train"
  },
  "bTkroMPt2NzXSUFCPZS823": {
    "question_id": "bTkroMPt2NzXSUFCPZS823",
    "prediction": "landing",
    "actual": "passenger loading"
  },
  "bWUR6AzW6CejWi3EG2PZfT": {
    "question_id": "bWUR6AzW6CejWi3EG2PZfT",
    "prediction": "sausage",
    "actual": "beer"
  },
  "bZont5aBGPxG5hEGcRHk4r": {
    "question_id": "bZont5aBGPxG5hEGcRHk4r",
    "prediction": "tokyo",
    "actual": "egypt"
  },
  "bcXERNeXxn8CmkodKezv7X": {
    "question_id": "bcXERNeXxn8CmkodKezv7X",
    "prediction": "digital signs",
    "actual": "advertisement"
  },
  "bf6qUEbh434BJZ3d4MWsU9": {
    "question_id": "bf6qUEbh434BJZ3d4MWsU9",
    "prediction": "chevy",
    "actual": "toyota"
  },
  "bfr2EuyWxuSqeL23qocAe4": {
    "question_id": "bfr2EuyWxuSqeL23qocAe4",
    "prediction": "cement",
    "actual": "wood"
  },
  "bgFM5EQ66AGQWorBoJzymJ": {
    "question_id": "bgFM5EQ66AGQWorBoJzymJ",
    "prediction": "two",
    "actual": "three"
  },
  "bkDub4yWQqeZVboUxpBCAd": {
    "question_id": "bkDub4yWQqeZVboUxpBCAd",
    "prediction": "carnival",
    "actual": "restroom"
  },
  "bt6WFDHUBaFadif2oq3h4k": {
    "question_id": "bt6WFDHUBaFadif2oq3h4k",
    "prediction": "eating",
    "actual": "running"
  },
  "c7bJDbwpd27BqNaJzK9ubb": {
    "question_id": "c7bJDbwpd27BqNaJzK9ubb",
    "prediction": "to dry",
    "actual": "to sell"
  },
  "caoMCyFq9e2eNFohbFzEWN": {
    "question_id": "caoMCyFq9e2eNFohbFzEWN",
    "prediction": "stop",
    "actual": "go"
  },
  "ccZR5KJLUyDM8CqyvVVWbj": {
    "question_id": "ccZR5KJLUyDM8CqyvVVWbj",
    "prediction": "circle",
    "actual": "square"
  },
  "cctHD6Sgao4mvCUTQ8RLkU": {
    "question_id": "cctHD6Sgao4mvCUTQ8RLkU",
    "prediction": "formal dining",
    "actual": "kitchen"
  },
  "chXZTHvYp7pFsdQhLyAC9F": {
    "question_id": "chXZTHvYp7pFsdQhLyAC9F",
    "prediction": "tennis lesson",
    "actual": "tennis competition"
  },
  "ciMU7f8NdZMAwQJDmPrmcH": {
    "question_id": "ciMU7f8NdZMAwQJDmPrmcH",
    "prediction": "labrador",
    "actual": "tuna"
  },
  "cm2fk2B2GKPXCLkpzrSxaH": {
    "question_id": "cm2fk2B2GKPXCLkpzrSxaH",
    "prediction": "asia",
    "actual": "europe"
  },
  "cpFBV7cMfv53fdwaaWiWGt": {
    "question_id": "cpFBV7cMfv53fdwaaWiWGt",
    "prediction": "power",
    "actual": "kitchen"
  },
  "dHBDGPwELp65UFhPhSZyEu": {
    "question_id": "dHBDGPwELp65UFhPhSZyEu",
    "prediction": "sitting",
    "actual": "flight"
  },
  "dbC66LJz8ReZjXJJEt7xvW": {
    "question_id": "dbC66LJz8ReZjXJJEt7xvW",
    "prediction": "united states",
    "actual": "union jack"
  },
  "ddjEou8vsFUmvEAvgXxh8n": {
    "question_id": "ddjEou8vsFUmvEAvgXxh8n",
    "prediction": "tennis players",
    "actual": "photographers"
  },
  "dohJioF4j23dw6b8AgCxqx": {
    "question_id": "dohJioF4j23dw6b8AgCxqx",
    "prediction": "backhand",
    "actual": "forehand"
  },
  "dqTfuzYZnbZ4MTNFc9Zkeb": {
    "question_id": "dqTfuzYZnbZ4MTNFc9Zkeb",
    "prediction": "tulip",
    "actual": "pointsettia"
  },
  "dvvTUCDA3wK4Q9KZKboPgg": {
    "question_id": "dvvTUCDA3wK4Q9KZKboPgg",
    "prediction": "wood smoke",
    "actual": "steam"
  },
  "dwxReu6Xio6pQQxjps3Xtj": {
    "question_id": "dwxReu6Xio6pQQxjps3Xtj",
    "prediction": "camera",
    "actual": "phone"
  },
  "dzMDeKZdrfarPRuDMg5DPE": {
    "question_id": "dzMDeKZdrfarPRuDMg5DPE",
    "prediction": "string",
    "actual": "tape"
  },
  "e2tBLmwDciwSoY7nqUsS2D": {
    "question_id": "e2tBLmwDciwSoY7nqUsS2D",
    "prediction": "snow shovelling",
    "actual": "propulsion"
  },
  "eEb8jhgNYqiJED63DeAKVT": {
    "question_id": "eEb8jhgNYqiJED63DeAKVT",
    "prediction": "photographer",
    "actual": "right person"
  },
  "eNrkV5MyWHSeR6F7jbf3Fm": {
    "question_id": "eNrkV5MyWHSeR6F7jbf3Fm",
    "prediction": "phones",
    "actual": "remote controls"
  },
  "eTzxabUHi9XjTeaAKr9nz2": {
    "question_id": "eTzxabUHi9XjTeaAKr9nz2",
    "prediction": "hospital",
    "actual": "station"
  },
  "ee4bPHg93VdP6dqmUAGtbg": {
    "question_id": "ee4bPHg93VdP6dqmUAGtbg",
    "prediction": "bmw",
    "actual": "volvo"
  },
  "efPGEhVYzatJbs8HcmV9rW": {
    "question_id": "efPGEhVYzatJbs8HcmV9rW",
    "prediction": "wedding",
    "actual": "home"
  },
  "eiTuwtpwaP6LXCBDdhRfUU": {
    "question_id": "eiTuwtpwaP6LXCBDdhRfUU",
    "prediction": "oven",
    "actual": "grill"
  },
  "eknnNjTPL6m3PBzaxLZbbh": {
    "question_id": "eknnNjTPL6m3PBzaxLZbbh",
    "prediction": "bookshelf",
    "actual": "table"
  },
  "epWz8dQzRohUWmTphUjt4p": {
    "question_id": "epWz8dQzRohUWmTphUjt4p",
    "prediction": "books",
    "actual": "fire"
  },
  "es4dTSrFkgs2LEtLByV5Fk": {
    "question_id": "es4dTSrFkgs2LEtLByV5Fk",
    "prediction": "kickflip",
    "actual": "rail grind"
  },
  "f5nsFmeqGkf4zfaSVk4ocX": {
    "question_id": "f5nsFmeqGkf4zfaSVk4ocX",
    "prediction": "mother",
    "actual": "daughter"
  },
  "f6veAkmc4fZwqbVmqZxs7z": {
    "question_id": "f6veAkmc4fZwqbVmqZxs7z",
    "prediction": "front seat",
    "actual": "back seat"
  },
  "fBAFVnTtnpQ93wUBQAEC8L": {
    "question_id": "fBAFVnTtnpQ93wUBQAEC8L",
    "prediction": "ball",
    "actual": "clock"
  },
  "fBq7g59duqhmbqAtjWY5xf": {
    "question_id": "fBq7g59duqhmbqAtjWY5xf",
    "prediction": "green giant",
    "actual": "dr. pepper"
  },
  "fELKZdaVNLwGEQZByv3jmp": {
    "question_id": "fELKZdaVNLwGEQZByv3jmp",
    "prediction": "people",
    "actual": "skyline"
  },
  "fLRvDM4xG4ag8n4JC6CUQz": {
    "question_id": "fLRvDM4xG4ag8n4JC6CUQz",
    "prediction": "backpack",
    "actual": "teddy bear"
  },
  "fQxikBu5n7M2LWh5xV2BAb": {
    "question_id": "fQxikBu5n7M2LWh5xV2BAb",
    "prediction": "kickflip",
    "actual": "grind"
  },
  "fQykduWza8cpGuwj3CxHtF": {
    "question_id": "fQykduWza8cpGuwj3CxHtF",
    "prediction": "grazing",
    "actual": "herding"
  },
  "fUKdZK7FEHkWsjtLTeajkn": {
    "question_id": "fUKdZK7FEHkWsjtLTeajkn",
    "prediction": "detroit",
    "actual": "seattle"
  },
  "fVxFwdk685zsCqsk7PvKM3": {
    "question_id": "fVxFwdk685zsCqsk7PvKM3",
    "prediction": "left",
    "actual": "bottom"
  },
  "fjqDSmg3254rQUdBJujxZy": {
    "question_id": "fjqDSmg3254rQUdBJujxZy",
    "prediction": "asia",
    "actual": "europe"
  },
  "g6FBm6c3vQifeHApcPidEZ": {
    "question_id": "g6FBm6c3vQifeHApcPidEZ",
    "prediction": "apartment",
    "actual": "garage"
  },
  "gBMjiGJJSm7nuM2hmvxURC": {
    "question_id": "gBMjiGJJSm7nuM2hmvxURC",
    "prediction": "orange juice",
    "actual": "wine"
  },
  "gHLMqJkY93TUV94a7tLpoR": {
    "question_id": "gHLMqJkY93TUV94a7tLpoR",
    "prediction": "blow",
    "actual": "town"
  },
  "gNrbLyhKYG8AMtxJTgB7E2": {
    "question_id": "gNrbLyhKYG8AMtxJTgB7E2",
    "prediction": "moving pedestrians",
    "actual": "for bikes"
  },
  "gYUipbusGScQ7oXEUejBMf": {
    "question_id": "gYUipbusGScQ7oXEUejBMf",
    "prediction": "fielding",
    "actual": "batting"
  },
  "gaKyGVP3dVZGGtonfcuK6r": {
    "question_id": "gaKyGVP3dVZGGtonfcuK6r",
    "prediction": "berlin",
    "actual": "london"
  },
  "gbDHb3RPHzKdwPsEQP6vxs": {
    "question_id": "gbDHb3RPHzKdwPsEQP6vxs",
    "prediction": "france",
    "actual": "us"
  },
  "guwEPSB4oc6X2txXJJsomW": {
    "question_id": "guwEPSB4oc6X2txXJJsomW",
    "prediction": "rain",
    "actual": "wind"
  },
  "gyf9Y4vh6mVZcbY7MH6fxB": {
    "question_id": "gyf9Y4vh6mVZcbY7MH6fxB",
    "prediction": "hyundai",
    "actual": "isuzu"
  },
  "gzytVm5g6vXWY8VDF7tSEr": {
    "question_id": "gzytVm5g6vXWY8VDF7tSEr",
    "prediction": "down",
    "actual": "diagonal"
  },
  "h74gXxfogmocHgcRdcoHEg": {
    "question_id": "h74gXxfogmocHgcRdcoHEg",
    "prediction": "carrots",
    "actual": "pineapple"
  },
  "hJe5wYuE8Qr9uuzc9zahBx": {
    "question_id": "hJe5wYuE8Qr9uuzc9zahBx",
    "prediction": "construction",
    "actual": "passenger"
  },
  "hLHsuNu5R8Hf8xat2DzcDb": {
    "question_id": "hLHsuNu5R8Hf8xat2DzcDb",
    "prediction": "house",
    "actual": "government"
  },
  "hTNJXskvyVHvfhYb7Mdp7X": {
    "question_id": "hTNJXskvyVHvfhYb7Mdp7X",
    "prediction": "sedan",
    "actual": "truck"
  },
  "hZV5fCospVTsaMc27Rbvc4": {
    "question_id": "hZV5fCospVTsaMc27Rbvc4",
    "prediction": "car",
    "actual": "bulldozer"
  },
  "hdZWqnfnTxgxXMZ4AJSWtM": {
    "question_id": "hdZWqnfnTxgxXMZ4AJSWtM",
    "prediction": "messy",
    "actual": "tidy"
  },
  "hgamoABdWM75WAPWU2rCdT": {
    "question_id": "hgamoABdWM75WAPWU2rCdT",
    "prediction": "trees",
    "actual": "horses"
  },
  "hikczeyros8C4QajTVYThj": {
    "question_id": "hikczeyros8C4QajTVYThj",
    "prediction": "puck",
    "actual": "frisbee"
  },
  "hkMfnT4LEQi4HKPck6FVor": {
    "question_id": "hkMfnT4LEQi4HKPck6FVor",
    "prediction": "japan",
    "actual": "malaysia"
  },
  "hmfuC58r3K4Yg7EkMxJXXb": {
    "question_id": "hmfuC58r3K4Yg7EkMxJXXb",
    "prediction": "carrot",
    "actual": "potato"
  },
  "hrbVpGvQvzUsT7sFzWQWXu": {
    "question_id": "hrbVpGvQvzUsT7sFzWQWXu",
    "prediction": "television",
    "actual": "film"
  },
  "hrzBKUpTCF5Bp7uvJbjv9Z": {
    "question_id": "hrzBKUpTCF5Bp7uvJbjv9Z",
    "prediction": "blue",
    "actual": "purple"
  },
  "i2ZhyTn4CzHyVxCjM6JFP5": {
    "question_id": "i2ZhyTn4CzHyVxCjM6JFP5",
    "prediction": "vegetables",
    "actual": "fruit"
  },
  "i2snYhswVVyhfgxn8DcGnk": {
    "question_id": "i2snYhswVVyhfgxn8DcGnk",
    "prediction": "left person",
    "actual": "both"
  },
  "iL7gMCQ2U2vjmJWoyYc9wn": {
    "question_id": "iL7gMCQ2U2vjmJWoyYc9wn",
    "prediction": "plastic plate",
    "actual": "tin foil"
  },
  "iNDT4fYo9xeKBX6TrvtkVR": {
    "question_id": "iNDT4fYo9xeKBX6TrvtkVR",
    "prediction": "heart attack",
    "actual": "broken bones"
  },
  "iSYpHGY6hdWo6qLQBbrENX": {
    "question_id": "iSYpHGY6hdWo6qLQBbrENX",
    "prediction": "david beckham",
    "actual": "john mcenroe"
  },
  "iepNGdTWvJFnPbHVTuKmLw": {
    "question_id": "iepNGdTWvJFnPbHVTuKmLw",
    "prediction": "fishing vessel",
    "actual": "sailing vessel"
  },
  "inA8DF895bDbH7gLhXnenH": {
    "question_id": "inA8DF895bDbH7gLhXnenH",
    "prediction": "adidas",
    "actual": "nike"
  },
  "iq9BaDbmL7bZfnXELtibFz": {
    "question_id": "iq9BaDbmL7bZfnXELtibFz",
    "prediction": "chromebook",
    "actual": "imac"
  },
  "irhkgQFLQikZ9fY6LfKbKN": {
    "question_id": "irhkgQFLQikZ9fY6LfKbKN",
    "prediction": "new balance",
    "actual": "under armour"
  },
  "iriWmuGxQfwS4Uj8UE2ojD": {
    "question_id": "iriWmuGxQfwS4Uj8UE2ojD",
    "prediction": "zoo",
    "actual": "wild"
  },
  "isR9iC8cxoXvYQYBacRuzc": {
    "question_id": "isR9iC8cxoXvYQYBacRuzc",
    "prediction": "yellow",
    "actual": "green"
  },
  "j3G4tBe5ga2sVPS2yWYbFM": {
    "question_id": "j3G4tBe5ga2sVPS2yWYbFM",
    "prediction": "serve",
    "actual": "return serve"
  },
  "j5HvFYT7fQSpvcuwoY7495": {
    "question_id": "j5HvFYT7fQSpvcuwoY7495",
    "prediction": "united states",
    "actual": "sweden"
  },
  "j5j6LUEzw383spcNXi7XhT": {
    "question_id": "j5j6LUEzw383spcNXi7XhT",
    "prediction": "bicycle",
    "actual": "skateboard"
  },
  "j6q58xPaDShNBgnj2kKpAP": {
    "question_id": "j6q58xPaDShNBgnj2kKpAP",
    "prediction": "at park",
    "actual": "on beach"
  },
  "jDicosLUWpypTQmQkRhC4W": {
    "question_id": "jDicosLUWpypTQmQkRhC4W",
    "prediction": "fedora",
    "actual": "top"
  },
  "jE3TsyErJ4eD8rPhTzBzb6": {
    "question_id": "jE3TsyErJ4eD8rPhTzBzb6",
    "prediction": "fluttering",
    "actual": "staring"
  },
  "jJtrzZ4RRXKH8SSVmgw8tp": {
    "question_id": "jJtrzZ4RRXKH8SSVmgw8tp",
    "prediction": "zoo",
    "actual": "wild"
  },
  "jK2QtNn8nC2mC2E57bZv7L": {
    "question_id": "jK2QtNn8nC2mC2E57bZv7L",
    "prediction": "winter",
    "actual": "fall"
  },
  "jKMHHLCYMYAARWrY2r4KHW": {
    "question_id": "jKMHHLCYMYAARWrY2r4KHW",
    "prediction": "left",
    "actual": "right"
  },
  "jMvTvShVbt7rP82s3rRXxf": {
    "question_id": "jMvTvShVbt7rP82s3rRXxf",
    "prediction": "tissue",
    "actual": "paper"
  },
  "jRxbsCVJxNtUMvsEBfpTaE": {
    "question_id": "jRxbsCVJxNtUMvsEBfpTaE",
    "prediction": "locomotive ttrain",
    "actual": "tank car"
  },
  "jT7i37wypejYFkuDY3xLLg": {
    "question_id": "jT7i37wypejYFkuDY3xLLg",
    "prediction": "printer",
    "actual": "pen"
  },
  "jfuLWvGbtvRTnLYAPEE8pi": {
    "question_id": "jfuLWvGbtvRTnLYAPEE8pi",
    "prediction": "one",
    "actual": "two"
  },
  "jnEMGAZLdvFn9ZgBYUbAUX": {
    "question_id": "jnEMGAZLdvFn9ZgBYUbAUX",
    "prediction": "close window",
    "actual": "wake up"
  },
  "k3XafzjyDZn8GCzcH9BE5g": {
    "question_id": "k3XafzjyDZn8GCzcH9BE5g",
    "prediction": "two",
    "actual": "six"
  },
  "k8WjRvSCus9iQjUV6mPbCQ": {
    "question_id": "k8WjRvSCus9iQjUV6mPbCQ",
    "prediction": "bomb squad",
    "actual": "stella artois"
  },
  "k8y3RfpAYmSuXDkcpiDQrx": {
    "question_id": "k8y3RfpAYmSuXDkcpiDQrx",
    "prediction": "frowning",
    "actual": "laughing"
  },
  "kHb4MjmU3bZTRY5qJSrZe7": {
    "question_id": "kHb4MjmU3bZTRY5qJSrZe7",
    "prediction": "backhand",
    "actual": "forehand"
  },
  "kLeQDtR5HUh6L8dbvEzhGe": {
    "question_id": "kLeQDtR5HUh6L8dbvEzhGe",
    "prediction": "refrigerator",
    "actual": "stove/oven"
  },
  "kaocqcY3CESTstFs9Bd4Pg": {
    "question_id": "kaocqcY3CESTstFs9Bd4Pg",
    "prediction": "afternoon",
    "actual": "evening"
  },
  "kgUHGxPt2H4SrR5Nb9be44": {
    "question_id": "kgUHGxPt2H4SrR5Nb9be44",
    "prediction": "hat",
    "actual": "shirt"
  },
  "kkSpeDk4MgZ6g4KPcyS5Lc": {
    "question_id": "kkSpeDk4MgZ6g4KPcyS5Lc",
    "prediction": "one",
    "actual": "two"
  },
  "kqVKk7x35jEP3uXnZR3wBf": {
    "question_id": "kqVKk7x35jEP3uXnZR3wBf",
    "prediction": "fixing",
    "actual": "driving"
  },
  "kqxqUW6zqryU2Cu2oz46fH": {
    "question_id": "kqxqUW6zqryU2Cu2oz46fH",
    "prediction": "horse shoes",
    "actual": "stirrups"
  },
  "kyKhGsfSaSgAxrLEqyWgqq": {
    "question_id": "kyKhGsfSaSgAxrLEqyWgqq",
    "prediction": "pelican",
    "actual": "sandpiper"
  },
  "kzYUWLK5ajb3LRzgYcCFXc": {
    "question_id": "kzYUWLK5ajb3LRzgYcCFXc",
    "prediction": "car washing",
    "actual": "parking"
  },
  "m7QwuD24FiwpWgFgkzBb7M": {
    "question_id": "m7QwuD24FiwpWgFgkzBb7M",
    "prediction": "horse",
    "actual": "woman"
  },
  "m8XZ5DnesmzfsjwMhMsbfe": {
    "question_id": "m8XZ5DnesmzfsjwMhMsbfe",
    "prediction": "pepperoni",
    "actual": "sauce"
  },
  "mAt78gqtxnGgcVGrA4tHN5": {
    "question_id": "mAt78gqtxnGgcVGrA4tHN5",
    "prediction": "seventeenth",
    "actual": "twentieth"
  },
  "mDPZ2AJQQx7b6CASimGgGD": {
    "question_id": "mDPZ2AJQQx7b6CASimGgGD",
    "prediction": "grocery store",
    "actual": "pharmacy"
  },
  "mEmUcZuHB6GamJkfCAwtsD": {
    "question_id": "mEmUcZuHB6GamJkfCAwtsD",
    "prediction": "mountains",
    "actual": "hills"
  },
  "mR37Xa62rp3FvidP5ppgCc": {
    "question_id": "mR37Xa62rp3FvidP5ppgCc",
    "prediction": "human",
    "actual": "anteater"
  },
  "mdxki75RbHjL4kGrUbbSY2": {
    "question_id": "mdxki75RbHjL4kGrUbbSY2",
    "prediction": "ankorage",
    "actual": "san francisco"
  },
  "miQ67PB4K4pA5v37BoLda9": {
    "question_id": "miQ67PB4K4pA5v37BoLda9",
    "prediction": "blend",
    "actual": "cook"
  },
  "mo9chSC5Km6Nu3Dg3mwrX6": {
    "question_id": "mo9chSC5Km6Nu3Dg3mwrX6",
    "prediction": "cam bedrosian",
    "actual": "pavel datsyuk"
  },
  "moDoPYYpw2bSfSdDnFnut9": {
    "question_id": "moDoPYYpw2bSfSdDnFnut9",
    "prediction": "ham",
    "actual": "hot dog"
  },
  "myZ67NZGoYaNEa8kADF8rV": {
    "question_id": "myZ67NZGoYaNEa8kADF8rV",
    "prediction": "landscaping",
    "actual": "fall season"
  },
  "n94Br4ZABpt9F8AeBnAaQK": {
    "question_id": "n94Br4ZABpt9F8AeBnAaQK",
    "prediction": "mouse",
    "actual": "camera"
  },
  "nKwQobxEKFkMGtc8DcQ5Ju": {
    "question_id": "nKwQobxEKFkMGtc8DcQ5Ju",
    "prediction": "one",
    "actual": "two"
  },
  "nPTyUSa2BpdW7QXX7eKxpv": {
    "question_id": "nPTyUSa2BpdW7QXX7eKxpv",
    "prediction": "two",
    "actual": "four"
  },
  "nPhzzycXaUKH9UGFjCjsKQ": {
    "question_id": "nPhzzycXaUKH9UGFjCjsKQ",
    "prediction": "two",
    "actual": "four"
  },
  "nRteor62jdHkABoiGEqDoS": {
    "question_id": "nRteor62jdHkABoiGEqDoS",
    "prediction": "registration number",
    "actual": "plate number"
  },
  "nSKBbRdixLP5o5mr8W2VBJ": {
    "question_id": "nSKBbRdixLP5o5mr8W2VBJ",
    "prediction": "walker",
    "actual": "trolley"
  },
  "nVg8yTiMtqm4VmDPRDPhLB": {
    "question_id": "nVg8yTiMtqm4VmDPRDPhLB",
    "prediction": "massaging back",
    "actual": "drying hair"
  },
  "ngQSEzXpxxTNJ4mVQxD9JM": {
    "question_id": "ngQSEzXpxxTNJ4mVQxD9JM",
    "prediction": "bench",
    "actual": "red couch"
  },
  "nhdJhq3kPGKBKMx4FCvXUs": {
    "question_id": "nhdJhq3kPGKBKMx4FCvXUs",
    "prediction": "stadium",
    "actual": "park"
  },
  "nidoPGHJpvjJLkJWzxWUng": {
    "question_id": "nidoPGHJpvjJLkJWzxWUng",
    "prediction": "military",
    "actual": "passenger"
  },
  "njzRWp6op4a49j3UtEjEFo": {
    "question_id": "njzRWp6op4a49j3UtEjEFo",
    "prediction": "wedding",
    "actual": "pizza party"
  },
  "nkstSbXoxcYyHbvBbKvZtV": {
    "question_id": "nkstSbXoxcYyHbvBbKvZtV",
    "prediction": "praying mantis",
    "actual": "sting ray"
  },
  "nmLBpYK7TqpwcCnkYbL2Tr": {
    "question_id": "nmLBpYK7TqpwcCnkYbL2Tr",
    "prediction": "eating",
    "actual": "scratching"
  },
  "npMJUgqcniPJuZPEh7mP3t": {
    "question_id": "npMJUgqcniPJuZPEh7mP3t",
    "prediction": "person",
    "actual": "water"
  },
  "ntQQ9FVL9GKUoT2WvCWiHD": {
    "question_id": "ntQQ9FVL9GKUoT2WvCWiHD",
    "prediction": "nothing",
    "actual": "wire ties"
  },
  "nz5BRooQteeNkQ2by7nGyU": {
    "question_id": "nz5BRooQteeNkQ2by7nGyU",
    "prediction": "pizza",
    "actual": "mtn dew"
  },
  "o5Pf29Ro76nufH3SYS49LM": {
    "question_id": "o5Pf29Ro76nufH3SYS49LM",
    "prediction": "martini",
    "actual": "margarita"
  },
  "o7eySiU8AwFHu3Lgp5xoK9": {
    "question_id": "o7eySiU8AwFHu3Lgp5xoK9",
    "prediction": "flip trick",
    "actual": "handplant"
  },
  "o9RMCCdLoYDGb6oR8Z3yvi": {
    "question_id": "o9RMCCdLoYDGb6oR8Z3yvi",
    "prediction": "concrete",
    "actual": "grass"
  },
  "oAL5LQnAH9sB2oMiAmxsbq": {
    "question_id": "oAL5LQnAH9sB2oMiAmxsbq",
    "prediction": "cake",
    "actual": "fruit salad"
  },
  "oCwi6S3N5sKMdGtLLocG4p": {
    "question_id": "oCwi6S3N5sKMdGtLLocG4p",
    "prediction": "james",
    "actual": "adrian"
  },
  "oGPSzHdRANrLhhyZLbbqNf": {
    "question_id": "oGPSzHdRANrLhhyZLbbqNf",
    "prediction": "slaughter",
    "actual": "captivity"
  },
  "oUJexrTXPEKNEATboAHaAA": {
    "question_id": "oUJexrTXPEKNEATboAHaAA",
    "prediction": "lunch",
    "actual": "breakfast"
  },
  "DD4oNBRHkHMzFGGVpdmrJi": {
    "question_id": "DD4oNBRHkHMzFGGVpdmrJi",
    "prediction": "feet",
    "actual": "legs"
  },
  "MAeoFJtYupeza6U6eeTWRc": {
    "question_id": "MAeoFJtYupeza6U6eeTWRc",
    "prediction": "home",
    "actual": "school"
  },
  "NRg96YBDgRbc5zFqdhKCC4": {
    "question_id": "NRg96YBDgRbc5zFqdhKCC4",
    "prediction": "safety",
    "actual": "gaming"
  },
  "PK5o4oqyymgbmrsrLkF2Hw": {
    "question_id": "PK5o4oqyymgbmrsrLkF2Hw",
    "prediction": "adidas",
    "actual": "under armor"
  },
  "SkThfxuJxxSm39tNSA4FmQ": {
    "question_id": "SkThfxuJxxSm39tNSA4FmQ",
    "prediction": "traffic control",
    "actual": "construction worker"
  },
  "UY4enMq3yMvLG5oAXZQVQL": {
    "question_id": "UY4enMq3yMvLG5oAXZQVQL",
    "prediction": "banana peppers",
    "actual": "hot peppers"
  },
  "a4WQwPgnKUrGfWf3T2vpxE": {
    "question_id": "a4WQwPgnKUrGfWf3T2vpxE",
    "prediction": "angry",
    "actual": "proud"
  },
  "a5oWkZ7rkxNTvRLkk3ousT": {
    "question_id": "a5oWkZ7rkxNTvRLkk3ousT",
    "prediction": "yes",
    "actual": "no"
  },
  "c6Lei76FbsSgEKViCU2Kc5": {
    "question_id": "c6Lei76FbsSgEKViCU2Kc5",
    "prediction": "sitting",
    "actual": "jumping"
  },
  "eHoQtRmsLAC3Ggzm5jKPXA": {
    "question_id": "eHoQtRmsLAC3Ggzm5jKPXA",
    "prediction": "toothpick",
    "actual": "cigarette"
  },
  "eYDDWRpmaNrFZDRCNs6c5z": {
    "question_id": "eYDDWRpmaNrFZDRCNs6c5z",
    "prediction": "canada goose",
    "actual": "chanel"
  },
  "iTeGLgJNuQjkRqeTmKwWLs": {
    "question_id": "iTeGLgJNuQjkRqeTmKwWLs",
    "prediction": "s",
    "actual": "f"
  },
  "kGn5XFpkwvtJNrUnPLSzwm": {
    "question_id": "kGn5XFpkwvtJNrUnPLSzwm",
    "prediction": "umbrella",
    "actual": "t-hsirt"
  },
  "mK6UjDvYm6Wzn75aaaSEdF": {
    "question_id": "mK6UjDvYm6Wzn75aaaSEdF",
    "prediction": "getting blind",
    "actual": "being stuck"
  },
  "n3q6CBsJfobMm4vAqMGi38": {
    "question_id": "n3q6CBsJfobMm4vAqMGi38",
    "prediction": "donut",
    "actual": "bagel"
  },
  "2gD7ih9AsXq7BmRBn57jv5": {
    "question_id": "2gD7ih9AsXq7BmRBn57jv5",
    "prediction": "charlois",
    "actual": "hereford"
  },
  "4XAzPXBEk6aZHFvdPTKdjH": {
    "question_id": "4XAzPXBEk6aZHFvdPTKdjH",
    "prediction": "arguing",
    "actual": "congratulating"
  },
  "7Q2MqmLkDhRu93vhjMPJXJ": {
    "question_id": "7Q2MqmLkDhRu93vhjMPJXJ",
    "prediction": "basket ball",
    "actual": "skating"
  },
  "8a5uCKsjUC9vtK2i7Amh28": {
    "question_id": "8a5uCKsjUC9vtK2i7Amh28",
    "prediction": "conch",
    "actual": "vertical labret"
  },
  "9y2mxyvd3BxHofPfXKjG67": {
    "question_id": "9y2mxyvd3BxHofPfXKjG67",
    "prediction": "time",
    "actual": "date"
  },
  "A4pTVyj6FszUQtpyuwuEs2": {
    "question_id": "A4pTVyj6FszUQtpyuwuEs2",
    "prediction": "umbrellas",
    "actual": "food"
  },
  "CCVav8uwNeAerpwiN2jbcx": {
    "question_id": "CCVav8uwNeAerpwiN2jbcx",
    "prediction": "fried",
    "actual": "scrambled"
  },
  "CY5ZZbpJFTLSwMbjGybzpS": {
    "question_id": "CY5ZZbpJFTLSwMbjGybzpS",
    "prediction": "seat reclines",
    "actual": "emergency exit"
  },
  "CfaSzNgDy23yuC4X55XVmn": {
    "question_id": "CfaSzNgDy23yuC4X55XVmn",
    "prediction": "sleeping",
    "actual": "playing hockey"
  },
  "KGhKWAGTj6kUsxSUHDH8t5": {
    "question_id": "KGhKWAGTj6kUsxSUHDH8t5",
    "prediction": "candle holder",
    "actual": "candle"
  },
  "MqCKsUbTPGQJxLL75tGc5F": {
    "question_id": "MqCKsUbTPGQJxLL75tGc5F",
    "prediction": "50",
    "actual": "15"
  },
  "QH2k6NnZ5DxMLEeQQF8net": {
    "question_id": "QH2k6NnZ5DxMLEeQQF8net",
    "prediction": "banana",
    "actual": "plum"
  },
  "QqviUwQkfAndzidCzfJFKS": {
    "question_id": "QqviUwQkfAndzidCzfJFKS",
    "prediction": "transporting goods",
    "actual": "passenger seating"
  },
  "U2c5ooPZTZY7cc6xGBcFuM": {
    "question_id": "U2c5ooPZTZY7cc6xGBcFuM",
    "prediction": "pickles",
    "actual": "salt"
  },
  "WmFJXxTJibdaLUQiLHKPNg": {
    "question_id": "WmFJXxTJibdaLUQiLHKPNg",
    "prediction": "prevent fire",
    "actual": "prevent slipping"
  },
  "XPhow2MD6num6LkVWv2WDC": {
    "question_id": "XPhow2MD6num6LkVWv2WDC",
    "prediction": "sleep",
    "actual": "wish"
  },
  "aqnbMDKEYEGFpVGpxuM6w4": {
    "question_id": "aqnbMDKEYEGFpVGpxuM6w4",
    "prediction": "crosswalk",
    "actual": "oncoming traffic"
  },
  "gurW28uKknkS6kmv6aPa6X": {
    "question_id": "gurW28uKknkS6kmv6aPa6X",
    "prediction": "faded decor",
    "actual": "ashes"
  }
}