{
  "2PGwvdFESLvwfFCwK5pbYu": {
    "question_id": "2PGwvdFESLvwfFCwK5pbYu",
    "prediction": "jeans",
    "actual": [
      "jeans",
      "blue jeans",
      "jeans",
      "denim",
      "jeans",
      "jeans",
      "jeans",
      "jeans",
      "jeans",
      "blue jeans"
    ]
  },
  "2RN4dwhRZR3ZSKHtRnJdX3": {
    "question_id": "2RN4dwhRZR3ZSKHtRnJdX3",
    "prediction": "united states",
    "actual": [
      "united states",
      "united states",
      "usa",
      "united states",
      "united states",
      "ukraine",
      "germany",
      "germany",
      "america",
      "usa"
    ]
  },
  "2yWyzYRyZuYH2ZB49WNACa": {
    "question_id": "2yWyzYRyZuYH2ZB49WNACa",
    "prediction": "frisbee",
    "actual": [
      "frisbee",
      "frisbee",
      "frisbee",
      "frisbee",
      "frisbee",
      "frisbee",
      "frisbee",
      "frisbee",
      "frisbee",
      "frisbee"
    ]
  },
  "34ah8AmQenWUyH2fZvJH7a": {
    "question_id": "34ah8AmQenWUyH2fZvJH7a",
    "prediction": "ski resort",
    "actual": [
      "ski resort",
      "skiing",
      "ski resort",
      "ski resort",
      "ski resort",
      "ski",
      "ski",
      "ski",
      "ski",
      "snow"
    ]
  },
  "3SKKn3bQ4xhiDpkesifdod": {
    "question_id": "3SKKn3bQ4xhiDpkesifdod",
    "prediction": "japan",
    "actual": [
      "japan",
      "sumsung",
      "japan",
      "japan",
      "japan",
      "china",
      "japan",
      "china",
      "japan",
      "japan"
    ]
  },
  "3cCvfCWnLfrmqYEaFzb2Xm": {
    "question_id": "3cCvfCWnLfrmqYEaFzb2Xm",
    "prediction": "market",
    "actual": [
      "outdoor market",
      "market",
      "market",
      "market",
      "market",
      "street festival",
      "event",
      "market",
      "market",
      "street"
    ]
  },
  "4BFN6MtJcaFzpccm3UwZva": {
    "question_id": "4BFN6MtJcaFzpccm3UwZva",
    "prediction": "bathroom",
    "actual": [
      "bathroom",
      "bathroom",
      "bathroom",
      "bathroom",
      "bathroom",
      "bathroom",
      "bathroom",
      "bathroom",
      "bathroom",
      "bathroom"
    ]
  },
  "4FBqxbmT4zCDwWzm3gH7LY": {
    "question_id": "4FBqxbmT4zCDwWzm3gH7LY",
    "prediction": "meat",
    "actual": [
      "plated",
      "frogs",
      "meat",
      "meat",
      "whatever's pictured",
      "squid",
      "meat",
      "meat",
      "crabs",
      "mushrooms"
    ]
  },
  "4UrYfZMUToiF5f7GK6eMaz": {
    "question_id": "4UrYfZMUToiF5f7GK6eMaz",
    "prediction": "visibility",
    "actual": [
      "safety",
      "safety",
      "safety reflection",
      "safety",
      "visibility",
      "safety",
      "workers",
      "visibility",
      "visibility",
      "safety reflection"
    ]
  },
  "4cdYbJFFeKXJr6LbKgcxTa": {
    "question_id": "4cdYbJFFeKXJr6LbKgcxTa",
    "prediction": "urban",
    "actual": [
      "urban",
      "playing",
      "skate park",
      "urban",
      "warm tropical",
      "urban",
      "tropical",
      "business",
      "city",
      "urban areas"
    ]
  },
  "4dnt6ahNTCENKrvBhExyvV": {
    "question_id": "4dnt6ahNTCENKrvBhExyvV",
    "prediction": "no",
    "actual": [
      "absolutely no",
      "no",
      "no",
      "no",
      "yes",
      "yes",
      "yes",
      "no",
      "no",
      "no"
    ]
  },
  "4iV8UfNJs7Wy6XAt9SHMVJ": {
    "question_id": "4iV8UfNJs7Wy6XAt9SHMVJ",
    "prediction": "bedroom",
    "actual": [
      "bedroom",
      "bedroom",
      "bedroom",
      "bedroom",
      "bedroom",
      "bedroom",
      "bedroom",
      "bedroom",
      "bedroom",
      "bedroom"
    ]
  },
  "4jnshoBeGDGmRjspTuvr29": {
    "question_id": "4jnshoBeGDGmRjspTuvr29",
    "prediction": "motorcycles",
    "actual": [
      "motorcycle",
      "motorcycles",
      "dirt bikes",
      "motorcycles",
      "motorbikes",
      "motorcycle",
      "dirtbike",
      "dirt bikes",
      "motorcycles",
      "dirt bikes"
    ]
  },
  "4yq3AnREQ4PP7MXMWvBb5a": {
    "question_id": "4yq3AnREQ4PP7MXMWvBb5a",
    "prediction": "christmas",
    "actual": [
      "fall",
      "christmas",
      "fall",
      "christmas",
      "summer",
      "fall",
      "summer",
      "christmas",
      "fall",
      "christmas"
    ]
  },
  "5XBmJitjSm9g7SQqNxYpe7": {
    "question_id": "5XBmJitjSm9g7SQqNxYpe7",
    "prediction": "island",
    "actual": [
      "sofa",
      "island",
      "island",
      "island",
      "island",
      "table",
      "kitchen island",
      "microwave",
      "table",
      "island"
    ]
  },
  "66abRGQG535WgzgU5Ue9ru": {
    "question_id": "66abRGQG535WgzgU5Ue9ru",
    "prediction": "garage",
    "actual": [
      "hallway",
      "home",
      "bedroom",
      "street",
      "garage",
      "garage",
      "livingroom",
      "garage",
      "garage",
      "garage"
    ]
  },
  "6FKSZrTS9wzHwnKasBSfdP": {
    "question_id": "6FKSZrTS9wzHwnKasBSfdP",
    "prediction": "dipping",
    "actual": [
      "sour cream",
      "dip",
      "dipping",
      "dip",
      "dipping",
      "dipping",
      "dip",
      "dip",
      "dipping",
      "dipping"
    ]
  },
  "6Ps8BgA4pbvK4eKToCDQqu": {
    "question_id": "6Ps8BgA4pbvK4eKToCDQqu",
    "prediction": "fireplace",
    "actual": [
      "fireplace",
      "fire",
      "fireplace",
      "fireplace",
      "fireplace",
      "fireplace",
      "fireplace",
      "fire",
      "fire",
      "fireplace"
    ]
  },
  "6YyPKdGwhA3LJkUpL3p9F6": {
    "question_id": "6YyPKdGwhA3LJkUpL3p9F6",
    "prediction": "skiing",
    "actual": [
      "skiing",
      "skating",
      "skiing",
      "skiing",
      "skiing",
      "skiing",
      "skiing",
      "skiing",
      "skiing",
      "skiing"
    ]
  },
  "6fCWweqmigW6UaiyaHq4Sy": {
    "question_id": "6fCWweqmigW6UaiyaHq4Sy",
    "prediction": "pitcher",
    "actual": [
      "pitcher",
      "baseball player",
      "baseball",
      "pitcher",
      "pitcher",
      "pitcher",
      "position",
      "pitcher",
      "pitcher",
      "pitcher"
    ]
  },
  "74CMNF7KTeAFsXza5GJLGb": {
    "question_id": "74CMNF7KTeAFsXza5GJLGb",
    "prediction": "school",
    "actual": [
      "school bus",
      "school bus",
      "school",
      "school bus",
      "school",
      "school bus",
      "school",
      "school",
      "school",
      "school bus"
    ]
  },
  "7L2zGA6XFJrPCfLJCwBrww": {
    "question_id": "7L2zGA6XFJrPCfLJCwBrww",
    "prediction": "eating",
    "actual": [
      "grazing",
      "grazing",
      "eating",
      "eating",
      "eating",
      "grazing",
      "eating",
      "grazing",
      "grazing",
      "eating"
    ]
  },
  "7ViVwUt2pnJxqcZoeTc4TR": {
    "question_id": "7ViVwUt2pnJxqcZoeTc4TR",
    "prediction": "bananas",
    "actual": [
      "banana",
      "bananas",
      "bananas",
      "bananas",
      "banana",
      "bananas",
      "bananas",
      "banana",
      "bananas",
      "bananas"
    ]
  },
  "7pAKkw446jdqTk9peDKjyY": {
    "question_id": "7pAKkw446jdqTk9peDKjyY",
    "prediction": "basement",
    "actual": [
      "basement",
      "basement",
      "basement",
      "basement",
      "basement",
      "first",
      "first",
      "basement",
      "basement",
      "basement"
    ]
  },
  "8KqQoveNzvvZSgxxPeepUY": {
    "question_id": "8KqQoveNzvvZSgxxPeepUY",
    "prediction": "bus",
    "actual": [
      "bus",
      "bus",
      "bus",
      "bus",
      "bus",
      "bus",
      "bus",
      "bus",
      "red bus",
      "bus"
    ]
  },
  "8PZriuWuwokXCriqVBZwSJ": {
    "question_id": "8PZriuWuwokXCriqVBZwSJ",
    "prediction": "rails",
    "actual": [
      "track",
      "train",
      "tracks",
      "tracks",
      "train tracks",
      "rails",
      "train tracks",
      "rails",
      "tracks",
      "rails"
    ]
  },
  "99VEZ5bvSGBLWtkpJiAAXg": {
    "question_id": "99VEZ5bvSGBLWtkpJiAAXg",
    "prediction": "eating",
    "actual": [
      "eating",
      "eating",
      "eating",
      "eating",
      "eating",
      "eating",
      "eating",
      "eating",
      "eating",
      "eating"
    ]
  },
  "9J5n2f4j4R4B9t3c6MPSi3": {
    "question_id": "9J5n2f4j4R4B9t3c6MPSi3",
    "prediction": "chicken",
    "actual": [
      "chicken",
      "chicken",
      "chicken",
      "chicken",
      "chicken",
      "turkey",
      "chicken",
      "chicken",
      "turkey",
      "chicken"
    ]
  },
  "9PZxoQZCdEn8VijhqTfENe": {
    "question_id": "9PZxoQZCdEn8VijhqTfENe",
    "prediction": "fork",
    "actual": [
      "fork",
      "fork",
      "knife fork",
      "fork",
      "fork",
      "knife fork",
      "fork",
      "fork",
      "fork",
      "fork"
    ]
  },
  "9agpK8NJBKhb2vcWiKXRi7": {
    "question_id": "9agpK8NJBKhb2vcWiKXRi7",
    "prediction": "water",
    "actual": [
      "water",
      "water",
      "water",
      "water",
      "water",
      "water",
      "water",
      "water",
      "water",
      "water"
    ]
  },
  "9d7StqUZPtRBbHjSDFwwqa": {
    "question_id": "9d7StqUZPtRBbHjSDFwwqa",
    "prediction": "classmates",
    "actual": [
      "school class",
      "classmates",
      "classmates",
      "classmates",
      "classmates",
      "classmates",
      "classmates",
      "school chums",
      "school",
      "classmates"
    ]
  },
  "9m5dBgT3PJrhWRCDg9ee2z": {
    "question_id": "9m5dBgT3PJrhWRCDg9ee2z",
    "prediction": "bus",
    "actual": [
      "bus",
      "bus",
      "bus",
      "bus",
      "bus",
      "bus",
      "bus",
      "passenger",
      "bus",
      "bus"
    ]
  },
  "9mBjXaxYD4jzJptHzwbeYW": {
    "question_id": "9mBjXaxYD4jzJptHzwbeYW",
    "prediction": "plastic",
    "actual": [
      "paper",
      "paper",
      "paper",
      "paper",
      "plastic",
      "paper",
      "plastic",
      "plastic",
      "paper",
      "paper"
    ]
  },
  "A3zGJC9ryU4EkHzywEGdJn": {
    "question_id": "A3zGJC9ryU4EkHzywEGdJn",
    "prediction": "wine",
    "actual": [
      "drink",
      "wine",
      "wine",
      "spoon",
      "wine",
      "wine",
      "bruschetta",
      "wine",
      "spoon",
      "red wine"
    ]
  },
  "AHYLVWQ4whMVkWeDJiisi9": {
    "question_id": "AHYLVWQ4whMVkWeDJiisi9",
    "prediction": "beach",
    "actual": [
      "beach towels",
      "beach",
      "beach towels",
      "beach",
      "beach",
      "beach",
      "beach",
      "beach",
      "beach",
      "beach"
    ]
  },
  "APKEVGn8hXAWmsWYxQQukD": {
    "question_id": "APKEVGn8hXAWmsWYxQQukD",
    "prediction": "sun",
    "actual": [
      "sun",
      "sun",
      "sun",
      "sun",
      "sun",
      "sun",
      "summer",
      "sunshine",
      "hot sun",
      "sun"
    ]
  },
  "AR5jScMLqmYDjzmKHxKzMT": {
    "question_id": "AR5jScMLqmYDjzmKHxKzMT",
    "prediction": "christmas",
    "actual": [
      "christmas",
      "christmas",
      "christmas",
      "christmas dinner",
      "dinner",
      "christmas",
      "christmas dinner",
      "christmas",
      "christmas dinner",
      "holiday dinner"
    ]
  },
  "AiqztJZtJ4dNX7XYnu8rYU": {
    "question_id": "AiqztJZtJ4dNX7XYnu8rYU",
    "prediction": "cow",
    "actual": [
      "cow",
      "cow",
      "cow",
      "cow",
      "cow",
      "cow",
      "cow",
      "adult",
      "cow",
      "cow"
    ]
  },
  "Ar8D5FwKT47LcGDqJXXLjK": {
    "question_id": "Ar8D5FwKT47LcGDqJXXLjK",
    "prediction": "eat",
    "actual": [
      "eat",
      "eat",
      "groceries",
      "advertise",
      "eat",
      "ate them",
      "eat them",
      "eat tem",
      "eat them",
      "eat"
    ]
  },
  "B725pHrrknZKDAqoLBjeof": {
    "question_id": "B725pHrrknZKDAqoLBjeof",
    "prediction": "apple",
    "actual": [
      "apple",
      "apple",
      "apple",
      "apple",
      "apple",
      "apple",
      "apple",
      "apple",
      "apple",
      "apple"
    ]
  },
  "BECCJDkBDxrjtJNK7NGXQH": {
    "question_id": "BECCJDkBDxrjtJNK7NGXQH",
    "prediction": "carrot",
    "actual": [
      "carrot",
      "carrot",
      "carrot",
      "carrot",
      "carrot",
      "carrot",
      "carrot",
      "carrot",
      "carrot",
      "carrot"
    ]
  },
  "BQYQHxqKeExvS6GyHbBLjJ": {
    "question_id": "BQYQHxqKeExvS6GyHbBLjJ",
    "prediction": "airport",
    "actual": [
      "airport",
      "airport",
      "airport",
      "airport",
      "airport",
      "airport",
      "airport",
      "airport",
      "airport",
      "airport"
    ]
  },
  "BSgG9C63esRw6W3Tw6rBbu": {
    "question_id": "BSgG9C63esRw6W3Tw6rBbu",
    "prediction": "skateboard",
    "actual": [
      "skateboard",
      "skateboard",
      "skateboard",
      "skateboard",
      "skateboard move",
      "skateboard move",
      "skateboard",
      "skateboard",
      "skateboard",
      "skateboard"
    ]
  },
  "BaNWccWHEXHgtdo2h5795T": {
    "question_id": "BaNWccWHEXHgtdo2h5795T",
    "prediction": "stop sign",
    "actual": [
      "stop sign",
      "traffic",
      "stop",
      "stop",
      "stop sign",
      "stop",
      "stop",
      "stop",
      "stop sign",
      "stop sign"
    ]
  },
  "Bw5zPLf2EX7MjMakQbxdAV": {
    "question_id": "Bw5zPLf2EX7MjMakQbxdAV",
    "prediction": "drinking",
    "actual": [
      "drinking",
      "drinking",
      "drinking",
      "drinking",
      "drinking",
      "drinking",
      "drinking",
      "drinking",
      "drinking",
      "drinking"
    ]
  },
  "BwNg9mG4uXsALtLg2ztFgz": {
    "question_id": "BwNg9mG4uXsALtLg2ztFgz",
    "prediction": "yeast",
    "actual": [
      "yeast",
      "yeast",
      "yeast",
      "yeast",
      "unknown",
      "yeast",
      "yeast",
      "yeast",
      "flour",
      "yeast"
    ]
  },
  "C4iGaNrPm4zXWRgxL2XdRF": {
    "question_id": "C4iGaNrPm4zXWRgxL2XdRF",
    "prediction": "dinner",
    "actual": [
      "dinner",
      "supper",
      "dinner",
      "dinner",
      "dinner",
      "supper",
      "supper",
      "dinner",
      "dinner",
      "tea"
    ]
  },
  "C9AXp35Pm8iw5MANqbWmyR": {
    "question_id": "C9AXp35Pm8iw5MANqbWmyR",
    "prediction": "wii",
    "actual": [
      "game",
      "game",
      "wii",
      "wii",
      "wii",
      "wii",
      "game",
      "wii remote",
      "wii",
      "game"
    ]
  },
  "CrTrpTaqCFB2AYxne8FFyw": {
    "question_id": "CrTrpTaqCFB2AYxne8FFyw",
    "prediction": "motorcycles",
    "actual": [
      "motorcycle",
      "motorcycles",
      "motorcycle",
      "motorcycles",
      "motorcycle",
      "motorcycles",
      "motorcycles",
      "motorcycles",
      "motorcycles",
      "motorcycle"
    ]
  },
  "D6DfPGuGowm35cTuQhvw4s": {
    "question_id": "D6DfPGuGowm35cTuQhvw4s",
    "prediction": "horses",
    "actual": [
      "horses",
      "horse",
      "horse",
      "horses",
      "horses",
      "miniature horses",
      "horse",
      "horses",
      "horses",
      "horses"
    ]
  },
  "DKLAWnnRuvz8p7UrHGzQzK": {
    "question_id": "DKLAWnnRuvz8p7UrHGzQzK",
    "prediction": "airport",
    "actual": [
      "airport",
      "airport",
      "airport",
      "airport baggage",
      "airport",
      "airport",
      "airport baggage",
      "airport",
      "airport",
      "airport"
    ]
  },
  "E6vGrKzLTzqabYt55Ksc2N": {
    "question_id": "E6vGrKzLTzqabYt55Ksc2N",
    "prediction": "no",
    "actual": [
      "no",
      "no",
      "no",
      "no",
      "no",
      "no",
      "no",
      "no",
      "absolutely no",
      "no"
    ]
  },
  "E7LafAUEeJM9NiMjemXwRW": {
    "question_id": "E7LafAUEeJM9NiMjemXwRW",
    "prediction": "zebras",
    "actual": [
      "zebras",
      "zebras",
      "zebras",
      "zebras",
      "zebras",
      "zebras",
      "zebra",
      "zebra",
      "zebra's",
      "zebra"
    ]
  },
  "EAWGdocBoaqPxLQuJ3UJb6": {
    "question_id": "EAWGdocBoaqPxLQuJ3UJb6",
    "prediction": "fall",
    "actual": [
      "spring",
      "fall-winter",
      "fall",
      "winter",
      "winter",
      "fall",
      "winter",
      "fall",
      "fall",
      "fall"
    ]
  },
  "EDFzCznf6oQmdpV8T8S7vU": {
    "question_id": "EDFzCznf6oQmdpV8T8S7vU",
    "prediction": "three",
    "actual": [
      "two",
      "two",
      "two",
      "two",
      "three",
      "two",
      "two",
      "three",
      "three",
      "three"
    ]
  },
  "EER9xudvx7aG37Zbaewxkw": {
    "question_id": "EER9xudvx7aG37Zbaewxkw",
    "prediction": "pepsi",
    "actual": [
      "pepsi",
      "pepsi",
      "pepsi",
      "pepsi",
      "pepsi",
      "pepsi",
      "pepsi cola",
      "pepsi",
      "pepsi",
      "pepsi"
    ]
  },
  "EF29EeN2WxPcuEMDavijXb": {
    "question_id": "EF29EeN2WxPcuEMDavijXb",
    "prediction": "bus",
    "actual": [
      "bus",
      "public",
      "road",
      "bus",
      "public",
      "bus",
      "bus",
      "bus",
      "metropolitan transit",
      "bus"
    ]
  },
  "ETucTwACABQrgrZujBsiQq": {
    "question_id": "ETucTwACABQrgrZujBsiQq",
    "prediction": "forehand",
    "actual": [
      "righthand",
      "serve",
      "forehand",
      "forehand",
      "forehand",
      "forehand",
      "forehand",
      "forehand",
      "tennis shot",
      "swing"
    ]
  },
  "ETvPS6xXYPupruZTU3pf3F": {
    "question_id": "ETvPS6xXYPupruZTU3pf3F",
    "prediction": "intersection",
    "actual": [
      "cracked",
      "intersection",
      "highway",
      "stop sign",
      "stop sign",
      "sign",
      "four way",
      "intersection",
      "intersection",
      "intersection"
    ]
  },
  "EohV983PdD4udviqEUgU3D": {
    "question_id": "EohV983PdD4udviqEUgU3D",
    "prediction": "two",
    "actual": [
      "three",
      "three skateboards",
      "two",
      "two",
      "two",
      "three",
      "three",
      "two",
      "two",
      "three"
    ]
  },
  "EsctZHEwzyvi6A7K55acJq": {
    "question_id": "EsctZHEwzyvi6A7K55acJq",
    "prediction": "luggage",
    "actual": [
      "clothes",
      "luggage",
      "clothes",
      "clothing",
      "luggage",
      "clothes",
      "clothing",
      "personal",
      "wheeled luggage",
      "luggage"
    ]
  },
  "EyxALxGEvCyePSado4wnJL": {
    "question_id": "EyxALxGEvCyePSado4wnJL",
    "prediction": "orange",
    "actual": [
      "orange",
      "orange",
      "orange",
      "orange",
      "orange",
      "orange",
      "orange",
      "orange",
      "orange",
      "orange"
    ]
  },
  "FAgxg4yMBGCmnhc9FTTxyq": {
    "question_id": "FAgxg4yMBGCmnhc9FTTxyq",
    "prediction": "two",
    "actual": [
      "two",
      "two",
      "two",
      "two",
      "two",
      "two",
      "two",
      "two",
      "two",
      "two"
    ]
  },
  "FCXFfhVqdfimMXqx3Vx8b5": {
    "question_id": "FCXFfhVqdfimMXqx3Vx8b5",
    "prediction": "zebras",
    "actual": [
      "zebras",
      "zebras",
      "zebras",
      "zebra stag",
      "zebras",
      "zebras",
      "zebras",
      "horse",
      "zebra",
      "zebra"
    ]
  },
  "FDVQDJDFkV3tWkfTvrnAFy": {
    "question_id": "FDVQDJDFkV3tWkfTvrnAFy",
    "prediction": "lighting",
    "actual": [
      "photography",
      "phootshot",
      "lighting",
      "photography",
      "lighting",
      "lighting",
      "lighting",
      "shelter",
      "lighting",
      "lighting"
    ]
  },
  "FFw7axjcwgXQxHygov52fm": {
    "question_id": "FFw7axjcwgXQxHygov52fm",
    "prediction": "skateboard",
    "actual": [
      "camera",
      "camera",
      "skateboard",
      "camera",
      "skateboard",
      "skateboard",
      "skateboard",
      "skateboard",
      "camera",
      "camera"
    ]
  },
  "FHq2UjmQmmZbCvD4wDJwjH": {
    "question_id": "FHq2UjmQmmZbCvD4wDJwjH",
    "prediction": "protection",
    "actual": [
      "fashion",
      "protection",
      "protection",
      "cleaning",
      "protection",
      "cooking",
      "gloves",
      "cover nose",
      "protection",
      "safety"
    ]
  },
  "Fg53NYDDkdBe9AAbXNb5df": {
    "question_id": "Fg53NYDDkdBe9AAbXNb5df",
    "prediction": "bicycle",
    "actual": [
      "car",
      "bike",
      "bike",
      "bicycle",
      "bike",
      "bicycle",
      "bicycle",
      "bicycle",
      "bike",
      "bike"
    ]
  },
  "Fr2NzFhfutw8k7CpoAGnW8": {
    "question_id": "Fr2NzFhfutw8k7CpoAGnW8",
    "prediction": "two",
    "actual": [
      "2 lights",
      "two",
      "two",
      "two",
      "two",
      "2 lights",
      "two",
      "two",
      "two",
      "two"
    ]
  },
  "FrMujHaugfA8T2uMPEkckf": {
    "question_id": "FrMujHaugfA8T2uMPEkckf",
    "prediction": "rain",
    "actual": [
      "water",
      "rain",
      "ocean",
      "ocean",
      "wind",
      "ocean",
      "water",
      "rain",
      "rain",
      "rain"
    ]
  },
  "Fv2hy4qfFdd847B3xEcPz3": {
    "question_id": "Fv2hy4qfFdd847B3xEcPz3",
    "prediction": "grass",
    "actual": [
      "dirt",
      "grass",
      "grass",
      "sands",
      "grass",
      "flat ground",
      "grassy",
      "dirt",
      "grassy",
      "dirt"
    ]
  },
  "G5UFNWEn9cZH66apuAaxQj": {
    "question_id": "G5UFNWEn9cZH66apuAaxQj",
    "prediction": "morning",
    "actual": [
      "day",
      "morning maybe",
      "afternoon",
      "morning",
      "late afternoon",
      "morning",
      "morning",
      "midday",
      "midday",
      "daytime"
    ]
  },
  "GDwYLbrCSgTVjTMSuJQFgX": {
    "question_id": "GDwYLbrCSgTVjTMSuJQFgX",
    "prediction": "red",
    "actual": [
      "white",
      "red",
      "green",
      "green",
      "red",
      "red",
      "green",
      "green",
      "white",
      "green"
    ]
  },
  "GTZGtuDSqd76CSi8NDrEKx": {
    "question_id": "GTZGtuDSqd76CSi8NDrEKx",
    "prediction": "road",
    "actual": [
      "mountain",
      "road",
      "mountain",
      "mountain",
      "road",
      "road",
      "street",
      "road",
      "road",
      "road"
    ]
  },
  "GfXMvDmY2rQYcnA8kLrFvf": {
    "question_id": "GfXMvDmY2rQYcnA8kLrFvf",
    "prediction": "shoes",
    "actual": [
      "shoes",
      "light",
      "shoes",
      "shoes",
      "sneakers",
      "shoes",
      "sneakers",
      "sneakers",
      "shoes",
      "shoes"
    ]
  },
  "GoBun4WYj2oK6vRihjfEGv": {
    "question_id": "GoBun4WYj2oK6vRihjfEGv",
    "prediction": "wine",
    "actual": [
      "wine",
      "wine",
      "wine",
      "red wine",
      "wine",
      "wine",
      "wine",
      "wine",
      "wine",
      "wine"
    ]
  },
  "GuEXoRNmgAED6SJqUXtHhA": {
    "question_id": "GuEXoRNmgAED6SJqUXtHhA",
    "prediction": "cow",
    "actual": [
      "cows",
      "cow",
      "cow",
      "cows",
      "cows",
      "cows",
      "cows",
      "cows",
      "cows",
      "cow"
    ]
  },
  "GzEbcQExF4cHmrhk7rdnce": {
    "question_id": "GzEbcQExF4cHmrhk7rdnce",
    "prediction": "nintendo wii",
    "actual": [
      "wii",
      "nintendo wii",
      "wii",
      "wii",
      "wii",
      "nintendo wii",
      "wii",
      "nintendo wii",
      "nintendo wii",
      "wi"
    ]
  },
  "H5BWeWuYriU6bmUwUPKtGE": {
    "question_id": "H5BWeWuYriU6bmUwUPKtGE",
    "prediction": "glass",
    "actual": [
      "glass",
      "glass",
      "glass",
      "glass",
      "glass",
      "glass",
      "glass",
      "glass",
      "glass",
      "glass"
    ]
  },
  "H5ij2UADeZudHffAeLzw6z": {
    "question_id": "H5ij2UADeZudHffAeLzw6z",
    "prediction": "apple",
    "actual": [
      "apple",
      "apple",
      "apple",
      "apple",
      "apple",
      "apple",
      "apple",
      "apple",
      "apple",
      "apple"
    ]
  },
  "HBocRDMRkRehHhDX4BnCwq": {
    "question_id": "HBocRDMRkRehHhDX4BnCwq",
    "prediction": "shoes",
    "actual": [
      "boots",
      "shoes",
      "boots",
      "shoes",
      "boots",
      "styled boots",
      "boots",
      "flats",
      "shoes",
      "boots"
    ]
  },
  "HJh9bXtpMyBNmsmBa6CH4p": {
    "question_id": "HJh9bXtpMyBNmsmBa6CH4p",
    "prediction": "two",
    "actual": [
      "two",
      "two",
      "two",
      "four",
      "two",
      "two",
      "three",
      "one",
      "one",
      "one"
    ]
  },
  "HM4obw9fQyb3aPheZjgtqq": {
    "question_id": "HM4obw9fQyb3aPheZjgtqq",
    "prediction": "visibility",
    "actual": [
      "visibility safety",
      "visibility",
      "visibility",
      "visibility",
      "visibility",
      "visibility",
      "visibility",
      "visibility",
      "safety visibility",
      "visibility"
    ]
  },
  "HPZPYitwJBDrLAkkGa9AJ5": {
    "question_id": "HPZPYitwJBDrLAkkGa9AJ5",
    "prediction": "adidas",
    "actual": [
      "adidas",
      "adidas",
      "sketchers",
      "puma",
      "nike",
      "nike",
      "nike",
      "adidas",
      "adidas",
      "adidas"
    ]
  },
  "HRRChNRZfHh9JRVSVaZvt7": {
    "question_id": "HRRChNRZfHh9JRVSVaZvt7",
    "prediction": "oven",
    "actual": [
      "glove",
      "oven",
      "oven",
      "oven",
      "oven",
      "grill",
      "keep food",
      "outdoor cooker",
      "oven",
      "oven"
    ]
  },
  "JR77UNbyj38mU3p6Ku6Qn8": {
    "question_id": "JR77UNbyj38mU3p6Ku6Qn8",
    "prediction": "broccoli",
    "actual": [
      "broccoli",
      "broccoli",
      "broccoli",
      "brocolli",
      "broccoli",
      "broccoli",
      "broccoli",
      "lettuce",
      "spinach",
      "broccoli"
    ]
  },
  "KDt9uiMSWXdfqZg8DkfQYP": {
    "question_id": "KDt9uiMSWXdfqZg8DkfQYP",
    "prediction": "sleeping",
    "actual": [
      "sleeping",
      "sleep",
      "sleep",
      "sleeping",
      "sleep",
      "sleeping",
      "sleeping",
      "sleeping",
      "sleep",
      "sleeping"
    ]
  },
  "KJfQQQhNGQydZ2gdW6dv9A": {
    "question_id": "KJfQQQhNGQydZ2gdW6dv9A",
    "prediction": "meat",
    "actual": [
      "from meat",
      "salami",
      "meat",
      "salami",
      "meat",
      "deli meat",
      "ham",
      "meat cheese",
      "meat",
      "salami"
    ]
  },
  "KULnaCXEwqsqxdegDzQRjT": {
    "question_id": "KULnaCXEwqsqxdegDzQRjT",
    "prediction": "three",
    "actual": [
      "three",
      "three",
      "three",
      "three",
      "three",
      "three",
      "three",
      "three",
      "three",
      "three"
    ]
  },
  "KYHbG5z9mj4H4dAJbzLuQ4": {
    "question_id": "KYHbG5z9mj4H4dAJbzLuQ4",
    "prediction": "dress",
    "actual": [
      "blue dress",
      "dress",
      "dress",
      "dress",
      "dress",
      "dress",
      "dress",
      "anklet",
      "ankle bracelet",
      "dress"
    ]
  },
  "KpXGPyoqZUqo76FaqZuNXF": {
    "question_id": "KpXGPyoqZUqo76FaqZuNXF",
    "prediction": "hotel",
    "actual": [
      "motel",
      "hotel",
      "motel",
      "hotel",
      "hotel",
      "hotel",
      "apartment",
      "master bedroom",
      "hotel",
      "house"
    ]
  },
  "KtndapoEif4gqUGbYMKim6": {
    "question_id": "KtndapoEif4gqUGbYMKim6",
    "prediction": "baseball",
    "actual": [
      "caps",
      "baseball",
      "baseball",
      "baseball",
      "baseball",
      "gloves",
      "gloves",
      "baseball gloves",
      "baseball",
      "baseball equipment"
    ]
  },
  "LHVciAWegjMeYHxTjEpTPc": {
    "question_id": "LHVciAWegjMeYHxTjEpTPc",
    "prediction": "beach",
    "actual": [
      "beach",
      "shoreline",
      "beach",
      "beach",
      "beach",
      "enjoying view",
      "log",
      "waters edge",
      "shore",
      "beach"
    ]
  },
  "LnBiYuXmqeyEHsquVemheo": {
    "question_id": "LnBiYuXmqeyEHsquVemheo",
    "prediction": "drink",
    "actual": [
      "drink toast",
      "drink",
      "drink wine",
      "drink wine",
      "celebrate",
      "drink",
      "drink wine",
      "drink",
      "taste wine",
      "drink wine"
    ]
  },
  "LqCNzoPHep3XKouS3eUAk6": {
    "question_id": "LqCNzoPHep3XKouS3eUAk6",
    "prediction": "window",
    "actual": [
      "window",
      "window",
      "window",
      "window",
      "window",
      "window",
      "window",
      "window",
      "train window",
      "window"
    ]
  },
  "M24oDREQRXZxbPHeX82hTm": {
    "question_id": "M24oDREQRXZxbPHeX82hTm",
    "prediction": "to eat",
    "actual": [
      "to eat",
      "eating",
      "eat",
      "eating",
      "to eat",
      "to eat",
      "to eat",
      "to eat",
      "to eat",
      "dinner"
    ]
  },
  "M3yABkFk8uMPsVkecGAnZR": {
    "question_id": "M3yABkFk8uMPsVkecGAnZR",
    "prediction": "stir",
    "actual": [
      "cook soup",
      "stirring",
      "stir",
      "stir",
      "stir",
      "stirring",
      "stir",
      "stirring",
      "stir",
      "stir"
    ]
  },
  "M4bEQ9vKhFhuWXb9nEf76d": {
    "question_id": "M4bEQ9vKhFhuWXb9nEf76d",
    "prediction": "eating",
    "actual": [
      "discussing",
      "eating",
      "eating",
      "crafting",
      "side",
      "picnic",
      "eating",
      "eating",
      "picnic",
      "picnicking"
    ]
  },
  "MAH3KC3SWvoTum6Ja75hB3": {
    "question_id": "MAH3KC3SWvoTum6Ja75hB3",
    "prediction": "two",
    "actual": [
      "two",
      "two",
      "two",
      "two",
      "two",
      "sea",
      "three",
      "four",
      "two",
      "four"
    ]
  },
  "MFcz9WFowTCRnWEpVdEfiJ": {
    "question_id": "MFcz9WFowTCRnWEpVdEfiJ",
    "prediction": "snow",
    "actual": [
      "snow",
      "ski",
      "snow",
      "snow",
      "snow",
      "snow",
      "skies",
      "snow",
      "ski boards",
      "skis"
    ]
  },
  "MNd63HUuxoKR7oBz6d3zA5": {
    "question_id": "MNd63HUuxoKR7oBz6d3zA5",
    "prediction": "purse",
    "actual": [
      "purse",
      "purse",
      "purse",
      "fanny pack",
      "purse",
      "fanny pack",
      "purse",
      "purse",
      "purse",
      "purse"
    ]
  },
  "Mj2xTvTMWmPfD2AvR3cDQw": {
    "question_id": "Mj2xTvTMWmPfD2AvR3cDQw",
    "prediction": "elephant",
    "actual": [
      "elephant",
      "elephant",
      "elephant",
      "elephant",
      "elephant",
      "elephant",
      "elephant",
      "elephant",
      "elephant",
      "elephant"
    ]
  },
  "MvjdGpXqcdaADbsGwjo2Bm": {
    "question_id": "MvjdGpXqcdaADbsGwjo2Bm",
    "prediction": "poles",
    "actual": [
      "ski poles",
      "ski poles",
      "ski poles",
      "ski poles",
      "poles",
      "poles",
      "poles",
      "ski poles",
      "ski poles",
      "poles"
    ]
  },
  "NFgfC2sJF3DkFgY58TDpfy": {
    "question_id": "NFgfC2sJF3DkFgY58TDpfy",
    "prediction": "serve",
    "actual": [
      "serve",
      "serve",
      "serve",
      "serve",
      "serve",
      "serve",
      "fore hand",
      "service",
      "service",
      "serve"
    ]
  },
  "NMaWJvLKEHntrF2zNxigMq": {
    "question_id": "NMaWJvLKEHntrF2zNxigMq",
    "prediction": "surf",
    "actual": [
      "surf",
      "surf",
      "surf",
      "surf",
      "surf",
      "body surf",
      "surf",
      "surf",
      "surf",
      "surf"
    ]
  },
  "NQQEM9mH6viipfoP9kMC6v": {
    "question_id": "NQQEM9mH6viipfoP9kMC6v",
    "prediction": "tourists",
    "actual": [
      "married",
      "tourists",
      "tourists",
      "married",
      "tourists",
      "tourists",
      "tourists",
      "tourists",
      "tourists",
      "tourists"
    ]
  },
  "PB2RjD5RMSqbGxT9c2cAwU": {
    "question_id": "PB2RjD5RMSqbGxT9c2cAwU",
    "prediction": "passengers",
    "actual": [
      "passengers",
      "cargo",
      "passengers",
      "passengers etc",
      "passengers",
      "people",
      "mail",
      "cargo",
      "coal",
      "people"
    ]
  },
  "PCavtGPpEZnoW3vRUb2vbM": {
    "question_id": "PCavtGPpEZnoW3vRUb2vbM",
    "prediction": "smoking",
    "actual": [
      "annoyed",
      "annoyed",
      "smoking",
      "smoking",
      "annoyed",
      "smoking",
      "smoking",
      "smoking",
      "smoking",
      "smoking"
    ]
  },
  "PR3YdLbDHdwHNJENygZqBa": {
    "question_id": "PR3YdLbDHdwHNJENygZqBa",
    "prediction": "sunny",
    "actual": [
      "sunny",
      "sunny",
      "afternoon",
      "sunny",
      "sunny",
      "warm",
      "sunny",
      "dry",
      "sunny day",
      "sunny"
    ]
  },
  "PceZftPFbFZ7xbF3urpTvL": {
    "question_id": "PceZftPFbFZ7xbF3urpTvL",
    "prediction": "two",
    "actual": [
      "two",
      "two",
      "two",
      "two",
      "two",
      "two",
      "two",
      "two",
      "two",
      "two"
    ]
  },
  "PhDYZ98CbMyiiLytoTmBh6": {
    "question_id": "PhDYZ98CbMyiiLytoTmBh6",
    "prediction": "keep warm",
    "actual": [
      "heat",
      "keep warm",
      "blend",
      "keep warm",
      "keep warm",
      "heat",
      "chops",
      "juice",
      "keep warm",
      "soup"
    ]
  },
  "PrbWUDZrELd3nWMbQ72MSD": {
    "question_id": "PrbWUDZrELd3nWMbQ72MSD",
    "prediction": "tennis",
    "actual": [
      "wilson",
      "badminton",
      "tennis",
      "squash",
      "tennis",
      "badminton",
      "laptop",
      "tennis",
      "tennis",
      "badminton"
    ]
  },
  "Q5hfYjQnaxng9vg7QmEqa5": {
    "question_id": "Q5hfYjQnaxng9vg7QmEqa5",
    "prediction": "siblings",
    "actual": [
      "siblings",
      "siblings",
      "siblings",
      "siblings",
      "siblings",
      "birth",
      "birth",
      "siblings",
      "siblings",
      "siblings"
    ]
  },
  "Q7cdndwDheQypkx5d6WvbN": {
    "question_id": "Q7cdndwDheQypkx5d6WvbN",
    "prediction": "clown",
    "actual": [
      "clown",
      "clown",
      "clown",
      "clown",
      "clown",
      "directions",
      "clown",
      "clown",
      "clown",
      "clown"
    ]
  },
  "QWLm7RxL6afwhBVm2WiMV7": {
    "question_id": "QWLm7RxL6afwhBVm2WiMV7",
    "prediction": "hat",
    "actual": [
      "hat",
      "cowboy hat",
      "cowboy hat",
      "hat",
      "cowboy hat",
      "cowboy hat",
      "hat",
      "cowboy hat",
      "gloves",
      "straw hat"
    ]
  },
  "QgbaJEnafjdsdWx5ReQAPn": {
    "question_id": "QgbaJEnafjdsdWx5ReQAPn",
    "prediction": "electricity",
    "actual": [
      "electricity",
      "electricity",
      "electric",
      "magnetic force",
      "electricity",
      "electric",
      "electric",
      "electricity",
      "electric",
      "electricity"
    ]
  },
  "Qn9fw2mFC5bWG7CjQvir9s": {
    "question_id": "Qn9fw2mFC5bWG7CjQvir9s",
    "prediction": "stop",
    "actual": [
      "stop",
      "stop",
      "stop",
      "stop",
      "stop",
      "stop",
      "stop",
      "stop",
      "stop",
      "stop"
    ]
  },
  "RBwzjVcACZNAqMHpPZbv4i": {
    "question_id": "RBwzjVcACZNAqMHpPZbv4i",
    "prediction": "drainage",
    "actual": [
      "water",
      "catch water",
      "drainage",
      "drain water",
      "decoration",
      "drainage",
      "drain",
      "drainage",
      "grip",
      "drying"
    ]
  },
  "RrQ48CMWPTgqsvg2K4P7eR": {
    "question_id": "RrQ48CMWPTgqsvg2K4P7eR",
    "prediction": "catcher",
    "actual": [
      "crouch",
      "crouched",
      "crouched",
      "catcher",
      "catcher",
      "catcher",
      "catcher",
      "pitcher",
      "squat",
      "crouch"
    ]
  },
  "RwpxKDcMF2E4fdhCjCJNEN": {
    "question_id": "RwpxKDcMF2E4fdhCjCJNEN",
    "prediction": "eat",
    "actual": [
      "eat",
      "eat",
      "eat",
      "eat",
      "eating",
      "eat",
      "eating",
      "eat",
      "eat",
      "eat"
    ]
  },
  "SDfSmLAeRRq77jeB3mdieQ": {
    "question_id": "SDfSmLAeRRq77jeB3mdieQ",
    "prediction": "sleeping bag",
    "actual": [
      "blanket",
      "parking meter",
      "sleeping bag",
      "sleeping blanket",
      "sleeping bag",
      "sleeping bag",
      "blanket",
      "sleeping bag",
      "blanket",
      "blanket"
    ]
  },
  "Se8YypiBrjwXhwCmjyDjtK": {
    "question_id": "Se8YypiBrjwXhwCmjyDjtK",
    "prediction": "zebra",
    "actual": [
      "zebra",
      "zebra",
      "zebra",
      "zebra",
      "zebra",
      "zebra",
      "horse",
      "flamingo",
      "flamingo",
      "flamingo"
    ]
  },
  "SgSpH9dKik4F3kZ9pu2EbH": {
    "question_id": "SgSpH9dKik4F3kZ9pu2EbH",
    "prediction": "donuts",
    "actual": [
      "donuts",
      "donuts",
      "doughnuts",
      "donuts",
      "donuts",
      "donuts",
      "donuts",
      "donuts",
      "doughnuts",
      "doughnuts"
    ]
  },
  "Sk8wJePwpdzCXP4WzjbGdu": {
    "question_id": "Sk8wJePwpdzCXP4WzjbGdu",
    "prediction": "read",
    "actual": [
      "read",
      "read",
      "read",
      "read",
      "read",
      "reading",
      "read",
      "read book",
      "read book",
      "read book"
    ]
  },
  "SpnBQjkqymWyZ5gEzPTwKu": {
    "question_id": "SpnBQjkqymWyZ5gEzPTwKu",
    "prediction": "cow",
    "actual": [
      "cow",
      "cow",
      "cow",
      "cow",
      "cows",
      "cows",
      "cows",
      "cow",
      "cows",
      "cow"
    ]
  },
  "SsQakUmPuH7a7w6tvHfNjc": {
    "question_id": "SsQakUmPuH7a7w6tvHfNjc",
    "prediction": "table",
    "actual": [
      "table",
      "table",
      "table",
      "portable table",
      "table",
      "folding table",
      "table",
      "tv table",
      "table",
      "table"
    ]
  },
  "TCXSs2iG5qmduZYmRir2cK": {
    "question_id": "TCXSs2iG5qmduZYmRir2cK",
    "prediction": "pond",
    "actual": [
      "pond",
      "lake",
      "river",
      "pond",
      "fresh",
      "lake",
      "pond",
      "pond",
      "fresh water",
      "fresh"
    ]
  },
  "ULSq2sLPjbuZY3B2Z6mYjb": {
    "question_id": "ULSq2sLPjbuZY3B2Z6mYjb",
    "prediction": "eat",
    "actual": [
      "eat",
      "eating",
      "eating",
      "eat",
      "eat",
      "eat food",
      "eat food",
      "drink water",
      "eat",
      "eat"
    ]
  },
  "UPhByDxcyegyWfhgbrkTZD": {
    "question_id": "UPhByDxcyegyWfhgbrkTZD",
    "prediction": "phone",
    "actual": [
      "phone",
      "phone",
      "cellphone",
      "phone",
      "cellphone",
      "phone",
      "phone",
      "cellphone",
      "phone",
      "cell phone"
    ]
  },
  "US64WDYHmJ3UBhFuwDmcWM": {
    "question_id": "US64WDYHmJ3UBhFuwDmcWM",
    "prediction": "police officer",
    "actual": [
      "police",
      "police officer",
      "police officer",
      "law enforcement",
      "police",
      "police",
      "police officer",
      "police officer",
      "police",
      "police"
    ]
  },
  "UXR5X7hqtMs7BPFyniqscB": {
    "question_id": "UXR5X7hqtMs7BPFyniqscB",
    "prediction": "snowboarding",
    "actual": [
      "skiing snowboarding",
      "snow boarding",
      "snowboarding skiing",
      "snowboarding",
      "snowboarding",
      "snowboarding",
      "snowboarding",
      "snowboarding",
      "ski poles",
      "winter sports"
    ]
  },
  "UcdDMTu4br8uyQPYPQxgo6": {
    "question_id": "UcdDMTu4br8uyQPYPQxgo6",
    "prediction": "asia",
    "actual": [
      "japan",
      "asia",
      "asia",
      "asia",
      "japan",
      "east asia",
      "korea",
      "singapore",
      "japan",
      "asia"
    ]
  },
  "VAgkuyL7FuecBgmyumQ6oh": {
    "question_id": "VAgkuyL7FuecBgmyumQ6oh",
    "prediction": "sun",
    "actual": [
      "sun",
      "sunrays",
      "sunrays",
      "sun",
      "sun",
      "sun",
      "sun",
      "sun",
      "sunrays",
      "sun"
    ]
  },
  "VF8AXcb7aXEHcTu4ZWtQf6": {
    "question_id": "VF8AXcb7aXEHcTu4ZWtQf6",
    "prediction": "restaurant",
    "actual": [
      "restaurant",
      "pizzeria",
      "front entrance",
      "supreme",
      "restaurant",
      "restaurant",
      "pizzeria",
      "pizza restaurant",
      "pizza restaurant",
      "restaurant"
    ]
  },
  "VJ43YwLMKZXTSbGAg9waNa": {
    "question_id": "VJ43YwLMKZXTSbGAg9waNa",
    "prediction": "wine",
    "actual": [
      "wine",
      "water",
      "water",
      "water",
      "wine",
      "water",
      "water",
      "wine",
      "water",
      "wine"
    ]
  },
  "Vaycw3C7ENGUZ9YnzCz5TU": {
    "question_id": "Vaycw3C7ENGUZ9YnzCz5TU",
    "prediction": "water",
    "actual": [
      "water",
      "ice cubes",
      "bagels",
      "water",
      "vegetable oil",
      "cooking oil",
      "oil",
      "bagels",
      "sprinkles",
      "water"
    ]
  },
  "VfFoJ6PWrs7H65Tw6eP9PS": {
    "question_id": "VfFoJ6PWrs7H65Tw6eP9PS",
    "prediction": "mouse",
    "actual": [
      "computer mouse",
      "mouse",
      "mouse",
      "mouse",
      "mouse",
      "mouse",
      "mouse",
      "computer mouse",
      "mouse",
      "mouse"
    ]
  },
  "VnvcXjkeZTbMsRfQZwQXUF": {
    "question_id": "VnvcXjkeZTbMsRfQZwQXUF",
    "prediction": "reading",
    "actual": [
      "study",
      "reading",
      "listen music",
      "reading",
      "reading",
      "living room",
      "reading",
      "changing",
      "fully furniture",
      "reading"
    ]
  },
  "VsmuTZR6c3jEmk2x73KvRf": {
    "question_id": "VsmuTZR6c3jEmk2x73KvRf",
    "prediction": "baseball",
    "actual": [
      "baseball",
      "baseball",
      "baseball",
      "baseball",
      "baseball",
      "baseball",
      "baseball",
      "cricket",
      "baseball",
      "baseball"
    ]
  },
  "W7NENqwhQdUFDHrkxS2Ch6": {
    "question_id": "W7NENqwhQdUFDHrkxS2Ch6",
    "prediction": "glass",
    "actual": [
      "protective",
      "glass",
      "window",
      "glass",
      "window",
      "window",
      "window",
      "window",
      "glass",
      "glass"
    ]
  },
  "W9gwHYkWiZQ9fTUbF6rJUt": {
    "question_id": "W9gwHYkWiZQ9fTUbF6rJUt",
    "prediction": "united states",
    "actual": [
      "africa",
      "usa",
      "australia",
      "united states",
      "united states",
      "australia",
      "united states",
      "america",
      "texas",
      "united states"
    ]
  },
  "WRniXpa5KWfR7D85cwFASi": {
    "question_id": "WRniXpa5KWfR7D85cwFASi",
    "prediction": "nintendo wii",
    "actual": [
      "nintendo wii",
      "wii",
      "wii",
      "wii",
      "wii",
      "nintendo wii",
      "wii",
      "nintendo wii",
      "wii",
      "nintendo wii"
    ]
  },
  "WT3fLQWr4Wnj9LaQJ68rri": {
    "question_id": "WT3fLQWr4Wnj9LaQJ68rri",
    "prediction": "park",
    "actual": [
      "on bench",
      "park",
      "bench",
      "park",
      "park bench",
      "park",
      "bench",
      "bench",
      "bench",
      "bench"
    ]
  },
  "WTHtfRH2Df4wkMEyR93oQy": {
    "question_id": "WTHtfRH2Df4wkMEyR93oQy",
    "prediction": "europe",
    "actual": [
      "europe",
      "europe",
      "europe",
      "europe",
      "europe",
      "europe",
      "europe",
      "europe",
      "europe",
      "europe"
    ]
  },
  "WhPka9j3UV3XKdiqHbupMJ": {
    "question_id": "WhPka9j3UV3XKdiqHbupMJ",
    "prediction": "elephant",
    "actual": [
      "glass",
      "elephant",
      "elephant",
      "elephant",
      "elephant",
      "wall",
      "people",
      "long-haired person",
      "elephant moving",
      "elephant"
    ]
  },
  "XKjvNP3RonaQcJbF2oreHb": {
    "question_id": "XKjvNP3RonaQcJbF2oreHb",
    "prediction": "striped",
    "actual": [
      "stripes",
      "striped",
      "line pattern",
      "mohawk",
      "stripes",
      "striped",
      "zebra pattern",
      "mohawk",
      "striped",
      "striped"
    ]
  },
  "XcYCdxp4Javwyxx6cihuSz": {
    "question_id": "XcYCdxp4Javwyxx6cihuSz",
    "prediction": "rails",
    "actual": [
      "rails",
      "rails",
      "rails",
      "railroad",
      "tracks",
      "rail",
      "junction",
      "tracks",
      "tracks",
      "railroad tracks"
    ]
  },
  "YkmMkPR5sqwoebanrtJNBw": {
    "question_id": "YkmMkPR5sqwoebanrtJNBw",
    "prediction": "wire",
    "actual": [
      "barbed wire",
      "wire fence",
      "barb wire",
      "bricks",
      "wire",
      "wire",
      "smooth wire",
      "wired",
      "wire",
      "wire"
    ]
  },
  "YkoPwAEMfgMqGRxLyzEXpz": {
    "question_id": "YkoPwAEMfgMqGRxLyzEXpz",
    "prediction": "dinner",
    "actual": [
      "dinner",
      "breakfast",
      "lunch",
      "dinner",
      "breakfast",
      "breakfast",
      "breakfast",
      "lunch",
      "breakfast",
      "dinner"
    ]
  },
  "YofsNmbN6XCqNdfHTBmzNq": {
    "question_id": "YofsNmbN6XCqNdfHTBmzNq",
    "prediction": "glass",
    "actual": [
      "acrylic",
      "glass",
      "glass",
      "glass",
      "glass",
      "glass",
      "glass",
      "cloth",
      "decrote",
      "made flowers"
    ]
  },
  "Z5xx32ZiWMMosQmfjqKaGC": {
    "question_id": "Z5xx32ZiWMMosQmfjqKaGC",
    "prediction": "hotel room",
    "actual": [
      "bedroom",
      "hotel suite",
      "hotel room",
      "motel",
      "hotel room",
      "bed room",
      "hotel room",
      "hotel room",
      "hotel room",
      "hotel"
    ]
  },
  "ZYdDiWXC3SqAFxW7ANe8Tk": {
    "question_id": "ZYdDiWXC3SqAFxW7ANe8Tk",
    "prediction": "duck",
    "actual": [
      "albatross",
      "swan",
      "pelican",
      "swan",
      "duck",
      "duck",
      "dock",
      "seagull",
      "sea bird",
      "duck"
    ]
  },
  "ZZaVsZeNSvsTB8M2mFDcqL": {
    "question_id": "ZZaVsZeNSvsTB8M2mFDcqL",
    "prediction": "beer",
    "actual": [
      "beer",
      "alcohol",
      "beer",
      "beer",
      "beer",
      "beer",
      "beer",
      "corona beer",
      "beer",
      "beer"
    ]
  },
  "ZeUzimMiTU6aJb3tFM7ie3": {
    "question_id": "ZeUzimMiTU6aJb3tFM7ie3",
    "prediction": "tropical",
    "actual": [
      "tropical",
      "dry",
      "warm",
      "mediterranean",
      "coastal",
      "tropical",
      "island",
      "wet",
      "warm sunny",
      "tropical"
    ]
  },
  "Zhx4M3xfkZGgH4dnopMrY2": {
    "question_id": "Zhx4M3xfkZGgH4dnopMrY2",
    "prediction": "eating",
    "actual": [
      "eating",
      "snapshot eating",
      "to eat",
      "eating",
      "selfie pose",
      "eating",
      "eating",
      "eating",
      "eating",
      "eating"
    ]
  },
  "ZpLohrc8reFQkCjJ3iFQXX": {
    "question_id": "ZpLohrc8reFQkCjJ3iFQXX",
    "prediction": "headphones",
    "actual": [
      "headphones",
      "headphones",
      "headphones",
      "headphones",
      "headset",
      "headphones",
      "headphones",
      "headphones",
      "headset",
      "headset"
    ]
  },
  "aC77EkAro3tybKmAJPUAH4": {
    "question_id": "aC77EkAro3tybKmAJPUAH4",
    "prediction": "helmet",
    "actual": [
      "helmet",
      "helmet",
      "helmet",
      "helmet",
      "angrily",
      "protection",
      "safety",
      "helmet",
      "helmet",
      "helmet"
    ]
  },
  "aL2mrGutdZCcG5Da5m6avg": {
    "question_id": "aL2mrGutdZCcG5Da5m6avg",
    "prediction": "wind",
    "actual": [
      "sunlight",
      "sunshine",
      "sunshine",
      "wind",
      "sun",
      "sun",
      "wind",
      "wind",
      "sunshine",
      "sunshine"
    ]
  },
  "akDNCt5XCGvjw33C3ong5d": {
    "question_id": "akDNCt5XCGvjw33C3ong5d",
    "prediction": "dinner",
    "actual": [
      "breakfast",
      "supper",
      "dinner",
      "rice",
      "dinner",
      "rice/fish",
      "dinner",
      "dinner",
      "dinner",
      "dinner"
    ]
  },
  "aoF64JjYJnKQaPaTyshZh9": {
    "question_id": "aoF64JjYJnKQaPaTyshZh9",
    "prediction": "apple",
    "actual": [
      "apples",
      "apple",
      "apple",
      "apple",
      "taking apple",
      "apple",
      "apple",
      "apples",
      "apple",
      "apple"
    ]
  },
  "bFHUSwTBE33hag9jVm6iJr": {
    "question_id": "bFHUSwTBE33hag9jVm6iJr",
    "prediction": "fork",
    "actual": [
      "fork knife",
      "fork knife",
      "silverware",
      "fork",
      "utensils",
      "fork",
      "fork knife",
      "knife",
      "fork",
      "fork"
    ]
  },
  "bTkroMPt2NzXSUFCPZS823": {
    "question_id": "bTkroMPt2NzXSUFCPZS823",
    "prediction": "parked",
    "actual": [
      "parked",
      "in taxi",
      "loading",
      "loading",
      "rest",
      "passenger loading",
      "landing",
      "parked",
      "parked",
      "gate"
    ]
  },
  "bWUR6AzW6CejWi3EG2PZfT": {
    "question_id": "bWUR6AzW6CejWi3EG2PZfT",
    "prediction": "alcohol",
    "actual": [
      "alcohol",
      "beer",
      "beer",
      "alcohol",
      "beer",
      "beer",
      "alcohol",
      "beer",
      "beer",
      "beer"
    ]
  },
  "bgFM5EQ66AGQWorBoJzymJ": {
    "question_id": "bgFM5EQ66AGQWorBoJzymJ",
    "prediction": "three",
    "actual": [
      "three",
      "three",
      "three",
      "three",
      "two",
      "three",
      "three",
      "3 markers",
      "three",
      "3 markers"
    ]
  },
  "bkDub4yWQqeZVboUxpBCAd": {
    "question_id": "bkDub4yWQqeZVboUxpBCAd",
    "prediction": "bathroom",
    "actual": [
      "restroom",
      "bathroom",
      "restroom",
      "restroom",
      "bathroom",
      "bathroom",
      "restroom",
      "restroom",
      "restroom",
      "restroom"
    ]
  },
  "bmXjvk9NznKw8jyhjjZuqi": {
    "question_id": "bmXjvk9NznKw8jyhjjZuqi",
    "prediction": "plastic",
    "actual": [
      "plastic",
      "toy parts",
      "plastic",
      "plastic",
      "plastic",
      "pork",
      "plastic",
      "plastic",
      "plastic",
      "plastic"
    ]
  },
  "bp87frxTcBx6bA7KtzDFp7": {
    "question_id": "bp87frxTcBx6bA7KtzDFp7",
    "prediction": "street",
    "actual": [
      "street",
      "in road",
      "in street",
      "street",
      "street",
      "street",
      "street",
      "street",
      "migrating",
      "destination"
    ]
  },
  "bqgrwRMbZtGzixs99Lommf": {
    "question_id": "bqgrwRMbZtGzixs99Lommf",
    "prediction": "skateboard",
    "actual": [
      "skateboard",
      "skateboard",
      "skateboard",
      "skateboard",
      "skateboard",
      "skateboard",
      "skateboard",
      "skateboard",
      "skateboard",
      "skateboard"
    ]
  },
  "cJWo8W7BsstCU73xdVW3zF": {
    "question_id": "cJWo8W7BsstCU73xdVW3zF",
    "prediction": "printing",
    "actual": [
      "printing",
      "printing",
      "printer",
      "printer",
      "printing",
      "printing",
      "printing",
      "printing",
      "printing",
      "printing"
    ]
  },
  "ckEWdFtXTjmNaM5gGbqQH4": {
    "question_id": "ckEWdFtXTjmNaM5gGbqQH4",
    "prediction": "eat",
    "actual": [
      "eat",
      "celebrate",
      "eat",
      "eat pie",
      "eat",
      "eat cake",
      "eat cake",
      "eat",
      "eat",
      "eat"
    ]
  },
  "cm2fk2B2GKPXCLkpzrSxaH": {
    "question_id": "cm2fk2B2GKPXCLkpzrSxaH",
    "prediction": "europe",
    "actual": [
      "europe",
      "european",
      "asia",
      "america",
      "north america",
      "europe",
      "north america",
      "north america",
      "europe",
      "asia"
    ]
  },
  "cpFBV7cMfv53fdwaaWiWGt": {
    "question_id": "cpFBV7cMfv53fdwaaWiWGt",
    "prediction": "refrigerator",
    "actual": [
      "kitchen",
      "refrigerator",
      "refrigerator",
      "refrigerator",
      "fridge",
      "refrigerator",
      "fridge",
      "fridge",
      "fridge",
      "refrigerator"
    ]
  },
  "dEK7AgGqKR96Axjhm22tnL": {
    "question_id": "dEK7AgGqKR96Axjhm22tnL",
    "prediction": "wind",
    "actual": [
      "wind",
      "line",
      "wind",
      "wind",
      "by string",
      "hands",
      "string",
      "cord",
      "string",
      "wind"
    ]
  },
  "dF3yMTwwWYEDqax7b4n9VX": {
    "question_id": "dF3yMTwwWYEDqax7b4n9VX",
    "prediction": "no",
    "actual": [
      "no",
      "no",
      "no",
      "no",
      "no",
      "no",
      "no",
      "no",
      "no",
      "no"
    ]
  },
  "dpTTTMowgDYptWd2YZdUT7": {
    "question_id": "dpTTTMowgDYptWd2YZdUT7",
    "prediction": "downhill",
    "actual": [
      "downhill",
      "down",
      "downwards",
      "downward",
      "down",
      "down hill",
      "downhill",
      "down",
      "downhill",
      "down"
    ]
  },
  "dvvTUCDA3wK4Q9KZKboPgg": {
    "question_id": "dvvTUCDA3wK4Q9KZKboPgg",
    "prediction": "smoke",
    "actual": [
      "steam",
      "smoke",
      "steam",
      "smoke",
      "steam",
      "smog",
      "smoke",
      "steam",
      "smoke",
      "steam"
    ]
  },
  "eB3RtTTsyXa6YKzPMrm4kd": {
    "question_id": "eB3RtTTsyXa6YKzPMrm4kd",
    "prediction": "wine",
    "actual": [
      "red wine",
      "wine",
      "wine",
      "red wine",
      "wine",
      "red wine",
      "wine",
      "wine",
      "red wine",
      "wine"
    ]
  },
  "eJTAScNwDH8iedN247LDBV": {
    "question_id": "eJTAScNwDH8iedN247LDBV",
    "prediction": "tie",
    "actual": [
      "tie",
      "suit",
      "tie",
      "tie",
      "tie",
      "earrings",
      "tie",
      "ties",
      "tie",
      "tie"
    ]
  },
  "eQRQC4E5pZanwwyme6kTJA": {
    "question_id": "eQRQC4E5pZanwwyme6kTJA",
    "prediction": "field",
    "actual": [
      "rural",
      "field",
      "pasture",
      "farming",
      "field",
      "field",
      "pasture",
      "fields",
      "pasture",
      "farm"
    ]
  },
  "eTzxabUHi9XjTeaAKr9nz2": {
    "question_id": "eTzxabUHi9XjTeaAKr9nz2",
    "prediction": "airport",
    "actual": [
      "station",
      "airport",
      "airport",
      "airport",
      "airport",
      "airport",
      "airport",
      "airport",
      "shopping mall",
      "airport"
    ]
  },
  "edgUrxZbEmJboFbFUdBdCm": {
    "question_id": "edgUrxZbEmJboFbFUdBdCm",
    "prediction": "baseball bat",
    "actual": [
      "bat",
      "bat",
      "baseball bat",
      "bat",
      "baseball bat",
      "bat",
      "baseball bat",
      "baseball bat",
      "bat",
      "bat"
    ]
  },
  "eiLeNz2CFKYS7AFZDXrKEM": {
    "question_id": "eiLeNz2CFKYS7AFZDXrKEM",
    "prediction": "school",
    "actual": [
      "school",
      "school",
      "class",
      "school class",
      "school",
      "class",
      "school",
      "school class",
      "school",
      "school age"
    ]
  },
  "epWz8dQzRohUWmTphUjt4p": {
    "question_id": "epWz8dQzRohUWmTphUjt4p",
    "prediction": "fire",
    "actual": [
      "fire",
      "firewood",
      "fire",
      "fire",
      "fire",
      "fireplace",
      "fire",
      "fire",
      "fire",
      "smoke"
    ]
  },
  "f5nsFmeqGkf4zfaSVk4ocX": {
    "question_id": "f5nsFmeqGkf4zfaSVk4ocX",
    "prediction": "daughter",
    "actual": [
      "daughter",
      "daughter",
      "daughter",
      "daughter",
      "daughter",
      "daughter",
      "daughter",
      "daughter",
      "daughter",
      "daughter"
    ]
  },
  "f64sjY8tRYzCoYyGq2fyem": {
    "question_id": "f64sjY8tRYzCoYyGq2fyem",
    "prediction": "food",
    "actual": [
      "fridge",
      "food",
      "fridge",
      "eggs",
      "fridge",
      "food",
      "fridge",
      "food",
      "vegetables looking",
      "refrigerator"
    ]
  },
  "feGFfp3nMKyVUYRboCosh9": {
    "question_id": "feGFfp3nMKyVUYRboCosh9",
    "prediction": "fruits",
    "actual": [
      "fruits",
      "fruit",
      "food",
      "fruits vegetables",
      "fruits vegetables",
      "fruits",
      "fruits vegetables",
      "fruits",
      "fruits",
      "fruit"
    ]
  },
  "fjqDSmg3254rQUdBJujxZy": {
    "question_id": "fjqDSmg3254rQUdBJujxZy",
    "prediction": "europe",
    "actual": [
      "britain",
      "europe",
      "europe",
      "italy",
      "europe",
      "europe",
      "european",
      "europe",
      "europe",
      "europe"
    ]
  },
  "fpgzreGfZFZQjPFocePhFo": {
    "question_id": "fpgzreGfZFZQjPFocePhFo",
    "prediction": "snow",
    "actual": [
      "snow",
      "snow",
      "snow",
      "snow",
      "snow",
      "snow",
      "snow",
      "snow",
      "snow",
      "snow"
    ]
  },
  "gVpcdVA7d4t69Wgw9yS5d9": {
    "question_id": "gVpcdVA7d4t69Wgw9yS5d9",
    "prediction": "tennis ball",
    "actual": [
      "ball",
      "tennis ball",
      "tennis ball",
      "ball",
      "tennis ball",
      "tennis ball",
      "tennis ball",
      "tennis ball",
      "tennis ball",
      "ball"
    ]
  },
  "hAnVoSeXQksd6ZjSYMBFpA": {
    "question_id": "hAnVoSeXQksd6ZjSYMBFpA",
    "prediction": "skiing",
    "actual": [
      "skiing",
      "skiing",
      "skiing",
      "skiing",
      "skiing",
      "skiing",
      "skiing",
      "skiing",
      "skiing",
      "skiing"
    ]
  },
  "hB2doqSEEeky2XNUEHdz79": {
    "question_id": "hB2doqSEEeky2XNUEHdz79",
    "prediction": "grass",
    "actual": [
      "grass",
      "grass",
      "grass",
      "grass",
      "grass",
      "grass",
      "grass",
      "field",
      "grass",
      "grass"
    ]
  },
  "hUiYQuwqYiQH2xibX65Wss": {
    "question_id": "hUiYQuwqYiQH2xibX65Wss",
    "prediction": "icing",
    "actual": [
      "frosting",
      "icing",
      "frosting",
      "frosting",
      "frosting",
      "icing",
      "frosting",
      "icing",
      "frosting",
      "icing"
    ]
  },
  "hikczeyros8C4QajTVYThj": {
    "question_id": "hikczeyros8C4QajTVYThj",
    "prediction": "frisbee",
    "actual": [
      "frisbees",
      "frisbee",
      "frisbees",
      "frisbee",
      "frisbee",
      "frisbee",
      "frisbees",
      "frisbee",
      "frisbees",
      "frisbees"
    ]
  },
  "hmfuC58r3K4Yg7EkMxJXXb": {
    "question_id": "hmfuC58r3K4Yg7EkMxJXXb",
    "prediction": "potatoes",
    "actual": [
      "potatoes",
      "potatoes",
      "potatoes",
      "potatoes",
      "potato",
      "potato",
      "potato",
      "potatoes",
      "potato",
      "potatoes"
    ]
  },
  "hnKD5XstcaNYe6tjb6vCPe": {
    "question_id": "hnKD5XstcaNYe6tjb6vCPe",
    "prediction": "office",
    "actual": [
      "office",
      "at desk",
      "office",
      "office",
      "office",
      "office",
      "at desk",
      "office",
      "office",
      "office"
    ]
  },
  "iEUBT5a5ajx5MR33EMkQVr": {
    "question_id": "iEUBT5a5ajx5MR33EMkQVr",
    "prediction": "boats",
    "actual": [
      "canoes",
      "boats",
      "boats",
      "canoes",
      "boat",
      "boats",
      "boat",
      "boats",
      "boats",
      "fishing boats"
    ]
  },
  "iL7gMCQ2U2vjmJWoyYc9wn": {
    "question_id": "iL7gMCQ2U2vjmJWoyYc9wn",
    "prediction": "foil",
    "actual": [
      "foil",
      "tin foil",
      "foil",
      "tin foil",
      "tin foil",
      "foil",
      "aluminum foil",
      "tin foil",
      "tin foil",
      "tin foil"
    ]
  },
  "j3G4tBe5ga2sVPS2yWYbFM": {
    "question_id": "j3G4tBe5ga2sVPS2yWYbFM",
    "prediction": "serve",
    "actual": [
      "return serve",
      "serve ball",
      "return serve",
      "serve",
      "hit ball",
      "catch",
      "serve",
      "serve",
      "return serve",
      "retrieve ball"
    ]
  },
  "j4usZ4NoJf62hcBq4GCBc7": {
    "question_id": "j4usZ4NoJf62hcBq4GCBc7",
    "prediction": "chinese",
    "actual": [
      "japanese",
      "chinese",
      "asian",
      "chinese",
      "asian",
      "stirfry",
      "chinese",
      "chinese",
      "chinese",
      "asian"
    ]
  },
  "j6q58xPaDShNBgnj2kKpAP": {
    "question_id": "j6q58xPaDShNBgnj2kKpAP",
    "prediction": "beach",
    "actual": [
      "on beach",
      "beach",
      "beach",
      "beach",
      "beach",
      "beach",
      "beach",
      "sand",
      "near sea",
      "on beach"
    ]
  },
  "j9ix7Egb5KJ7PkXttbbtdC": {
    "question_id": "j9ix7Egb5KJ7PkXttbbtdC",
    "prediction": "sitting",
    "actual": [
      "sitting",
      "siting",
      "being photographed",
      "wearing helmet",
      "wearing helmet",
      "sitting",
      "sitting",
      "wearing helmet",
      "sitting",
      "sitting"
    ]
  },
  "jENRJNFPp8S9aqLGkRfkiU": {
    "question_id": "jENRJNFPp8S9aqLGkRfkiU",
    "prediction": "home",
    "actual": [
      "living room",
      "living room",
      "home",
      "living room",
      "home",
      "home",
      "living room",
      "living room",
      "family room",
      "home"
    ]
  },
  "jQLQXdTab2NMEr4CHskSjQ": {
    "question_id": "jQLQXdTab2NMEr4CHskSjQ",
    "prediction": "motorcycles",
    "actual": [
      "moped",
      "motorcycle",
      "motorcycles",
      "motorcycle",
      "motorcycles",
      "motorcycles",
      "motorcycle",
      "motorcycles",
      "motorcycles",
      "motorcycle"
    ]
  },
  "jVXbihURQxsHwkTVByGBKj": {
    "question_id": "jVXbihURQxsHwkTVByGBKj",
    "prediction": "surfboards",
    "actual": [
      "waves",
      "surfboards",
      "surfboards",
      "surfboards",
      "surfboard",
      "surf boards",
      "surfboard",
      "surf boards",
      "surfboards",
      "surf board"
    ]
  },
  "jb2M9hwaHvK2itZac5i4tb": {
    "question_id": "jb2M9hwaHvK2itZac5i4tb",
    "prediction": "boats",
    "actual": [
      "marina docks",
      "marina",
      "boats",
      "boats",
      "marina",
      "docks",
      "docks",
      "boats",
      "pier",
      "port"
    ]
  },
  "jfuLWvGbtvRTnLYAPEE8pi": {
    "question_id": "jfuLWvGbtvRTnLYAPEE8pi",
    "prediction": "two",
    "actual": [
      "two",
      "two",
      "two",
      "two",
      "two",
      "two",
      "two",
      "two",
      "two",
      "two"
    ]
  },
  "jqhSWKF72XwtaJGZH7XbS9": {
    "question_id": "jqhSWKF72XwtaJGZH7XbS9",
    "prediction": "two",
    "actual": [
      "two",
      "two",
      "two",
      "two",
      "two",
      "two",
      "two",
      "two",
      "two",
      "two"
    ]
  },
  "jtqcU9Q9ToadtKDFM8p7mP": {
    "question_id": "jtqcU9Q9ToadtKDFM8p7mP",
    "prediction": "rice",
    "actual": [
      "fried rice",
      "fried rice",
      "cereal",
      "rice",
      "rice",
      "rice",
      "pasta",
      "rice",
      "egg rice",
      "rice"
    ]
  },
  "jyrnj3VZZGHVf5gYxzYmxA": {
    "question_id": "jyrnj3VZZGHVf5gYxzYmxA",
    "prediction": "wine tasting",
    "actual": [
      "wine tasting",
      "wine tasting",
      "wine gallery",
      "wine tasting",
      "tasting",
      "wine tasting",
      "wine tasting",
      "tasting",
      "wine tasting",
      "wine tasting"
    ]
  },
  "kHb4MjmU3bZTRY5qJSrZe7": {
    "question_id": "kHb4MjmU3bZTRY5qJSrZe7",
    "prediction": "forehand",
    "actual": [
      "backhand",
      "tennis",
      "tennis ball",
      "forehand",
      "right hand",
      "forehand",
      "forehand",
      "backhand",
      "swing",
      "forehand"
    ]
  },
  "kLeQDtR5HUh6L8dbvEzhGe": {
    "question_id": "kLeQDtR5HUh6L8dbvEzhGe",
    "prediction": "oven",
    "actual": [
      "stove/oven",
      "stove",
      "range",
      "stove",
      "oven",
      "stove",
      "oven",
      "stove",
      "stove",
      "oven"
    ]
  },
  "kZWuYe4HefJH33d7GCb4Tk": {
    "question_id": "kZWuYe4HefJH33d7GCb4Tk",
    "prediction": "chinese",
    "actual": [
      "japanese",
      "chinese",
      "asian",
      "chinese",
      "asia",
      "chinese",
      "china",
      "chinese",
      "chinese food",
      "asian"
    ]
  },
  "m4BSqisXuHjv98qLTDT2NE": {
    "question_id": "m4BSqisXuHjv98qLTDT2NE",
    "prediction": "baking",
    "actual": [
      "cooking cakes",
      "baking",
      "baking cake",
      "cooking",
      "cooling rack",
      "cake",
      "baking",
      "cooking",
      "baking",
      "baking"
    ]
  },
  "mQJZ2QZgUf2uzSoLNyFn8w": {
    "question_id": "mQJZ2QZgUf2uzSoLNyFn8w",
    "prediction": "dogs",
    "actual": [
      "dogs",
      "dogs",
      "dogs",
      "dogs",
      "dogs",
      "dogs",
      "dogs",
      "dogs",
      "dogs",
      "dogs"
    ]
  },
  "mcfejYn8zoagoF5VgNuR2F": {
    "question_id": "mcfejYn8zoagoF5VgNuR2F",
    "prediction": "wine",
    "actual": [
      "wine",
      "wine",
      "red wine",
      "wine",
      "wine",
      "wine",
      "wine",
      "red wine",
      "wine",
      "red wine"
    ]
  },
  "mdxki75RbHjL4kGrUbbSY2": {
    "question_id": "mdxki75RbHjL4kGrUbbSY2",
    "prediction": "san francisco",
    "actual": [
      "san francisco",
      "san francisco",
      "san francisco",
      "san francisco",
      "castro",
      "san francisco",
      "california",
      "san francisco",
      "san francisco",
      "stanyan"
    ]
  },
  "moDoPYYpw2bSfSdDnFnut9": {
    "question_id": "moDoPYYpw2bSfSdDnFnut9",
    "prediction": "sausage",
    "actual": [
      "hot dog",
      "hotdog",
      "hot dog",
      "hot dog",
      "hotdog",
      "sausage",
      "sausage",
      "pork hotdog",
      "sausage",
      "hot dog"
    ]
  },
  "n3EWd223KWajDuTgFCGZmw": {
    "question_id": "n3EWd223KWajDuTgFCGZmw",
    "prediction": "refrigerator",
    "actual": [
      "refrigerator",
      "fridge",
      "fridge",
      "fridge",
      "fridge",
      "fridge",
      "refrigerator",
      "fridge",
      "refrigerator",
      "fridge"
    ]
  },
  "nKwQobxEKFkMGtc8DcQ5Ju": {
    "question_id": "nKwQobxEKFkMGtc8DcQ5Ju",
    "prediction": "two",
    "actual": [
      "two",
      "two",
      "two",
      "two",
      "one",
      "two",
      "two",
      "two",
      "two",
      "two"
    ]
  },
  "nbKEZAsRQ7mimyjkQYFn6d": {
    "question_id": "nbKEZAsRQ7mimyjkQYFn6d",
    "prediction": "fire department",
    "actual": [
      "fire",
      "fire department",
      "fire department",
      "fire department",
      "fire",
      "fire department",
      "fire department",
      "fire",
      "fire",
      "fire"
    ]
  },
  "nejsAgBentBTfKxMaELBsr": {
    "question_id": "nejsAgBentBTfKxMaELBsr",
    "prediction": "write",
    "actual": [
      "grade paper",
      "grade paper",
      "write",
      "write",
      "write",
      "write",
      "write",
      "write",
      "write",
      "grade paper"
    ]
  },
  "njzRWp6op4a49j3UtEjEFo": {
    "question_id": "njzRWp6op4a49j3UtEjEFo",
    "prediction": "birthday party",
    "actual": [
      "birthday party",
      "pizza party",
      "birthday party",
      "childrens",
      "pizza party",
      "birthday",
      "pizza party",
      "pizza party",
      "birthday party",
      "party"
    ]
  },
  "nkstSbXoxcYyHbvBbKvZtV": {
    "question_id": "nkstSbXoxcYyHbvBbKvZtV",
    "prediction": "dragon",
    "actual": [
      "dragon",
      "dragon",
      "dragon",
      "sting ray",
      "stingray",
      "snake",
      "ray",
      "sting ray",
      "eel",
      "snake"
    ]
  },
  "o7YUWt5CppEBSMU9tUszUZ": {
    "question_id": "o7YUWt5CppEBSMU9tUszUZ",
    "prediction": "rain",
    "actual": [
      "rain",
      "rainy day",
      "rainy day",
      "rainy day",
      "rain",
      "rain",
      "rain",
      "rain",
      "rain",
      "rain"
    ]
  },
  "o9UdSvT8pgAVAQCkm8XPdz": {
    "question_id": "o9UdSvT8pgAVAQCkm8XPdz",
    "prediction": "river",
    "actual": [
      "river",
      "canal",
      "canal",
      "canal",
      "river",
      "canal",
      "canal",
      "river",
      "canal",
      "venice canal"
    ]
  },
  "oAL5LQnAH9sB2oMiAmxsbq": {
    "question_id": "oAL5LQnAH9sB2oMiAmxsbq",
    "prediction": "salad",
    "actual": [
      "salad",
      "fruit salad",
      "fruit salad",
      "fruit salad",
      "fruit salad",
      "fruit salad",
      "fruit salad",
      "salad",
      "salad",
      "fruit salad"
    ]
  },
  "578p2wBoYH5uozEuVypCEw": {
    "question_id": "578p2wBoYH5uozEuVypCEw",
    "prediction": "elephants",
    "actual": [
      "elephant",
      "elephants",
      "elephant",
      "elephants",
      "elephants",
      "elephants",
      "elephants",
      "elephants",
      "elephants",
      "elephants"
    ]
  },
  "QfzADtoknvheZQ3r9o4XWa": {
    "question_id": "QfzADtoknvheZQ3r9o4XWa",
    "prediction": "athletic",
    "actual": [
      "lean",
      "physique",
      "fit",
      "athletic",
      "slim",
      "slim",
      "in shape",
      "athletic",
      "scrawny lean",
      "athletic"
    ]
  },
  "TCqWeX5SXeeUmMjqkWnbSz": {
    "question_id": "TCqWeX5SXeeUmMjqkWnbSz",
    "prediction": "remote",
    "actual": [
      "remote control",
      "remote",
      "remote",
      "remote",
      "remote",
      "remote",
      "remote control",
      "tv remote",
      "remote control",
      "remote"
    ]
  },
  "b6kMEJD9bLnsJksyGqZgcR": {
    "question_id": "b6kMEJD9bLnsJksyGqZgcR",
    "prediction": "united states",
    "actual": [
      "united states",
      "united states",
      "america",
      "usa",
      "america",
      "united states",
      "united states",
      "united states",
      "usa",
      "usa"
    ]
  },
  "mZGqAwu28rKDYShh6mrTz7": {
    "question_id": "mZGqAwu28rKDYShh6mrTz7",
    "prediction": "wind",
    "actual": [
      "wind",
      "kite",
      "wind",
      "wind",
      "targeting",
      "wind",
      "wind",
      "wind",
      "wind",
      "kite"
    ]
  },
  "6GNHDAUJnk4GUrW6x4AJwF": {
    "question_id": "6GNHDAUJnk4GUrW6x4AJwF",
    "prediction": "grass",
    "actual": [
      "grass",
      "three zebras",
      "wild animals",
      "grass",
      "grassy ground",
      "forest",
      "grass",
      "running",
      "grass",
      "field"
    ]
  },
  "CfaSzNgDy23yuC4X55XVmn": {
    "question_id": "CfaSzNgDy23yuC4X55XVmn",
    "prediction": "playing",
    "actual": [
      "playing",
      "hokcey",
      "cleaning",
      "playing hockey",
      "playing",
      "playing hockey",
      "playing",
      "hockey",
      "tear beer",
      "hang"
    ]
  },
  "F8Df2XjGi87XQBkJNa79Ka": {
    "question_id": "F8Df2XjGi87XQBkJNa79Ka",
    "prediction": "bakery",
    "actual": [
      "cake cutting",
      "birthday cakes",
      "bakery",
      "cake",
      "bakery",
      "bakery",
      "organization",
      "bakery",
      "bakery",
      "rainbow"
    ]
  },
  "Kn65sKCZq6EBQWNdQB469p": {
    "question_id": "Kn65sKCZq6EBQWNdQB469p",
    "prediction": "banana",
    "actual": [
      "big bananas",
      "banana",
      "banana",
      "bananas",
      "banana",
      "banana shop",
      "banana",
      "banana",
      "banana",
      "banana"
    ]
  },
  "WwzDYpWLZsus6tMdSzVhWk": {
    "question_id": "WwzDYpWLZsus6tMdSzVhWk",
    "prediction": "catcher",
    "actual": [
      "catching",
      "catcher",
      "catcher",
      "catcher",
      "running",
      "catcher",
      "giove",
      "playing time",
      "tennis player",
      "catcher"
    ]
  }
}