{
  "2DQex53EkNGH2cfo3WPuPn": {
    "question_id": "2DQex53EkNGH2cfo3WPuPn",
    "prediction": "keyboard",
    "actual": "mobile phone"
  },
  "2N5sYXgyFqbDnuUhJFAWr5": {
    "question_id": "2N5sYXgyFqbDnuUhJFAWr5",
    "prediction": "minimalist",
    "actual": "crowded"
  },
  "2P5mVJc5a6DcCN9opV92FJ": {
    "question_id": "2P5mVJc5a6DcCN9opV92FJ",
    "prediction": "leaping",
    "actual": "crouching"
  },
  "2RN4dwhRZR3ZSKHtRnJdX3": {
    "question_id": "2RN4dwhRZR3ZSKHtRnJdX3",
    "prediction": "canada",
    "actual": "united states"
  },
  "2U3SiXdyEgJBHNThL4YbPz": {
    "question_id": "2U3SiXdyEgJBHNThL4YbPz",
    "prediction": "fork",
    "actual": "candle"
  },
  "2YfYkRjcnnsVzjycPehWPA": {
    "question_id": "2YfYkRjcnnsVzjycPehWPA",
    "prediction": "radish",
    "actual": "grapes"
  },
  "2etjUMchktfSY5fgGg5msL": {
    "question_id": "2etjUMchktfSY5fgGg5msL",
    "prediction": "pills",
    "actual": "cough drops"
  },
  "2sUggWn8qBk97E38wKpjN5": {
    "question_id": "2sUggWn8qBk97E38wKpjN5",
    "prediction": "morning",
    "actual": "afternoon"
  },
  "2vGs6CLETM2BJPstdHjku9": {
    "question_id": "2vGs6CLETM2BJPstdHjku9",
    "prediction": "sleep",
    "actual": "jump"
  },
  "2wbNBVZMGZnVpYohDAed8d": {
    "question_id": "2wbNBVZMGZnVpYohDAed8d",
    "prediction": "concert",
    "actual": "date"
  },
  "2xDeTCXSRqdhvREBDhHsMx": {
    "question_id": "2xDeTCXSRqdhvREBDhHsMx",
    "prediction": "frosting",
    "actual": "fondant"
  },
  "2xn24MrfJ2mLJC7xDBGUJA": {
    "question_id": "2xn24MrfJ2mLJC7xDBGUJA",
    "prediction": "cold",
    "actual": "chef"
  },
  "2zTqTkKqa89GUKLzMUkDic": {
    "question_id": "2zTqTkKqa89GUKLzMUkDic",
    "prediction": "eagle",
    "actual": "human"
  },
  "34ah8AmQenWUyH2fZvJH7a": {
    "question_id": "34ah8AmQenWUyH2fZvJH7a",
    "prediction": "tropical resort",
    "actual": "ski resort"
  },
  "399Vdu2QjamF3vheUvbRg2": {
    "question_id": "399Vdu2QjamF3vheUvbRg2",
    "prediction": "road",
    "actual": "air"
  },
  "39CcpmwATuiwiZLZo3XMuv": {
    "question_id": "39CcpmwATuiwiZLZo3XMuv",
    "prediction": "up",
    "actual": "down"
  },
  "3X8TsFBRS7mBsBbyFDzRdb": {
    "question_id": "3X8TsFBRS7mBsBbyFDzRdb",
    "prediction": "flatbread",
    "actual": "pepperoni"
  },
  "3cCvfCWnLfrmqYEaFzb2Xm": {
    "question_id": "3cCvfCWnLfrmqYEaFzb2Xm",
    "prediction": "flea market",
    "actual": "street festival"
  },
  "3echacwmLBUByWpjh85Mfv": {
    "question_id": "3echacwmLBUByWpjh85Mfv",
    "prediction": "pillow",
    "actual": "white bag"
  },
  "3hvf4MjtcgpFznUWS5bbvj": {
    "question_id": "3hvf4MjtcgpFznUWS5bbvj",
    "prediction": "lacrosse",
    "actual": "baseball"
  },
  "3qnvp3XRGpc5L6RMhRZ3gg": {
    "question_id": "3qnvp3XRGpc5L6RMhRZ3gg",
    "prediction": "lotions",
    "actual": "shampoo conditioner"
  },
  "3vbWi2p7C9SSUHWSdbMYbE": {
    "question_id": "3vbWi2p7C9SSUHWSdbMYbE",
    "prediction": "wii tennis",
    "actual": "wii boxing"
  },
  "3w3DT989GgT6yjqurjvmt6": {
    "question_id": "3w3DT989GgT6yjqurjvmt6",
    "prediction": "slide",
    "actual": "bunt"
  },
  "3zxLUD8FPcCLJWYsG7h2KY": {
    "question_id": "3zxLUD8FPcCLJWYsG7h2KY",
    "prediction": "commercial kitchen",
    "actual": "domestic kitchen"
  },
  "455nQuaxbURN5ofLfbCqfq": {
    "question_id": "455nQuaxbURN5ofLfbCqfq",
    "prediction": "valley",
    "actual": "savanna"
  },
  "45ZJiwQ8E4sqUTyJSUzEN3": {
    "question_id": "45ZJiwQ8E4sqUTyJSUzEN3",
    "prediction": "plastic",
    "actual": "steel"
  },
  "49CisPCc2LiA5TUAdHZgXe": {
    "question_id": "49CisPCc2LiA5TUAdHZgXe",
    "prediction": "tiger",
    "actual": "dog"
  },
  "4BFN6MtJcaFzpccm3UwZva": {
    "question_id": "4BFN6MtJcaFzpccm3UwZva",
    "prediction": "dinning room",
    "actual": "bathroom"
  },
  "4C2cZitDfGX5ytw6YTcxiL": {
    "question_id": "4C2cZitDfGX5ytw6YTcxiL",
    "prediction": "washing machine",
    "actual": "sink"
  },
  "4FBqxbmT4zCDwWzm3gH7LY": {
    "question_id": "4FBqxbmT4zCDwWzm3gH7LY",
    "prediction": "vegetables",
    "actual": "meat"
  },
  "4HXTUJHey3SSzuoE66yHKi": {
    "question_id": "4HXTUJHey3SSzuoE66yHKi",
    "prediction": "plaid",
    "actual": "tie dyed"
  },
  "4U4iSWxvXv9RtE6V9KpxJo": {
    "question_id": "4U4iSWxvXv9RtE6V9KpxJo",
    "prediction": "decoration",
    "actual": "call letters"
  },
  "4cdYbJFFeKXJr6LbKgcxTa": {
    "question_id": "4cdYbJFFeKXJr6LbKgcxTa",
    "prediction": "suburban",
    "actual": "city"
  },
  "4dnt6ahNTCENKrvBhExyvV": {
    "question_id": "4dnt6ahNTCENKrvBhExyvV",
    "prediction": "probably yes",
    "actual": "absolutely no"
  },
  "4iV8UfNJs7Wy6XAt9SHMVJ": {
    "question_id": "4iV8UfNJs7Wy6XAt9SHMVJ",
    "prediction": "kitchen",
    "actual": "bedroom"
  },
  "4j6bW4ChHncMKUnmnGAQQ2": {
    "question_id": "4j6bW4ChHncMKUnmnGAQQ2",
    "prediction": "gaming",
    "actual": "academic"
  },
  "4jnshoBeGDGmRjspTuvr29": {
    "question_id": "4jnshoBeGDGmRjspTuvr29",
    "prediction": "bus",
    "actual": "dirt bikes"
  },
  "4mgcpzD4d6adkPQP7cxg54": {
    "question_id": "4mgcpzD4d6adkPQP7cxg54",
    "prediction": "chicago",
    "actual": "new york"
  },
  "4t5DcDdFbw5x9PVRKis5AQ": {
    "question_id": "4t5DcDdFbw5x9PVRKis5AQ",
    "prediction": "beer",
    "actual": "milkshake"
  },
  "4wVv7CDVuQNaz7LLHDg89t": {
    "question_id": "4wVv7CDVuQNaz7LLHDg89t",
    "prediction": "truck",
    "actual": "bicycle"
  },
  "4xBq7ak8qCE92z8vddKXtu": {
    "question_id": "4xBq7ak8qCE92z8vddKXtu",
    "prediction": "north",
    "actual": "west"
  },
  "4yd2xqYxWenwSYEucHnNXR": {
    "question_id": "4yd2xqYxWenwSYEucHnNXR",
    "prediction": "china",
    "actual": "france"
  },
  "5AhBQW2ucGSwJbPTtXHTFd": {
    "question_id": "5AhBQW2ucGSwJbPTtXHTFd",
    "prediction": "tanks",
    "actual": "cars"
  },
  "5LTzpByXwsWGViYAXqiVEX": {
    "question_id": "5LTzpByXwsWGViYAXqiVEX",
    "prediction": "bats",
    "actual": "tennis balls"
  },
  "5Re4MQxw5XwLbQQzqQVZcV": {
    "question_id": "5Re4MQxw5XwLbQQzqQVZcV",
    "prediction": "sandwich",
    "actual": "soup"
  },
  "5S32A279iAfRetbkeWJd77": {
    "question_id": "5S32A279iAfRetbkeWJd77",
    "prediction": "dark car",
    "actual": "two-wheeler"
  },
  "5TbBvzzr5N35YUs7yBd7Ah": {
    "question_id": "5TbBvzzr5N35YUs7yBd7Ah",
    "prediction": "ground",
    "actual": "chain"
  },
  "5XBmJitjSm9g7SQqNxYpe7": {
    "question_id": "5XBmJitjSm9g7SQqNxYpe7",
    "prediction": "table",
    "actual": "island"
  },
  "5Y5u3gnReRQbzkRnGw5ywd": {
    "question_id": "5Y5u3gnReRQbzkRnGw5ywd",
    "prediction": "asphalt",
    "actual": "stone"
  },
  "5aXXZiPUcUzScs2do5tjYs": {
    "question_id": "5aXXZiPUcUzScs2do5tjYs",
    "prediction": "sprinkled",
    "actual": "piping tip"
  },
  "5cNGmGcUxJP7rwHnc6BXrs": {
    "question_id": "5cNGmGcUxJP7rwHnc6BXrs",
    "prediction": "dining",
    "actual": "restroom"
  },
  "5fDUuYWCZMudfXVEPywFYc": {
    "question_id": "5fDUuYWCZMudfXVEPywFYc",
    "prediction": "serena williams",
    "actual": "maria sharapova"
  },
  "5wfUGvXtyEw22kABjGaHxT": {
    "question_id": "5wfUGvXtyEw22kABjGaHxT",
    "prediction": "broccoli",
    "actual": "fish"
  },
  "5z9Zmf4GRKoCa7igqv4Ef7": {
    "question_id": "5z9Zmf4GRKoCa7igqv4Ef7",
    "prediction": "instruments",
    "actual": "clothing"
  },
  "64o6jMUzFmawogFAYnhNoh": {
    "question_id": "64o6jMUzFmawogFAYnhNoh",
    "prediction": "plaid",
    "actual": "camouflage"
  },
  "65Sfsx6hqdJ5UqNWLB3RCG": {
    "question_id": "65Sfsx6hqdJ5UqNWLB3RCG",
    "prediction": "zoo",
    "actual": "wild"
  },
  "66abRGQG535WgzgU5Ue9ru": {
    "question_id": "66abRGQG535WgzgU5Ue9ru",
    "prediction": "expo",
    "actual": "home"
  },
  "6EzruBdkEgwx74NmrhoyBV": {
    "question_id": "6EzruBdkEgwx74NmrhoyBV",
    "prediction": "candle",
    "actual": "clock"
  },
  "6HizsyvwUgduwabP2dWha5": {
    "question_id": "6HizsyvwUgduwabP2dWha5",
    "prediction": "more buildings",
    "actual": "sunlight"
  },
  "6J2yw53YiEDoNpMSt9mSsC": {
    "question_id": "6J2yw53YiEDoNpMSt9mSsC",
    "prediction": "protest",
    "actual": "meeting"
  },
  "6LfBvcynQvD7BaU3CCvfNG": {
    "question_id": "6LfBvcynQvD7BaU3CCvfNG",
    "prediction": "house",
    "actual": "building"
  },
  "6Qf2MxVMdHGnxrEZ3xGn7Q": {
    "question_id": "6Qf2MxVMdHGnxrEZ3xGn7Q",
    "prediction": "sunburn",
    "actual": "raining"
  },
  "6SYTPwk8BEHMp486oLsFgw": {
    "question_id": "6SYTPwk8BEHMp486oLsFgw",
    "prediction": "rhode island",
    "actual": "new york"
  },
  "6bXnCzchqyDdBZcBGGNbmm": {
    "question_id": "6bXnCzchqyDdBZcBGGNbmm",
    "prediction": "residential",
    "actual": "commercial"
  },
  "6fCWweqmigW6UaiyaHq4Sy": {
    "question_id": "6fCWweqmigW6UaiyaHq4Sy",
    "prediction": "shortstop",
    "actual": "position"
  },
  "6kpEuXnXz4ghWMLLBcRjmf": {
    "question_id": "6kpEuXnXz4ghWMLLBcRjmf",
    "prediction": "turning",
    "actual": "parking"
  },
  "6nV6KKMbWYsw8Rv9Sw7k2N": {
    "question_id": "6nV6KKMbWYsw8Rv9Sw7k2N",
    "prediction": "cinderella",
    "actual": "xena"
  },
  "6pTSACKywJKkVRa7WGmzKe": {
    "question_id": "6pTSACKywJKkVRa7WGmzKe",
    "prediction": "yellow",
    "actual": "green"
  },
  "6vnibNuMQyy5nWAxNEGTgj": {
    "question_id": "6vnibNuMQyy5nWAxNEGTgj",
    "prediction": "chinese",
    "actual": "alcohol"
  },
  "73ixwXaUcqfgsJYLzCABWC": {
    "question_id": "73ixwXaUcqfgsJYLzCABWC",
    "prediction": "blimp",
    "actual": "kite"
  },
  "73kd5sUo4zXkApi6v4X8Qc": {
    "question_id": "73kd5sUo4zXkApi6v4X8Qc",
    "prediction": "chinese",
    "actual": "mexican"
  },
  "74CMNF7KTeAFsXza5GJLGb": {
    "question_id": "74CMNF7KTeAFsXza5GJLGb",
    "prediction": "tour",
    "actual": "school"
  },
  "764XKetFB6T3wsiABqc79e": {
    "question_id": "764XKetFB6T3wsiABqc79e",
    "prediction": "rectangles",
    "actual": "triangles"
  },
  "767TWXi3wYjFiBX3YXyMuU": {
    "question_id": "767TWXi3wYjFiBX3YXyMuU",
    "prediction": "paint",
    "actual": "frosting"
  },
  "79yRxKFXwWZZiCBAHtJqeE": {
    "question_id": "79yRxKFXwWZZiCBAHtJqeE",
    "prediction": "twenty first",
    "actual": "twentieth"
  },
  "7CrtnvrK5CTs6c9RC8WgPB": {
    "question_id": "7CrtnvrK5CTs6c9RC8WgPB",
    "prediction": "toyota",
    "actual": "dodge"
  },
  "7DWnTRkU9e86XMwb7QqxYd": {
    "question_id": "7DWnTRkU9e86XMwb7QqxYd",
    "prediction": "oven",
    "actual": "grill"
  },
  "7Hndh7JzZ7BizC4XDSV5Z5": {
    "question_id": "7Hndh7JzZ7BizC4XDSV5Z5",
    "prediction": "feral",
    "actual": "housecat"
  },
  "7KNmiZTYRQBHMJKJ9zkAjR": {
    "question_id": "7KNmiZTYRQBHMJKJ9zkAjR",
    "prediction": "road accident",
    "actual": "red light"
  },
  "7NbKNXQWBYJ8HTRo2J8CoU": {
    "question_id": "7NbKNXQWBYJ8HTRo2J8CoU",
    "prediction": "shirt",
    "actual": "vest"
  },
  "7RjA6a3CFR8w5fVRc8Arji": {
    "question_id": "7RjA6a3CFR8w5fVRc8Arji",
    "prediction": "ketogenic",
    "actual": "vegetarian"
  },
  "7ViVwUt2pnJxqcZoeTc4TR": {
    "question_id": "7ViVwUt2pnJxqcZoeTc4TR",
    "prediction": "tomatoes",
    "actual": "bananas"
  },
  "7Wj97TEQc4fnsxvvsbnUXH": {
    "question_id": "7Wj97TEQc4fnsxvvsbnUXH",
    "prediction": "bread",
    "actual": "carrot"
  },
  "7ZA9sk8eRjBsisqK4EgQM2": {
    "question_id": "7ZA9sk8eRjBsisqK4EgQM2",
    "prediction": "cat",
    "actual": "woman"
  },
  "7dxcZiZowsAK34QswVhXy3": {
    "question_id": "7dxcZiZowsAK34QswVhXy3",
    "prediction": "very humid",
    "actual": "hot"
  },
  "7jkWRB4pt8ZordP6wDAvbT": {
    "question_id": "7jkWRB4pt8ZordP6wDAvbT",
    "prediction": "radio",
    "actual": "tv"
  },
  "7xotSD89TZKNHK4rMZLzfo": {
    "question_id": "7xotSD89TZKNHK4rMZLzfo",
    "prediction": "arctic",
    "actual": "aquatic"
  },
  "82bLyanbdDeEq6mkVa3YGM": {
    "question_id": "82bLyanbdDeEq6mkVa3YGM",
    "prediction": "japan",
    "actual": "usa"
  },
  "86vHZcPAsgzHoG4VL93xqr": {
    "question_id": "86vHZcPAsgzHoG4VL93xqr",
    "prediction": "both",
    "actual": "red"
  },
  "87sGM3r7nnhwncMAKMtbuo": {
    "question_id": "87sGM3r7nnhwncMAKMtbuo",
    "prediction": "jacket",
    "actual": "laptop"
  },
  "8KqQoveNzvvZSgxxPeepUY": {
    "question_id": "8KqQoveNzvvZSgxxPeepUY",
    "prediction": "motorcycle",
    "actual": "red bus"
  },
  "8LVHUcGX7daYbXPh59c8pW": {
    "question_id": "8LVHUcGX7daYbXPh59c8pW",
    "prediction": "bus",
    "actual": "airplane"
  },
  "8MMdCgrej5iBZ7PitRYrt3": {
    "question_id": "8MMdCgrej5iBZ7PitRYrt3",
    "prediction": "purse",
    "actual": "suitcase"
  },
  "8Q69Bei8UReA69MSuQAcLT": {
    "question_id": "8Q69Bei8UReA69MSuQAcLT",
    "prediction": "walk",
    "actual": "picture"
  },
  "8R6BwQYURjKQu4FPYr8TpL": {
    "question_id": "8R6BwQYURjKQu4FPYr8TpL",
    "prediction": "new york",
    "actual": "seattle"
  },
  "8RDETmscMEEsHh6Sbekaa6": {
    "question_id": "8RDETmscMEEsHh6Sbekaa6",
    "prediction": "confused",
    "actual": "smiling"
  },
  "8SzR5UpGtrsFWoxheZ9SkE": {
    "question_id": "8SzR5UpGtrsFWoxheZ9SkE",
    "prediction": "playstation 3",
    "actual": "nintendo wii"
  },
  "8dWqzZJR3MvHHSGAAzAEJy": {
    "question_id": "8dWqzZJR3MvHHSGAAzAEJy",
    "prediction": "insurance",
    "actual": "investments"
  },
  "8k5Wnk4jb9ZzTN8EHrqNS3": {
    "question_id": "8k5Wnk4jb9ZzTN8EHrqNS3",
    "prediction": "pencils",
    "actual": "tissues"
  },
  "8pfeZwe43HT9mMjVmdZhzm": {
    "question_id": "8pfeZwe43HT9mMjVmdZhzm",
    "prediction": "one",
    "actual": "four"
  },
  "8qqTsLQFXdEDT9oeVgZekp": {
    "question_id": "8qqTsLQFXdEDT9oeVgZekp",
    "prediction": "grass",
    "actual": "water"
  },
  "8uQHFZsgJwvQPuvYs7reMA": {
    "question_id": "8uQHFZsgJwvQPuvYs7reMA",
    "prediction": "parking",
    "actual": "turning left"
  },
  "8vnLAkEcA5mAC66h59f4dE": {
    "question_id": "8vnLAkEcA5mAC66h59f4dE",
    "prediction": "yes",
    "actual": "absolutely no"
  },
  "8vuMQFQGMNiU6TcoNUNe2U": {
    "question_id": "8vuMQFQGMNiU6TcoNUNe2U",
    "prediction": "decoration",
    "actual": "advertisement"
  },
  "8vzpRWS6dDNrFCouzebMm9": {
    "question_id": "8vzpRWS6dDNrFCouzebMm9",
    "prediction": "xbox one",
    "actual": "nintendo wii"
  },
  "8w7GuH4PjCommJcwHaGge6": {
    "question_id": "8w7GuH4PjCommJcwHaGge6",
    "prediction": "stadium",
    "actual": "terminal"
  },
  "8xMtKKAZ5RHWjwMgCuYjWV": {
    "question_id": "8xMtKKAZ5RHWjwMgCuYjWV",
    "prediction": "pepperoni",
    "actual": "margarita"
  },
  "92HRqF8nimMzat2iydhLAj": {
    "question_id": "92HRqF8nimMzat2iydhLAj",
    "prediction": "kicking",
    "actual": "skateboarding"
  },
  "93rpK9LLNQ8xmAPrEGm3rv": {
    "question_id": "93rpK9LLNQ8xmAPrEGm3rv",
    "prediction": "thatch",
    "actual": "stone"
  },
  "99VEZ5bvSGBLWtkpJiAAXg": {
    "question_id": "99VEZ5bvSGBLWtkpJiAAXg",
    "prediction": "singing",
    "actual": "eating"
  },
  "9Fvp6un9Bh9va6z5nz9k74": {
    "question_id": "9Fvp6un9Bh9va6z5nz9k74",
    "prediction": "residential",
    "actual": "commercial"
  },
  "9HoQP5bpke2rstGjD8AG7Y": {
    "question_id": "9HoQP5bpke2rstGjD8AG7Y",
    "prediction": "dishwasher",
    "actual": "stove/oven"
  },
  "9J5n2f4j4R4B9t3c6MPSi3": {
    "question_id": "9J5n2f4j4R4B9t3c6MPSi3",
    "prediction": "rice",
    "actual": "turkey"
  },
  "9KA8dr22Hiveh2s9JwvPLZ": {
    "question_id": "9KA8dr22Hiveh2s9JwvPLZ",
    "prediction": "rump",
    "actual": "ear"
  },
  "9PGPr3vxBAb9jyWDiR9ous": {
    "question_id": "9PGPr3vxBAb9jyWDiR9ous",
    "prediction": "dell",
    "actual": "hp"
  },
  "9R6ddmMNiye654hqqPZ2eE": {
    "question_id": "9R6ddmMNiye654hqqPZ2eE",
    "prediction": "decoration",
    "actual": "prevent fire"
  },
  "9R9Ef5J6eaJzSHvUEkBkgq": {
    "question_id": "9R9Ef5J6eaJzSHvUEkBkgq",
    "prediction": "koala",
    "actual": "rooster"
  },
  "9TJtRYnGa8xr8CF67M5Mof": {
    "question_id": "9TJtRYnGa8xr8CF67M5Mof",
    "prediction": "mice",
    "actual": "cats"
  },
  "9VR7RNoJkVj6AWsYtwpDz7": {
    "question_id": "9VR7RNoJkVj6AWsYtwpDz7",
    "prediction": "glutton",
    "actual": "nutritionist"
  },
  "9Vcrsyxf2zbSBauWavQbju": {
    "question_id": "9Vcrsyxf2zbSBauWavQbju",
    "prediction": "left",
    "actual": "middle"
  },
  "9WmbdtPjrRDvD7yeHYr55d": {
    "question_id": "9WmbdtPjrRDvD7yeHYr55d",
    "prediction": "zigzag",
    "actual": "polka dots"
  },
  "9agpK8NJBKhb2vcWiKXRi7": {
    "question_id": "9agpK8NJBKhb2vcWiKXRi7",
    "prediction": "juice",
    "actual": "water"
  },
  "9d7StqUZPtRBbHjSDFwwqa": {
    "question_id": "9d7StqUZPtRBbHjSDFwwqa",
    "prediction": "spouses",
    "actual": "classmates"
  },
  "9fX9oZHdEtHPfWbHi4BhwA": {
    "question_id": "9fX9oZHdEtHPfWbHi4BhwA",
    "prediction": "gin",
    "actual": "coke"
  },
  "9m5dBgT3PJrhWRCDg9ee2z": {
    "question_id": "9m5dBgT3PJrhWRCDg9ee2z",
    "prediction": "watercraft",
    "actual": "passenger"
  },
  "9mBjXaxYD4jzJptHzwbeYW": {
    "question_id": "9mBjXaxYD4jzJptHzwbeYW",
    "prediction": "plastic",
    "actual": "paper"
  },
  "9sqHw3RioVzmBGcxbMqBDM": {
    "question_id": "9sqHw3RioVzmBGcxbMqBDM",
    "prediction": "purple",
    "actual": "brown"
  },
  "9wkHkHDXGGtbJwvLAcXSVs": {
    "question_id": "9wkHkHDXGGtbJwvLAcXSVs",
    "prediction": "dryer",
    "actual": "toaster"
  },
  "9zfgVSEG4hrKHfuoe4tHqx": {
    "question_id": "9zfgVSEG4hrKHfuoe4tHqx",
    "prediction": "tradition",
    "actual": "spend time"
  },
  "A2yJNQmbyDNtQEq4b2EZWx": {
    "question_id": "A2yJNQmbyDNtQEq4b2EZWx",
    "prediction": "greyhound",
    "actual": "flying"
  },
  "A3zGJC9ryU4EkHzywEGdJn": {
    "question_id": "A3zGJC9ryU4EkHzywEGdJn",
    "prediction": "white wine",
    "actual": "red wine"
  },
  "A7MATFYMiNxpWLN7ucoWmS": {
    "question_id": "A7MATFYMiNxpWLN7ucoWmS",
    "prediction": "kitchen",
    "actual": "basement"
  },
  "A9Pk4Az2eRMuSEgB8GnUBU": {
    "question_id": "A9Pk4Az2eRMuSEgB8GnUBU",
    "prediction": "biography",
    "actual": "thriller fiction"
  },
  "ACMY4KCmBjXQNimvG4dJhA": {
    "question_id": "ACMY4KCmBjXQNimvG4dJhA",
    "prediction": "two",
    "actual": "four"
  },
  "ADSaLsXSNftfMMYWMKKqCS": {
    "question_id": "ADSaLsXSNftfMMYWMKKqCS",
    "prediction": "nowhere",
    "actual": "right"
  },
  "AGorRcu8xFxfMHzdj6nxuV": {
    "question_id": "AGorRcu8xFxfMHzdj6nxuV",
    "prediction": "rail",
    "actual": "air"
  },
  "AHYLVWQ4whMVkWeDJiisi9": {
    "question_id": "AHYLVWQ4whMVkWeDJiisi9",
    "prediction": "bed",
    "actual": "beach"
  },
  "AJvjHZ5SF3hD6C3eYniXsc": {
    "question_id": "AJvjHZ5SF3hD6C3eYniXsc",
    "prediction": "rodeo",
    "actual": "farming"
  },
  "AQQMsV5n7NGgths6DjtJcH": {
    "question_id": "AQQMsV5n7NGgths6DjtJcH",
    "prediction": "wet",
    "actual": "soft"
  },
  "AhrmUB8LFNXLkpiLGaaAuY": {
    "question_id": "AhrmUB8LFNXLkpiLGaaAuY",
    "prediction": "balance",
    "actual": "reach"
  },
  "Ar8D5FwKT47LcGDqJXXLjK": {
    "question_id": "Ar8D5FwKT47LcGDqJXXLjK",
    "prediction": "sell them",
    "actual": "eat them"
  },
  "AvSkehQk4bMedgX65PDsAj": {
    "question_id": "AvSkehQk4bMedgX65PDsAj",
    "prediction": "both",
    "actual": "white board"
  },
  "AvkwREzm6e6NBB6ERwG4ws": {
    "question_id": "AvkwREzm6e6NBB6ERwG4ws",
    "prediction": "french open",
    "actual": "wimbledon"
  },
  "AyYa5v5HCXAjDeLXgP2CN5": {
    "question_id": "AyYa5v5HCXAjDeLXgP2CN5",
    "prediction": "towels",
    "actual": "coats"
  },
  "B725pHrrknZKDAqoLBjeof": {
    "question_id": "B725pHrrknZKDAqoLBjeof",
    "prediction": "pear",
    "actual": "apple"
  },
  "BECCJDkBDxrjtJNK7NGXQH": {
    "question_id": "BECCJDkBDxrjtJNK7NGXQH",
    "prediction": "tomato",
    "actual": "carrot"
  },
  "BNpoJaz9Qu7KQ87FoFfRab": {
    "question_id": "BNpoJaz9Qu7KQ87FoFfRab",
    "prediction": "racing",
    "actual": "plowing"
  },
  "BQYQHxqKeExvS6GyHbBLjJ": {
    "question_id": "BQYQHxqKeExvS6GyHbBLjJ",
    "prediction": "concert hall",
    "actual": "airport"
  },
  "BRxXgf2dHwtY3SuRcmvv8Q": {
    "question_id": "BRxXgf2dHwtY3SuRcmvv8Q",
    "prediction": "red car",
    "actual": "orange tractor"
  },
  "BUpdAEWaMUZK8AKRzy3vBQ": {
    "question_id": "BUpdAEWaMUZK8AKRzy3vBQ",
    "prediction": "no one",
    "actual": "parents"
  },
  "BhVeP3bxgcP5SjZLEfrm9y": {
    "question_id": "BhVeP3bxgcP5SjZLEfrm9y",
    "prediction": "badminton",
    "actual": "snowboarding"
  },
  "Bja27MQDKfkiPDd5iSER6Q": {
    "question_id": "Bja27MQDKfkiPDd5iSER6Q",
    "prediction": "fouled",
    "actual": "missed"
  },
  "Bp5VwMuky5fXJPzp54X6XE": {
    "question_id": "Bp5VwMuky5fXJPzp54X6XE",
    "prediction": "medical",
    "actual": "restaurant"
  },
  "Bq4zFDne6edPRs7sBBMEad": {
    "question_id": "Bq4zFDne6edPRs7sBBMEad",
    "prediction": "apples",
    "actual": "oranges"
  },
  "BuWxzrpFRXqSj8UjZannxM": {
    "question_id": "BuWxzrpFRXqSj8UjZannxM",
    "prediction": "mother",
    "actual": "pacifier"
  },
  "Bw5zPLf2EX7MjMakQbxdAV": {
    "question_id": "Bw5zPLf2EX7MjMakQbxdAV",
    "prediction": "marriage ceremony",
    "actual": "drinking"
  },
  "C4iGaNrPm4zXWRgxL2XdRF": {
    "question_id": "C4iGaNrPm4zXWRgxL2XdRF",
    "prediction": "elevenses",
    "actual": "tea"
  },
  "C5KFJtK2qiQ2gMC5WNsdnB": {
    "question_id": "C5KFJtK2qiQ2gMC5WNsdnB",
    "prediction": "students",
    "actual": "customers"
  },
  "CKSUnA8f2e4FZyu5pXFuhm": {
    "question_id": "CKSUnA8f2e4FZyu5pXFuhm",
    "prediction": "two",
    "actual": "four"
  },
  "CKoy38QkqTRSirL8yyeimY": {
    "question_id": "CKoy38QkqTRSirL8yyeimY",
    "prediction": "porcelain",
    "actual": "disposable"
  },
  "CRvFM9oRe3ELNUegmzDKHv": {
    "question_id": "CRvFM9oRe3ELNUegmzDKHv",
    "prediction": "swim",
    "actual": "fly"
  },
  "CTzwocs3uGc2GjPFZG425g": {
    "question_id": "CTzwocs3uGc2GjPFZG425g",
    "prediction": "canada",
    "actual": "britain"
  },
  "CYVZymNaQk6gd79AKNefqh": {
    "question_id": "CYVZymNaQk6gd79AKNefqh",
    "prediction": "behind",
    "actual": "up"
  },
  "CZgeF3Cuso4bf9DbbmxZan": {
    "question_id": "CZgeF3Cuso4bf9DbbmxZan",
    "prediction": "woman",
    "actual": "man"
  },
  "CcD6HgxREVqanqLnSysBTr": {
    "question_id": "CcD6HgxREVqanqLnSysBTr",
    "prediction": "cheesy",
    "actual": "sweet"
  },
  "Ce788SudmyHCPCCvyXs2kW": {
    "question_id": "Ce788SudmyHCPCCvyXs2kW",
    "prediction": "gdansk",
    "actual": "osaka"
  },
  "ChoLNyVYCocjeYqDJQYMoe": {
    "question_id": "ChoLNyVYCocjeYqDJQYMoe",
    "prediction": "skateboarding",
    "actual": "waterboarding"
  },
  "CjTrsVaGpA8tU9gav5uAkC": {
    "question_id": "CjTrsVaGpA8tU9gav5uAkC",
    "prediction": "peanut",
    "actual": "flower"
  },
  "Cr6fmmEARGDPSbQvpNN4xY": {
    "question_id": "Cr6fmmEARGDPSbQvpNN4xY",
    "prediction": "four",
    "actual": "none"
  },
  "CuqeFPuPUXRxjKnTomsz4x": {
    "question_id": "CuqeFPuPUXRxjKnTomsz4x",
    "prediction": "51",
    "actual": "21"
  },
  "Cy5KPSnpjZdbRiQsbPug95": {
    "question_id": "Cy5KPSnpjZdbRiQsbPug95",
    "prediction": "farm",
    "actual": "barn"
  },
  "D6DfPGuGowm35cTuQhvw4s": {
    "question_id": "D6DfPGuGowm35cTuQhvw4s",
    "prediction": "elephant",
    "actual": "horse"
  },
  "D7y9SSbRuVzVfJGiAinTx3": {
    "question_id": "D7y9SSbRuVzVfJGiAinTx3",
    "prediction": "snow shovelling",
    "actual": "pushing off"
  },
  "DC3qACi5rhmWU8XzM5Vdvy": {
    "question_id": "DC3qACi5rhmWU8XzM5Vdvy",
    "prediction": "black car",
    "actual": "white van"
  },
  "DKLAWnnRuvz8p7UrHGzQzK": {
    "question_id": "DKLAWnnRuvz8p7UrHGzQzK",
    "prediction": "bank",
    "actual": "airport"
  },
  "DMGGczBdJRXHqZitoXSjSy": {
    "question_id": "DMGGczBdJRXHqZitoXSjSy",
    "prediction": "to dodge",
    "actual": "to grind"
  },
  "DNGTUpUeLqmbKUNNns3kZs": {
    "question_id": "DNGTUpUeLqmbKUNNns3kZs",
    "prediction": "10 inch",
    "actual": "16 inch"
  },
  "DPtUMrxDbLP2nQ9yUdmvkT": {
    "question_id": "DPtUMrxDbLP2nQ9yUdmvkT",
    "prediction": "three",
    "actual": "two"
  },
  "DR94rYWve8KwpGjAtovqZt": {
    "question_id": "DR94rYWve8KwpGjAtovqZt",
    "prediction": "superman",
    "actual": "spiderman"
  },
  "DRLyePKKPxvXEDiKygRjjt": {
    "question_id": "DRLyePKKPxvXEDiKygRjjt",
    "prediction": "minor league",
    "actual": "little league"
  },
  "DRjvqC85oQS6p6Q6fz6CdY": {
    "question_id": "DRjvqC85oQS6p6Q6fz6CdY",
    "prediction": "midnight",
    "actual": "1000"
  },
  "DTAw9Vu8CLWbzUAg6m8okx": {
    "question_id": "DTAw9Vu8CLWbzUAg6m8okx",
    "prediction": "children",
    "actual": "bag"
  },
  "DX4bBD5XMPxQuu3hqWAdDW": {
    "question_id": "DX4bBD5XMPxQuu3hqWAdDW",
    "prediction": "kindness",
    "actual": "weight"
  },
  "DbTAWKt7kZTzG8Xsa36K6R": {
    "question_id": "DbTAWKt7kZTzG8Xsa36K6R",
    "prediction": "fire",
    "actual": "food"
  },
  "DcKwtSxfdjTch9RvAuEpNH": {
    "question_id": "DcKwtSxfdjTch9RvAuEpNH",
    "prediction": "high rises",
    "actual": "residential"
  },
  "DpnK7HeBvBiVtVRCiDJxED": {
    "question_id": "DpnK7HeBvBiVtVRCiDJxED",
    "prediction": "blue",
    "actual": "yellow"
  },
  "DxR6agStFKhyFqTSYRUgPa": {
    "question_id": "DxR6agStFKhyFqTSYRUgPa",
    "prediction": "helping customer",
    "actual": "wearing uniform"
  },
  "E2Vuut5upXHFFVxEk8kHvM": {
    "question_id": "E2Vuut5upXHFFVxEk8kHvM",
    "prediction": "work",
    "actual": "class"
  },
  "E6vGrKzLTzqabYt55Ksc2N": {
    "question_id": "E6vGrKzLTzqabYt55Ksc2N",
    "prediction": "probably yes",
    "actual": "absolutely no"
  },
  "E9JLQaGpyoZudcYaQCrzvA": {
    "question_id": "E9JLQaGpyoZudcYaQCrzvA",
    "prediction": "mouse",
    "actual": "desk"
  },
  "EAYTJseBUauGLMkCTZdhtU": {
    "question_id": "EAYTJseBUauGLMkCTZdhtU",
    "prediction": "man",
    "actual": "girl man"
  },
  "EBfqBBCf7yRtTtGhsc52Td": {
    "question_id": "EBfqBBCf7yRtTtGhsc52Td",
    "prediction": "argyle",
    "actual": "stripes"
  },
  "EDFzCznf6oQmdpV8T8S7vU": {
    "question_id": "EDFzCznf6oQmdpV8T8S7vU",
    "prediction": "one",
    "actual": "three"
  },
  "EER9xudvx7aG37Zbaewxkw": {
    "question_id": "EER9xudvx7aG37Zbaewxkw",
    "prediction": "coca cola",
    "actual": "pepsi"
  },
  "EF29EeN2WxPcuEMDavijXb": {
    "question_id": "EF29EeN2WxPcuEMDavijXb",
    "prediction": "rail",
    "actual": "road"
  },
  "ETucTwACABQrgrZujBsiQq": {
    "question_id": "ETucTwACABQrgrZujBsiQq",
    "prediction": "backhand",
    "actual": "forehand"
  },
  "EZr7FwVY2S7FggmHpHxCZK": {
    "question_id": "EZr7FwVY2S7FggmHpHxCZK",
    "prediction": "steel",
    "actual": "clay"
  },
  "EbanZVDGxGTAinaVAiseKZ": {
    "question_id": "EbanZVDGxGTAinaVAiseKZ",
    "prediction": "two",
    "actual": "four"
  },
  "Ed662HvZeisV6Mzxs2S6bj": {
    "question_id": "Ed662HvZeisV6Mzxs2S6bj",
    "prediction": "purse",
    "actual": "travel"
  },
  "EdDpJngBTrp6Bje83yQqDc": {
    "question_id": "EdDpJngBTrp6Bje83yQqDc",
    "prediction": "rain",
    "actual": "sun"
  },
  "EgJwLz3i9LPpmSLpFLRjMM": {
    "question_id": "EgJwLz3i9LPpmSLpFLRjMM",
    "prediction": "hat",
    "actual": "headphones"
  },
  "EpwwuobLzGLWhnbXAjbw2x": {
    "question_id": "EpwwuobLzGLWhnbXAjbw2x",
    "prediction": "walk",
    "actual": "don't walk"
  },
  "EtRReER5fXmbnTmQTzM7Di": {
    "question_id": "EtRReER5fXmbnTmQTzM7Di",
    "prediction": "beach",
    "actual": "room"
  },
  "EyxALxGEvCyePSado4wnJL": {
    "question_id": "EyxALxGEvCyePSado4wnJL",
    "prediction": "mango",
    "actual": "orange"
  },
  "F3q8NaAw4x5Lc7KhdgvoDy": {
    "question_id": "F3q8NaAw4x5Lc7KhdgvoDy",
    "prediction": "lap",
    "actual": "keyboard"
  },
  "F5CqqWCtosWowj39Kchh9E": {
    "question_id": "F5CqqWCtosWowj39Kchh9E",
    "prediction": "police dog",
    "actual": "domestic pet"
  },
  "F92aSsSv7ZAtXnGBVREhqq": {
    "question_id": "F92aSsSv7ZAtXnGBVREhqq",
    "prediction": "dinner",
    "actual": "breakfast"
  },
  "FCACCnmERAWpKikUkfc5jV": {
    "question_id": "FCACCnmERAWpKikUkfc5jV",
    "prediction": "magenta",
    "actual": "white"
  },
  "FFhuFfMAy38Z7WWr6q7faA": {
    "question_id": "FFhuFfMAy38Z7WWr6q7faA",
    "prediction": "infant",
    "actual": "son"
  },
  "FHmsKMqftMV2bbhT63TCep": {
    "question_id": "FHmsKMqftMV2bbhT63TCep",
    "prediction": "remote",
    "actual": "knife"
  },
  "FNM9a4zAgBwoRawSUrMxPB": {
    "question_id": "FNM9a4zAgBwoRawSUrMxPB",
    "prediction": "rain",
    "actual": "whale"
  },
  "FQuJEPNnrznkjkvyN4UbUR": {
    "question_id": "FQuJEPNnrznkjkvyN4UbUR",
    "prediction": "detroit",
    "actual": "new york"
  },
  "FWFywCJZaAGVJa2FAuwqyP": {
    "question_id": "FWFywCJZaAGVJa2FAuwqyP",
    "prediction": "dkny",
    "actual": "polo"
  },
  "Fah5Jtkg728bXGLKKjgwjV": {
    "question_id": "Fah5Jtkg728bXGLKKjgwjV",
    "prediction": "mini van",
    "actual": "sports car"
  },
  "FddDsTHeVp9WJYZBjLoKUi": {
    "question_id": "FddDsTHeVp9WJYZBjLoKUi",
    "prediction": "rail",
    "actual": "road"
  },
  "FpJmgAqdqfRjUe6axsFMhs": {
    "question_id": "FpJmgAqdqfRjUe6axsFMhs",
    "prediction": "heating",
    "actual": "cooling"
  },
  "Fq7RXZuYTk7pKt4gf6Fvm4": {
    "question_id": "Fq7RXZuYTk7pKt4gf6Fvm4",
    "prediction": "to wave",
    "actual": "to catch"
  },
  "Fr2NzFhfutw8k7CpoAGnW8": {
    "question_id": "Fr2NzFhfutw8k7CpoAGnW8",
    "prediction": "six",
    "actual": "two"
  },
  "Fu2ZLJDqhQqxBgT7KdAavf": {
    "question_id": "Fu2ZLJDqhQqxBgT7KdAavf",
    "prediction": "three",
    "actual": "two"
  },
  "G2yKVAzRGRB5RHtxxMsySP": {
    "question_id": "G2yKVAzRGRB5RHtxxMsySP",
    "prediction": "marble",
    "actual": "porcelain"
  },
  "G5UFNWEn9cZH66apuAaxQj": {
    "question_id": "G5UFNWEn9cZH66apuAaxQj",
    "prediction": "evening",
    "actual": "morning"
  },
  "G9KXrAd6oRksj8Jqd5hcyo": {
    "question_id": "G9KXrAd6oRksj8Jqd5hcyo",
    "prediction": "forehand",
    "actual": "serve"
  },
  "GDYFtTMthQh2SHrVrKvynR": {
    "question_id": "GDYFtTMthQh2SHrVrKvynR",
    "prediction": "rope toys",
    "actual": "balls"
  },
  "GDwYLbrCSgTVjTMSuJQFgX": {
    "question_id": "GDwYLbrCSgTVjTMSuJQFgX",
    "prediction": "black",
    "actual": "green"
  },
  "GGnMBYFpNz6ukDqFQ7Cdgx": {
    "question_id": "GGnMBYFpNz6ukDqFQ7Cdgx",
    "prediction": "sit",
    "actual": "cross"
  },
  "GRTvSEaPgGtjRGvoED7S5E": {
    "question_id": "GRTvSEaPgGtjRGvoED7S5E",
    "prediction": "vase",
    "actual": "teapot"
  },
  "GTZGtuDSqd76CSi8NDrEKx": {
    "question_id": "GTZGtuDSqd76CSi8NDrEKx",
    "prediction": "farm",
    "actual": "street"
  },
  "Gd2FCTGcKM4yuJrprWpsyp": {
    "question_id": "Gd2FCTGcKM4yuJrprWpsyp",
    "prediction": "wood",
    "actual": "cement"
  },
  "GfXMvDmY2rQYcnA8kLrFvf": {
    "question_id": "GfXMvDmY2rQYcnA8kLrFvf",
    "prediction": "dog",
    "actual": "sneakers"
  },
  "GhbJVpKaUP7PmgNUiwq2VA": {
    "question_id": "GhbJVpKaUP7PmgNUiwq2VA",
    "prediction": "yellow",
    "actual": "green"
  },
  "GkxEs3oBggLe4zY9XmJZaA": {
    "question_id": "GkxEs3oBggLe4zY9XmJZaA",
    "prediction": "eight",
    "actual": "ten"
  },
  "GoBun4WYj2oK6vRihjfEGv": {
    "question_id": "GoBun4WYj2oK6vRihjfEGv",
    "prediction": "soda",
    "actual": "red wine"
  },
  "GrkdG8hexJX5weRDGtgQNj": {
    "question_id": "GrkdG8hexJX5weRDGtgQNj",
    "prediction": "oil tanker",
    "actual": "cruise"
  },
  "GuEXoRNmgAED6SJqUXtHhA": {
    "question_id": "GuEXoRNmgAED6SJqUXtHhA",
    "prediction": "sheep",
    "actual": "cow"
  },
  "GzzLtA4SHJS9ymFa6Zrw77": {
    "question_id": "GzzLtA4SHJS9ymFa6Zrw77",
    "prediction": "forehand",
    "actual": "backhand"
  },
  "H4vJVSnFkLQaJVgHbJSVob": {
    "question_id": "H4vJVSnFkLQaJVgHbJSVob",
    "prediction": "to repair",
    "actual": "to transport"
  },
  "H7Pz5njX8cDqfXoLU546ym": {
    "question_id": "H7Pz5njX8cDqfXoLU546ym",
    "prediction": "los angeles",
    "actual": "stroud uk"
  },
  "H8KBdToKYoc2D9GPVE6mds": {
    "question_id": "H8KBdToKYoc2D9GPVE6mds",
    "prediction": "fedora",
    "actual": "newsboy"
  },
  "HBocRDMRkRehHhDX4BnCwq": {
    "question_id": "HBocRDMRkRehHhDX4BnCwq",
    "prediction": "tennis shoes",
    "actual": "flats"
  },
  "HGUuQneRyMcmypY3dX7XUi": {
    "question_id": "HGUuQneRyMcmypY3dX7XUi",
    "prediction": "limes",
    "actual": "pickles"
  },
  "HJeQNjpkTJrL7EnPntSa4w": {
    "question_id": "HJeQNjpkTJrL7EnPntSa4w",
    "prediction": "digital",
    "actual": "analog"
  },
  "HJh9bXtpMyBNmsmBa6CH4p": {
    "question_id": "HJh9bXtpMyBNmsmBa6CH4p",
    "prediction": "one",
    "actual": "two"
  },
  "HJsZ5ZgnFUZ4Sik8UzeCYY": {
    "question_id": "HJsZ5ZgnFUZ4Sik8UzeCYY",
    "prediction": "right",
    "actual": "left"
  },
  "HPZPYitwJBDrLAkkGa9AJ5": {
    "question_id": "HPZPYitwJBDrLAkkGa9AJ5",
    "prediction": "sketchers",
    "actual": "adidas"
  },
  "HRRChNRZfHh9JRVSVaZvt7": {
    "question_id": "HRRChNRZfHh9JRVSVaZvt7",
    "prediction": "trampoline",
    "actual": "oven"
  },
  "HmwKHh89ZFtLUWCExGKoLw": {
    "question_id": "HmwKHh89ZFtLUWCExGKoLw",
    "prediction": "thank you",
    "actual": "hello"
  },
  "HtgRjokZ8ucLVCRGLEKkFS": {
    "question_id": "HtgRjokZ8ucLVCRGLEKkFS",
    "prediction": "clown",
    "actual": "heart"
  },
  "J4WUAZW5eUveUgDRSq3r7y": {
    "question_id": "J4WUAZW5eUveUgDRSq3r7y",
    "prediction": "two",
    "actual": "four"
  },
  "JCLA7VcpiUFhSr4WfS22EA": {
    "question_id": "JCLA7VcpiUFhSr4WfS22EA",
    "prediction": "evening",
    "actual": "daytime"
  },
  "JGXXqdncT4kgE87XSYDEH8": {
    "question_id": "JGXXqdncT4kgE87XSYDEH8",
    "prediction": "restaurant",
    "actual": "house"
  },
  "JJmTumn8HhCZdb6sNWftWr": {
    "question_id": "JJmTumn8HhCZdb6sNWftWr",
    "prediction": "red",
    "actual": "green"
  },
  "JKfRNnyDQBfsZrkokU8uQa": {
    "question_id": "JKfRNnyDQBfsZrkokU8uQa",
    "prediction": "road",
    "actual": "air"
  },
  "JLeJRnVgCAQDSxhnN2LLGU": {
    "question_id": "JLeJRnVgCAQDSxhnN2LLGU",
    "prediction": "bagel",
    "actual": "donut"
  },
  "JTLLmy2W6V6VETwzhkgDPh": {
    "question_id": "JTLLmy2W6V6VETwzhkgDPh",
    "prediction": "two",
    "actual": "one"
  },
  "JTpPkML3VmfSm8yQwMycuL": {
    "question_id": "JTpPkML3VmfSm8yQwMycuL",
    "prediction": "angry",
    "actual": "playful"
  },
  "JUxJmYmJuhcFMBwKdHRTj9": {
    "question_id": "JUxJmYmJuhcFMBwKdHRTj9",
    "prediction": "japanese housing",
    "actual": "historical european"
  },
  "Jo6cB9daaqeW3nwSc3Sv6E": {
    "question_id": "Jo6cB9daaqeW3nwSc3Sv6E",
    "prediction": "zebra",
    "actual": "giraffe"
  },
  "JrdpzYcvRc7YKAyviTTEWv": {
    "question_id": "JrdpzYcvRc7YKAyviTTEWv",
    "prediction": "jockey",
    "actual": "equestrianism"
  },
  "K4hCLffyy8Lq3xuDXr4Tue": {
    "question_id": "K4hCLffyy8Lq3xuDXr4Tue",
    "prediction": "politician",
    "actual": "sherriff"
  },
  "K7FEvSfPCq94Y7Uzwvju4J": {
    "question_id": "K7FEvSfPCq94Y7Uzwvju4J",
    "prediction": "pizza shop",
    "actual": "dunkin coffee"
  },
  "K9gu6pYzJwwNr2JdCnrRyW": {
    "question_id": "K9gu6pYzJwwNr2JdCnrRyW",
    "prediction": "watermelon",
    "actual": "kiwi"
  },
  "KA3cQWXpQhyGmzPKC9d7jv": {
    "question_id": "KA3cQWXpQhyGmzPKC9d7jv",
    "prediction": "farming",
    "actual": "playing baseball"
  },
  "KADU4VuTNvJcaxfcuSWg5s": {
    "question_id": "KADU4VuTNvJcaxfcuSWg5s",
    "prediction": "ipad",
    "actual": "ipod"
  },
  "KFfvmbMFji4jPLYSa72ghN": {
    "question_id": "KFfvmbMFji4jPLYSa72ghN",
    "prediction": "major",
    "actual": "college"
  },
  "KUFqsDY7LxQj86DWy5PV33": {
    "question_id": "KUFqsDY7LxQj86DWy5PV33",
    "prediction": "spring",
    "actual": "summer"
  },
  "KULnaCXEwqsqxdegDzQRjT": {
    "question_id": "KULnaCXEwqsqxdegDzQRjT",
    "prediction": "seven",
    "actual": "three"
  },
  "KeFdNUyaJPmnR7xeSiPs2u": {
    "question_id": "KeFdNUyaJPmnR7xeSiPs2u",
    "prediction": "produce",
    "actual": "drinks"
  },
  "Kg2epvxdD43djHjdN3HBEw": {
    "question_id": "Kg2epvxdD43djHjdN3HBEw",
    "prediction": "junkyard",
    "actual": "market"
  },
  "KgfkfPqD2aDFJjnZh69oyM": {
    "question_id": "KgfkfPqD2aDFJjnZh69oyM",
    "prediction": "feet",
    "actual": "tail"
  },
  "KqEeneEUHVnoFj9nRYLS3u": {
    "question_id": "KqEeneEUHVnoFj9nRYLS3u",
    "prediction": "brown",
    "actual": "white"
  },
  "KqHt4U8oRbES85WARzxU3R": {
    "question_id": "KqHt4U8oRbES85WARzxU3R",
    "prediction": "asia",
    "actual": "africa"
  },
  "KtndapoEif4gqUGbYMKim6": {
    "question_id": "KtndapoEif4gqUGbYMKim6",
    "prediction": "basketball",
    "actual": "baseball"
  },
  "L6och7f34xfLQaVYszfzV7": {
    "question_id": "L6och7f34xfLQaVYszfzV7",
    "prediction": "sour",
    "actual": "sweet"
  },
  "LFz5f9J9ZvERUNtuXm7UJg": {
    "question_id": "LFz5f9J9ZvERUNtuXm7UJg",
    "prediction": "custom",
    "actual": "visibility"
  },
  "LHVciAWegjMeYHxTjEpTPc": {
    "question_id": "LHVciAWegjMeYHxTjEpTPc",
    "prediction": "theatre",
    "actual": "beach"
  },
  "LJ4sDDbqD2hawGCiejEBpQ": {
    "question_id": "LJ4sDDbqD2hawGCiejEBpQ",
    "prediction": "skiing",
    "actual": "chairlift"
  },
  "LWHhV7yq9EbPQXgaXmYEXk": {
    "question_id": "LWHhV7yq9EbPQXgaXmYEXk",
    "prediction": "dawn",
    "actual": "sunset"
  },
  "LaVtN4tgwqXPxzoGfKPQjg": {
    "question_id": "LaVtN4tgwqXPxzoGfKPQjg",
    "prediction": "orange",
    "actual": "peapod"
  },
  "LnBiYuXmqeyEHsquVemheo": {
    "question_id": "LnBiYuXmqeyEHsquVemheo",
    "prediction": "run",
    "actual": "drink"
  },
  "LqCNzoPHep3XKouS3eUAk6": {
    "question_id": "LqCNzoPHep3XKouS3eUAk6",
    "prediction": "mirror",
    "actual": "window"
  },
  "LqQSkRfPRjbWBwDicmVt5h": {
    "question_id": "LqQSkRfPRjbWBwDicmVt5h",
    "prediction": "services",
    "actual": "clean"
  },
  "M3yABkFk8uMPsVkecGAnZR": {
    "question_id": "M3yABkFk8uMPsVkecGAnZR",
    "prediction": "cut",
    "actual": "stir"
  },
  "M46zwhVtTDuYcfKTvw5Bsk": {
    "question_id": "M46zwhVtTDuYcfKTvw5Bsk",
    "prediction": "rocks",
    "actual": "balls"
  },
  "M4bEQ9vKhFhuWXb9nEf76d": {
    "question_id": "M4bEQ9vKhFhuWXb9nEf76d",
    "prediction": "sports",
    "actual": "eating"
  },
  "M7GYpdBrUzhDxznbhPebAi": {
    "question_id": "M7GYpdBrUzhDxznbhPebAi",
    "prediction": "red ale",
    "actual": "red stripe"
  },
  "MAH3KC3SWvoTum6Ja75hB3": {
    "question_id": "MAH3KC3SWvoTum6Ja75hB3",
    "prediction": "seven",
    "actual": "two"
  },
  "MAPPrc68FM8HwQsJHE6W2q": {
    "question_id": "MAPPrc68FM8HwQsJHE6W2q",
    "prediction": "great",
    "actual": "race"
  },
  "MLS7svNqmdHua7qB2dvKuq": {
    "question_id": "MLS7svNqmdHua7qB2dvKuq",
    "prediction": "ryder cup",
    "actual": "wimbledon"
  },
  "MMgmqJzM4kBYppdQX5f3gL": {
    "question_id": "MMgmqJzM4kBYppdQX5f3gL",
    "prediction": "united states",
    "actual": "england"
  },
  "MRauFRDpB55J3mf5RKCbJH": {
    "question_id": "MRauFRDpB55J3mf5RKCbJH",
    "prediction": "brushing teeth",
    "actual": "taking selfie"
  },
  "MajM5Byv84DD34XWtgDTEu": {
    "question_id": "MajM5Byv84DD34XWtgDTEu",
    "prediction": "service dog",
    "actual": "domestic pet"
  },
  "MdawSWWcrGZdyq4yMLZRMN": {
    "question_id": "MdawSWWcrGZdyq4yMLZRMN",
    "prediction": "theme park",
    "actual": "sidewalk"
  },
  "MgGUyCE42FnnjzSi8wqRBt": {
    "question_id": "MgGUyCE42FnnjzSi8wqRBt",
    "prediction": "11",
    "actual": "21"
  },
  "Mj2xTvTMWmPfD2AvR3cDQw": {
    "question_id": "Mj2xTvTMWmPfD2AvR3cDQw",
    "prediction": "giraffe",
    "actual": "elephant"
  },
  "MrMKrCttovt9tvMyUYZytj": {
    "question_id": "MrMKrCttovt9tvMyUYZytj",
    "prediction": "health",
    "actual": "travel"
  },
  "MuwkW3j4kYfEZXwWuicLjv": {
    "question_id": "MuwkW3j4kYfEZXwWuicLjv",
    "prediction": "toppings",
    "actual": "crust"
  },
  "N7m8txH8f6upMQuW8Ek8p8": {
    "question_id": "N7m8txH8f6upMQuW8Ek8p8",
    "prediction": "bras",
    "actual": "hats"
  },
  "NDUEeMTroLKXs44BF3Z56m": {
    "question_id": "NDUEeMTroLKXs44BF3Z56m",
    "prediction": "coffee",
    "actual": "soda"
  },
  "NFgfC2sJF3DkFgY58TDpfy": {
    "question_id": "NFgfC2sJF3DkFgY58TDpfy",
    "prediction": "backhand",
    "actual": "serve"
  },
  "NFhBeZhrxD3NQADiCfwi92": {
    "question_id": "NFhBeZhrxD3NQADiCfwi92",
    "prediction": "fanta",
    "actual": "sprite"
  },
  "NaxFfMbXiDnFeK2TDQpBpL": {
    "question_id": "NaxFfMbXiDnFeK2TDQpBpL",
    "prediction": "government",
    "actual": "educational"
  },
  "NkV76CMuvfSYK7MyjLeTKV": {
    "question_id": "NkV76CMuvfSYK7MyjLeTKV",
    "prediction": "accelerate",
    "actual": "flip"
  },
  "NmKj6PbaycvbudUKgRzibs": {
    "question_id": "NmKj6PbaycvbudUKgRzibs",
    "prediction": "restaurant",
    "actual": "home"
  },
  "NqPZVF9F8iZ7nXWPUhFTXM": {
    "question_id": "NqPZVF9F8iZ7nXWPUhFTXM",
    "prediction": "chocolate",
    "actual": "carrot"
  },
  "NsLGudV3NNLiYhGjCqbw78": {
    "question_id": "NsLGudV3NNLiYhGjCqbw78",
    "prediction": "kissing",
    "actual": "laughing"
  },
  "NtLrgnLvk747vSc3scsUHn": {
    "question_id": "NtLrgnLvk747vSc3scsUHn",
    "prediction": "jockey",
    "actual": "knight"
  },
  "NvwixocPuSU8e4uyGqdY9X": {
    "question_id": "NvwixocPuSU8e4uyGqdY9X",
    "prediction": "bedroom",
    "actual": "bathroom"
  },
  "NxB3LACrQbQmimYNePAYyK": {
    "question_id": "NxB3LACrQbQmimYNePAYyK",
    "prediction": "eat",
    "actual": "relax"
  },
  "NzFEWXcTYWqgrRXUnqVK6h": {
    "question_id": "NzFEWXcTYWqgrRXUnqVK6h",
    "prediction": "sale",
    "actual": "gift"
  },
  "P4cavrtzjFu5Ur3DCjn6YK": {
    "question_id": "P4cavrtzjFu5Ur3DCjn6YK",
    "prediction": "generate electricity",
    "actual": "sightseeing rides"
  },
  "P4kW6QHjRQjrDBY2YdCNxg": {
    "question_id": "P4kW6QHjRQjrDBY2YdCNxg",
    "prediction": "eat",
    "actual": "cross street"
  },
  "P6oCrLWLEpt8yyJ6x9AbAd": {
    "question_id": "P6oCrLWLEpt8yyJ6x9AbAd",
    "prediction": "vienna",
    "actual": "cologne germany"
  },
  "P8dF9URdgyA2NX7Na7Cc2K": {
    "question_id": "P8dF9URdgyA2NX7Na7Cc2K",
    "prediction": "bowl",
    "actual": "coffee maker"
  },
  "PB2RjD5RMSqbGxT9c2cAwU": {
    "question_id": "PB2RjD5RMSqbGxT9c2cAwU",
    "prediction": "cargo",
    "actual": "mail"
  },
  "PBPtqNj8ChAWcqKW5qxQvR": {
    "question_id": "PBPtqNj8ChAWcqKW5qxQvR",
    "prediction": "triangle",
    "actual": "sphere"
  },
  "PCGypGVa3Wc6gUBSHQVWmR": {
    "question_id": "PCGypGVa3Wc6gUBSHQVWmR",
    "prediction": "1399",
    "actual": "1369"
  },
  "PCU3paJyftQe8M3s4T6ZVd": {
    "question_id": "PCU3paJyftQe8M3s4T6ZVd",
    "prediction": "pimples",
    "actual": "wrinkles"
  },
  "PGrM6kp6herk4ducZoyUUd": {
    "question_id": "PGrM6kp6herk4ducZoyUUd",
    "prediction": "knife",
    "actual": "broccoli"
  },
  "PPFTmUK9jTLmCYzJ8UK7Bf": {
    "question_id": "PPFTmUK9jTLmCYzJ8UK7Bf",
    "prediction": "apartment",
    "actual": "museum"
  },
  "PPGK4QYUUdYhLhBKKfPCp3": {
    "question_id": "PPGK4QYUUdYhLhBKKfPCp3",
    "prediction": "sculpture",
    "actual": "pottery"
  },
  "PPGegcRPeAJZ58gfYTUAZH": {
    "question_id": "PPGegcRPeAJZ58gfYTUAZH",
    "prediction": "farm",
    "actual": "roadside stand"
  },
  "PR3YdLbDHdwHNJENygZqBa": {
    "question_id": "PR3YdLbDHdwHNJENygZqBa",
    "prediction": "snowy",
    "actual": "warm"
  },
  "PSBwpAo47YDwimGuqy75Pm": {
    "question_id": "PSBwpAo47YDwimGuqy75Pm",
    "prediction": "24",
    "actual": "four"
  },
  "PXXkdGKz45qtjq76Scf9Hj": {
    "question_id": "PXXkdGKz45qtjq76Scf9Hj",
    "prediction": "hotel",
    "actual": "airport"
  },
  "PZuvxsHTeR4DzXQN7DQR59": {
    "question_id": "PZuvxsHTeR4DzXQN7DQR59",
    "prediction": "sun shield",
    "actual": "bug shield"
  },
  "PazMPafpzhf5zWhAzzfKG9": {
    "question_id": "PazMPafpzhf5zWhAzzfKG9",
    "prediction": "kites",
    "actual": "fighter jets"
  },
  "PbFfJju4rM4x4PzP9E3dmq": {
    "question_id": "PbFfJju4rM4x4PzP9E3dmq",
    "prediction": "emt",
    "actual": "bartender"
  },
  "PceZftPFbFZ7xbF3urpTvL": {
    "question_id": "PceZftPFbFZ7xbF3urpTvL",
    "prediction": "one",
    "actual": "two"
  },
  "PhDYZ98CbMyiiLytoTmBh6": {
    "question_id": "PhDYZ98CbMyiiLytoTmBh6",
    "prediction": "freeze",
    "actual": "heat"
  },
  "PmWMsFgyX6apXWit2Z87aj": {
    "question_id": "PmWMsFgyX6apXWit2Z87aj",
    "prediction": "newspaper",
    "actual": "magazine"
  },
  "PrbWUDZrELd3nWMbQ72MSD": {
    "question_id": "PrbWUDZrELd3nWMbQ72MSD",
    "prediction": "tennis",
    "actual": "badminton"
  },
  "PvkdPe2rHmCnyKrzoFjrgy": {
    "question_id": "PvkdPe2rHmCnyKrzoFjrgy",
    "prediction": "ride it",
    "actual": "sitting"
  },
  "Q6BuYZYZySn9YZXf8iBwXD": {
    "question_id": "Q6BuYZYZySn9YZXf8iBwXD",
    "prediction": "one",
    "actual": "two"
  },
  "Q7cdndwDheQypkx5d6WvbN": {
    "question_id": "Q7cdndwDheQypkx5d6WvbN",
    "prediction": "teacher",
    "actual": "clown"
  },
  "QBfzUChLwDv8fW2akWWDxP": {
    "question_id": "QBfzUChLwDv8fW2akWWDxP",
    "prediction": "rifle",
    "actual": "board"
  },
  "QJvRFzyGr6FEDrTqLohf7D": {
    "question_id": "QJvRFzyGr6FEDrTqLohf7D",
    "prediction": "parking meters",
    "actual": "fire hydrants"
  },
  "QMRwRh6Gcy2qkWbZajGUru": {
    "question_id": "QMRwRh6Gcy2qkWbZajGUru",
    "prediction": "steel",
    "actual": "stone"
  },
  "QU5GGV7TZU2xWvdPz946Ka": {
    "question_id": "QU5GGV7TZU2xWvdPz946Ka",
    "prediction": "motor cycle",
    "actual": "bicycle"
  },
  "QWLm7RxL6afwhBVm2WiMV7": {
    "question_id": "QWLm7RxL6afwhBVm2WiMV7",
    "prediction": "backpack",
    "actual": "gloves"
  },
  "QXpLwCmcjZXSBHQULTdAXu": {
    "question_id": "QXpLwCmcjZXSBHQULTdAXu",
    "prediction": "sprinkles",
    "actual": "icing"
  },
  "QaL6hj3FGdpRMLEAiN6aFY": {
    "question_id": "QaL6hj3FGdpRMLEAiN6aFY",
    "prediction": "block sun",
    "actual": "repelling rain"
  },
  "QgbaJEnafjdsdWx5ReQAPn": {
    "question_id": "QgbaJEnafjdsdWx5ReQAPn",
    "prediction": "electricity",
    "actual": "magnetic force"
  },
  "QjpYU2U32pH2dPpPoDEreR": {
    "question_id": "QjpYU2U32pH2dPpPoDEreR",
    "prediction": "yacht",
    "actual": "sailboat"
  },
  "Qn9fw2mFC5bWG7CjQvir9s": {
    "question_id": "Qn9fw2mFC5bWG7CjQvir9s",
    "prediction": "speed up",
    "actual": "stop"
  },
  "Qpu4P46aupMV73vp2wmEGk": {
    "question_id": "Qpu4P46aupMV73vp2wmEGk",
    "prediction": "barber",
    "actual": "bar"
  },
  "Qqu6VC6u393vD5MFN4nLKC": {
    "question_id": "Qqu6VC6u393vD5MFN4nLKC",
    "prediction": "friendship",
    "actual": "bond"
  },
  "Qs2pN4dnREpNWB3Faxrwfy": {
    "question_id": "Qs2pN4dnREpNWB3Faxrwfy",
    "prediction": "vanity",
    "actual": "two way"
  },
  "QsW8sBQzRc4Zsxds7WwTJ7": {
    "question_id": "QsW8sBQzRc4Zsxds7WwTJ7",
    "prediction": "gym",
    "actual": "backyard"
  },
  "R5zKF5LPj53tXkChG4Mq7M": {
    "question_id": "R5zKF5LPj53tXkChG4Mq7M",
    "prediction": "boat",
    "actual": "bicycle"
  },
  "R6NkFiXvj9TEor6T66JJmM": {
    "question_id": "R6NkFiXvj9TEor6T66JJmM",
    "prediction": "mother/daughter",
    "actual": "sisters"
  },
  "R9V95LVNMqbNuxcHhqktUJ": {
    "question_id": "R9V95LVNMqbNuxcHhqktUJ",
    "prediction": "checkers",
    "actual": "chess"
  },
  "RBwzjVcACZNAqMHpPZbv4i": {
    "question_id": "RBwzjVcACZNAqMHpPZbv4i",
    "prediction": "stacking plates",
    "actual": "drainage"
  },
  "RFLRY32jbKYv8NBsmVtX7x": {
    "question_id": "RFLRY32jbKYv8NBsmVtX7x",
    "prediction": "gas leak",
    "actual": "water"
  },
  "RFYFh4DWWiKWEQZW6uR4Uh": {
    "question_id": "RFYFh4DWWiKWEQZW6uR4Uh",
    "prediction": "coach",
    "actual": "athlete"
  },
  "RHuE3kjsrxziVFTSuHGQTD": {
    "question_id": "RHuE3kjsrxziVFTSuHGQTD",
    "prediction": "wolf",
    "actual": "horse"
  },
  "ReR5LFFQDGRsrWasGqvdx4": {
    "question_id": "ReR5LFFQDGRsrWasGqvdx4",
    "prediction": "handicap",
    "actual": "pedestrian"
  },
  "Rpy3Dcuk4GLi5NsNq5Xzgt": {
    "question_id": "Rpy3Dcuk4GLi5NsNq5Xzgt",
    "prediction": "plus",
    "actual": "exclamation"
  },
  "RsfWYWW4vEUkb5XCQHUKTX": {
    "question_id": "RsfWYWW4vEUkb5XCQHUKTX",
    "prediction": "chairs",
    "actual": "dock"
  },
  "Rsx7xekwpsg4ZCDwoMoePn": {
    "question_id": "Rsx7xekwpsg4ZCDwoMoePn",
    "prediction": "jenna elfman",
    "actual": "kimberly elise"
  },
  "RwpxKDcMF2E4fdhCjCJNEN": {
    "question_id": "RwpxKDcMF2E4fdhCjCJNEN",
    "prediction": "dress",
    "actual": "eat"
  },
  "RxjgZeBYRVwq53iUfWx6pU": {
    "question_id": "RxjgZeBYRVwq53iUfWx6pU",
    "prediction": "wash dishes",
    "actual": "dry hands"
  },
  "S2UN3nzSfNpeyBMH2GUyCk": {
    "question_id": "S2UN3nzSfNpeyBMH2GUyCk",
    "prediction": "restaurant",
    "actual": "plane"
  },
  "S5T6eMemksb6hVpMnB8hYf": {
    "question_id": "S5T6eMemksb6hVpMnB8hYf",
    "prediction": "beach",
    "actual": "school"
  },
  "S7PYnsJCcBfWFtnzXnAayU": {
    "question_id": "S7PYnsJCcBfWFtnzXnAayU",
    "prediction": "throw",
    "actual": "swing"
  },
  "SA8eYDyzQYZXZRykahrGmf": {
    "question_id": "SA8eYDyzQYZXZRykahrGmf",
    "prediction": "right hand",
    "actual": "left hand"
  },
  "SGt3LAcTjvTtjzjBAtJsCd": {
    "question_id": "SGt3LAcTjvTtjzjBAtJsCd",
    "prediction": "bottom-left",
    "actual": "bottom-right"
  },
  "Sd9FAqZwhabNaWzRUftozo": {
    "question_id": "Sd9FAqZwhabNaWzRUftozo",
    "prediction": "welcome",
    "actual": "love us"
  },
  "SdAdWFmnnNenYAp5iLkkSM": {
    "question_id": "SdAdWFmnnNenYAp5iLkkSM",
    "prediction": "eat",
    "actual": "drink water"
  },
  "Se8YypiBrjwXhwCmjyDjtK": {
    "question_id": "Se8YypiBrjwXhwCmjyDjtK",
    "prediction": "wildebeest",
    "actual": "flamingo"
  },
  "Sk8wJePwpdzCXP4WzjbGdu": {
    "question_id": "Sk8wJePwpdzCXP4WzjbGdu",
    "prediction": "washing",
    "actual": "reading"
  },
  "SmTPg7HCekgNrHgwnvvYFm": {
    "question_id": "SmTPg7HCekgNrHgwnvvYFm",
    "prediction": "five",
    "actual": "eight"
  },
  "SoTQafEnfUD2Y8PJj7uSH5": {
    "question_id": "SoTQafEnfUD2Y8PJj7uSH5",
    "prediction": "record player",
    "actual": "tv"
  },
  "SsQakUmPuH7a7w6tvHfNjc": {
    "question_id": "SsQakUmPuH7a7w6tvHfNjc",
    "prediction": "bed",
    "actual": "table"
  },
  "Svs8fentMLQ8L3ApAisjeQ": {
    "question_id": "Svs8fentMLQ8L3ApAisjeQ",
    "prediction": "legume",
    "actual": "meat"
  },
  "Swg6UuWx3sV6rx6mLKYwZz": {
    "question_id": "Swg6UuWx3sV6rx6mLKYwZz",
    "prediction": "bottle",
    "actual": "cooler"
  },
  "SwkgX6iwJ3do4mFyGFad4H": {
    "question_id": "SwkgX6iwJ3do4mFyGFad4H",
    "prediction": "wisk",
    "actual": "spatula"
  },
  "T4VcxwB778ZJZ8ggDRcct6": {
    "question_id": "T4VcxwB778ZJZ8ggDRcct6",
    "prediction": "water",
    "actual": "clouds"
  },
  "T8Mak9BHbJd5WqH2jhjBZo": {
    "question_id": "T8Mak9BHbJd5WqH2jhjBZo",
    "prediction": "ryan",
    "actual": "michael"
  },
  "TAKCfAy3yDzuEtuq994hdn": {
    "question_id": "TAKCfAy3yDzuEtuq994hdn",
    "prediction": "waiter",
    "actual": "groom"
  },
  "TAwFJVcYrztESePxFhSyAt": {
    "question_id": "TAwFJVcYrztESePxFhSyAt",
    "prediction": "golfball",
    "actual": "ball"
  },
  "TU3Jt6U4vLxsHp26fpMWW8": {
    "question_id": "TU3Jt6U4vLxsHp26fpMWW8",
    "prediction": "poster board",
    "actual": "charcuterie"
  },
  "Tbna5Srgt6Jbg8hgADabX7": {
    "question_id": "Tbna5Srgt6Jbg8hgADabX7",
    "prediction": "red",
    "actual": "white"
  },
  "TgSTm8wMoywwfop8P7MVSd": {
    "question_id": "TgSTm8wMoywwfop8P7MVSd",
    "prediction": "winter",
    "actual": "dry"
  },
  "TiHYTuQWNZA5Ui4kwswtvh": {
    "question_id": "TiHYTuQWNZA5Ui4kwswtvh",
    "prediction": "white",
    "actual": "black"
  },
  "TifwtbdMUHyamphGv5h8ke": {
    "question_id": "TifwtbdMUHyamphGv5h8ke",
    "prediction": "burlington",
    "actual": "north bergen"
  },
  "TnkZofftZctoj8bFNzg2kH": {
    "question_id": "TnkZofftZctoj8bFNzg2kH",
    "prediction": "teenagers",
    "actual": "seniors"
  },
  "UDeVUh2hQdtougjwZfSviW": {
    "question_id": "UDeVUh2hQdtougjwZfSviW",
    "prediction": "800",
    "actual": "1220"
  },
  "ULATNnxK9NEPMyLLPjSbDs": {
    "question_id": "ULATNnxK9NEPMyLLPjSbDs",
    "prediction": "indian",
    "actual": "japanese"
  },
  "ULSq2sLPjbuZY3B2Z6mYjb": {
    "question_id": "ULSq2sLPjbuZY3B2Z6mYjb",
    "prediction": "comb hair",
    "actual": "eat food"
  },
  "UQENBDxmJ3GjGcukhY4Pz6": {
    "question_id": "UQENBDxmJ3GjGcukhY4Pz6",
    "prediction": "dog",
    "actual": "cat"
  },
  "UVVFCjjDrqyaKa34tF54pS": {
    "question_id": "UVVFCjjDrqyaKa34tF54pS",
    "prediction": "bathroom",
    "actual": "entryway"
  },
  "UYMVq2rDCFNVv8gsP6dhdH": {
    "question_id": "UYMVq2rDCFNVv8gsP6dhdH",
    "prediction": "three",
    "actual": "two"
  },
  "UcsK83RofE8rYDQoLmWhwK": {
    "question_id": "UcsK83RofE8rYDQoLmWhwK",
    "prediction": "food drive",
    "actual": "car wash"
  },
  "UkgASD3jXFSiGpwBf8Nf5y": {
    "question_id": "UkgASD3jXFSiGpwBf8Nf5y",
    "prediction": "pedestrian walkway",
    "actual": "parking spaces"
  },
  "UuYwpccc3LhURGU3XWuW7i": {
    "question_id": "UuYwpccc3LhURGU3XWuW7i",
    "prediction": "bedroom",
    "actual": "doorway"
  },
  "Uv8wsVRaJmguTknDUJBCXS": {
    "question_id": "Uv8wsVRaJmguTknDUJBCXS",
    "prediction": "ducks",
    "actual": "canadian geese"
  },
  "V4VjJ3eNtgQnM7ZvF2S3iL": {
    "question_id": "V4VjJ3eNtgQnM7ZvF2S3iL",
    "prediction": "sister",
    "actual": "mother"
  },
  "V7eH795GEYSJkaUNCkCp7A": {
    "question_id": "V7eH795GEYSJkaUNCkCp7A",
    "prediction": "drinking coffee",
    "actual": "holding pencils"
  },
  "VDb8JjxzQRA5pssoPHup4M": {
    "question_id": "VDb8JjxzQRA5pssoPHup4M",
    "prediction": "glad",
    "actual": "fun"
  },
  "VEYdFufFnzaDwFg4HBBcYY": {
    "question_id": "VEYdFufFnzaDwFg4HBBcYY",
    "prediction": "sitting",
    "actual": "standing"
  },
  "VJ43YwLMKZXTSbGAg9waNa": {
    "question_id": "VJ43YwLMKZXTSbGAg9waNa",
    "prediction": "champagne",
    "actual": "water"
  },
  "VKDkZzDN4KTFxGbh2KrgSf": {
    "question_id": "VKDkZzDN4KTFxGbh2KrgSf",
    "prediction": "turkey",
    "actual": "china"
  },
  "VSvCeQz6PNuzX6hYisMLe4": {
    "question_id": "VSvCeQz6PNuzX6hYisMLe4",
    "prediction": "running",
    "actual": "sitting"
  },
  "VXA5FfMXfSByVYECxCwcR2": {
    "question_id": "VXA5FfMXfSByVYECxCwcR2",
    "prediction": "fried",
    "actual": "grilled"
  },
  "Va5KLsXWHujm6DtfGdHssS": {
    "question_id": "Va5KLsXWHujm6DtfGdHssS",
    "prediction": "evening",
    "actual": "afternoon"
  },
  "Vaycw3C7ENGUZ9YnzCz5TU": {
    "question_id": "Vaycw3C7ENGUZ9YnzCz5TU",
    "prediction": "sesame oil",
    "actual": "water"
  },
  "VdepsSMSGD3FJyBybbLsFD": {
    "question_id": "VdepsSMSGD3FJyBybbLsFD",
    "prediction": "treats",
    "actual": "exercise"
  },
  "VdwJzCL5W2Sfytj5sRWhvV": {
    "question_id": "VdwJzCL5W2Sfytj5sRWhvV",
    "prediction": "sit",
    "actual": "eat left-handed"
  },
  "VeQ4KEc2qHLZTXoPaHX4sy": {
    "question_id": "VeQ4KEc2qHLZTXoPaHX4sy",
    "prediction": "learning skiing",
    "actual": "ski racing"
  },
  "VfFoJ6PWrs7H65Tw6eP9PS": {
    "question_id": "VfFoJ6PWrs7H65Tw6eP9PS",
    "prediction": "trackpad",
    "actual": "mouse"
  },
  "VgxPdtgxpLKqHGCvaCyHcC": {
    "question_id": "VgxPdtgxpLKqHGCvaCyHcC",
    "prediction": "park",
    "actual": "overpass"
  },
  "VnvcXjkeZTbMsRfQZwQXUF": {
    "question_id": "VnvcXjkeZTbMsRfQZwQXUF",
    "prediction": "self-care",
    "actual": "reading"
  },
  "VnzsUW53NRP8HWxzudb4wB": {
    "question_id": "VnzsUW53NRP8HWxzudb4wB",
    "prediction": "sedan",
    "actual": "jeep"
  },
  "VohghyPSQCmFdnNQD2FntC": {
    "question_id": "VohghyPSQCmFdnNQD2FntC",
    "prediction": "road",
    "actual": "track"
  },
  "W3BhSzei6UhVZbxEqQYt5Y": {
    "question_id": "W3BhSzei6UhVZbxEqQYt5Y",
    "prediction": "bicycle",
    "actual": "motorcycle"
  },
  "W5p2HmLoUaWjYqMkHyhK8Q": {
    "question_id": "W5p2HmLoUaWjYqMkHyhK8Q",
    "prediction": "shortstop",
    "actual": "left field"
  },
  "W7NENqwhQdUFDHrkxS2Ch6": {
    "question_id": "W7NENqwhQdUFDHrkxS2Ch6",
    "prediction": "rain",
    "actual": "glass"
  },
  "W9SuEnjPaJ2SReannrgG2Y": {
    "question_id": "W9SuEnjPaJ2SReannrgG2Y",
    "prediction": "pulling passengers",
    "actual": "plowing fields"
  },
  "W9gwHYkWiZQ9fTUbF6rJUt": {
    "question_id": "W9gwHYkWiZQ9fTUbF6rJUt",
    "prediction": "britain",
    "actual": "australia"
  },
  "WBdKcgLeFsoBqW8cqnzsLe": {
    "question_id": "WBdKcgLeFsoBqW8cqnzsLe",
    "prediction": "jelly",
    "actual": "hole"
  },
  "WHkq5C8BiaowwnmsHGAxgf": {
    "question_id": "WHkq5C8BiaowwnmsHGAxgf",
    "prediction": "sugar",
    "actual": "cheese"
  },
  "WLG7VBozfPSsZPwKjaUXYy": {
    "question_id": "WLG7VBozfPSsZPwKjaUXYy",
    "prediction": "judaism",
    "actual": "islam"
  },
  "WRniXpa5KWfR7D85cwFASi": {
    "question_id": "WRniXpa5KWfR7D85cwFASi",
    "prediction": "xbox one",
    "actual": "nintendo wii"
  },
  "WZt7xFyvPGqx93xZmhCFb7": {
    "question_id": "WZt7xFyvPGqx93xZmhCFb7",
    "prediction": "welcome",
    "actual": "green"
  },
  "WapXzWUgE3zgx5n3fVGUjS": {
    "question_id": "WapXzWUgE3zgx5n3fVGUjS",
    "prediction": "torn",
    "actual": "hole punch"
  },
  "WnCzZybnZ7YyuDvJ62YLyt": {
    "question_id": "WnCzZybnZ7YyuDvJ62YLyt",
    "prediction": "firefighters",
    "actual": "airport"
  },
  "WojdRVndpCBeqpSk3roFjk": {
    "question_id": "WojdRVndpCBeqpSk3roFjk",
    "prediction": "led",
    "actual": "compact fluorescent"
  },
  "Wz68Xn6EZYE34pM3RG2zNH": {
    "question_id": "Wz68Xn6EZYE34pM3RG2zNH",
    "prediction": "umpire",
    "actual": "pitcher"
  },
  "XAvbeZ5Rqjf9hb6eDnVNhQ": {
    "question_id": "XAvbeZ5Rqjf9hb6eDnVNhQ",
    "prediction": "winter",
    "actual": "fall"
  },
  "XKnTd4kV5WUcrpNTRg5GJB": {
    "question_id": "XKnTd4kV5WUcrpNTRg5GJB",
    "prediction": "eating",
    "actual": "napping"
  },
  "XLheqq6ar6y8HxdmSZokoi": {
    "question_id": "XLheqq6ar6y8HxdmSZokoi",
    "prediction": "teacher",
    "actual": "parade"
  },
  "XMnwGhrkndZXRyKaXNYkAv": {
    "question_id": "XMnwGhrkndZXRyKaXNYkAv",
    "prediction": "amazon",
    "actual": "usps"
  },
  "XSdfYndeSP25Dm2T5e5Bd4": {
    "question_id": "XSdfYndeSP25Dm2T5e5Bd4",
    "prediction": "wasps",
    "actual": "sheep"
  },
  "XYmNkcLb88NVASUfFkcMXC": {
    "question_id": "XYmNkcLb88NVASUfFkcMXC",
    "prediction": "water",
    "actual": "alcohol"
  },
  "XaVW3KQGzwUPCJeYwr99F6": {
    "question_id": "XaVW3KQGzwUPCJeYwr99F6",
    "prediction": "decorations",
    "actual": "exhibition"
  },
  "XfKzDoDZwVcQqTPF6xzjbs": {
    "question_id": "XfKzDoDZwVcQqTPF6xzjbs",
    "prediction": "braking",
    "actual": "speeding"
  },
  "XkEu3gmYW23qTivgmHP3fN": {
    "question_id": "XkEu3gmYW23qTivgmHP3fN",
    "prediction": "caution",
    "actual": "go"
  },
  "XogitwSQqMuD3ABqp25hgF": {
    "question_id": "XogitwSQqMuD3ABqp25hgF",
    "prediction": "diagonal",
    "actual": "parallel"
  },
  "XsmK9BGTpRCeMYeF7Lq43Q": {
    "question_id": "XsmK9BGTpRCeMYeF7Lq43Q",
    "prediction": "heelflip",
    "actual": "rail grind"
  },
  "Xw5HiN4AhQ2Nniw8ZD6LYB": {
    "question_id": "Xw5HiN4AhQ2Nniw8ZD6LYB",
    "prediction": "swordfish",
    "actual": "clown fish"
  },
  "YQ3iE6vHkcuYRWwn3fFd8N": {
    "question_id": "YQ3iE6vHkcuYRWwn3fFd8N",
    "prediction": "suit",
    "actual": "bow tie"
  },
  "YRPvUijZr6hbuQgiyVDRqE": {
    "question_id": "YRPvUijZr6hbuQgiyVDRqE",
    "prediction": "over exposed",
    "actual": "double exposed"
  },
  "YVoLEFzggKmLk7ghNNgXKB": {
    "question_id": "YVoLEFzggKmLk7ghNNgXKB",
    "prediction": "toy store",
    "actual": "motorcycle dealer"
  },
  "YY8z6xFXJJ2nBNWWiijsHP": {
    "question_id": "YY8z6xFXJJ2nBNWWiijsHP",
    "prediction": "up",
    "actual": "toy story"
  },
  "YcY4T8d3SVHEDD4nQJBypg": {
    "question_id": "YcY4T8d3SVHEDD4nQJBypg",
    "prediction": "cheese",
    "actual": "tomato"
  },
  "Yf5ytZ8Hnk3NwYSf6YmBnB": {
    "question_id": "Yf5ytZ8Hnk3NwYSf6YmBnB",
    "prediction": "lamp",
    "actual": "laptop screen"
  },
  "YjzdYbFMe3DLJstKyxejEm": {
    "question_id": "YjzdYbFMe3DLJstKyxejEm",
    "prediction": "money",
    "actual": "lighter"
  },
  "YkoPwAEMfgMqGRxLyzEXpz": {
    "question_id": "YkoPwAEMfgMqGRxLyzEXpz",
    "prediction": "dinner",
    "actual": "breakfast"
  },
  "YofsNmbN6XCqNdfHTBmzNq": {
    "question_id": "YofsNmbN6XCqNdfHTBmzNq",
    "prediction": "metal",
    "actual": "acrylic"
  },
  "Yw4eyrH9WvXX8SLfnqmPmX": {
    "question_id": "Yw4eyrH9WvXX8SLfnqmPmX",
    "prediction": "vegetable",
    "actual": "pastry"
  },
  "Yzs9cYUUiiJWUzXRFsu3Qy": {
    "question_id": "Yzs9cYUUiiJWUzXRFsu3Qy",
    "prediction": "six",
    "actual": "zero"
  },
  "Z2wV882FxEjxwqFcbMRM9K": {
    "question_id": "Z2wV882FxEjxwqFcbMRM9K",
    "prediction": "anchors",
    "actual": "sails"
  },
  "Z5m3QsQ5uikUE6AwWUufzg": {
    "question_id": "Z5m3QsQ5uikUE6AwWUufzg",
    "prediction": "living room",
    "actual": "large closet"
  },
  "Z5xx32ZiWMMosQmfjqKaGC": {
    "question_id": "Z5xx32ZiWMMosQmfjqKaGC",
    "prediction": "bedroom",
    "actual": "hotel room"
  },
  "ZBZcWNW8gabo3RcNZu7Awj": {
    "question_id": "ZBZcWNW8gabo3RcNZu7Awj",
    "prediction": "fighting",
    "actual": "selling pizzas"
  },
  "ZCGhDHZtMcwGAY36U6XwQL": {
    "question_id": "ZCGhDHZtMcwGAY36U6XwQL",
    "prediction": "blue color",
    "actual": "white car"
  },
  "ZH4XEMQDqCEqeyqX8ruMqf": {
    "question_id": "ZH4XEMQDqCEqeyqX8ruMqf",
    "prediction": "having lunch",
    "actual": "tea party"
  },
  "ZVHGXacRAzycGJbvaZL6WW": {
    "question_id": "ZVHGXacRAzycGJbvaZL6WW",
    "prediction": "pond",
    "actual": "lake"
  },
  "ZVKndGxjdDtnrmsRUfRPxX": {
    "question_id": "ZVKndGxjdDtnrmsRUfRPxX",
    "prediction": "angus",
    "actual": "hereford"
  },
  "ZVihanJCkC9cEENhpyucEn": {
    "question_id": "ZVihanJCkC9cEENhpyucEn",
    "prediction": "snow",
    "actual": "weather"
  },
  "ZWw8aaWWifdcZdMU7Pmgcg": {
    "question_id": "ZWw8aaWWifdcZdMU7Pmgcg",
    "prediction": "twelve",
    "actual": "seventeen"
  },
  "ZYdDiWXC3SqAFxW7ANe8Tk": {
    "question_id": "ZYdDiWXC3SqAFxW7ANe8Tk",
    "prediction": "swan",
    "actual": "albatross"
  },
  "ZdLaJyLJrM3UyQfks4vPz4": {
    "question_id": "ZdLaJyLJrM3UyQfks4vPz4",
    "prediction": "vitamin store",
    "actual": "convenience store"
  },
  "Zhx4M3xfkZGgH4dnopMrY2": {
    "question_id": "Zhx4M3xfkZGgH4dnopMrY2",
    "prediction": "to kiss",
    "actual": "to eat"
  },
  "ZjapTLh575MHGLJLdT5wkE": {
    "question_id": "ZjapTLh575MHGLJLdT5wkE",
    "prediction": "exercising",
    "actual": "smoking"
  },
  "Zkx2Q6dT8tpX5CaHAVoLzA": {
    "question_id": "Zkx2Q6dT8tpX5CaHAVoLzA",
    "prediction": "cat",
    "actual": "plant"
  },
  "ZpLohrc8reFQkCjJ3iFQXX": {
    "question_id": "ZpLohrc8reFQkCjJ3iFQXX",
    "prediction": "headband",
    "actual": "headset"
  },
  "Zpnu9g7eUGf6yYwwFN2Hk5": {
    "question_id": "Zpnu9g7eUGf6yYwwFN2Hk5",
    "prediction": "lunch",
    "actual": "dessert"
  },
  "Zt2TzKJkDQHFrbcPkxNZcA": {
    "question_id": "Zt2TzKJkDQHFrbcPkxNZcA",
    "prediction": "trespassers",
    "actual": "balls"
  },
  "ZthUeysacKx2CVGPpNKxe4": {
    "question_id": "ZthUeysacKx2CVGPpNKxe4",
    "prediction": "prairie skirt",
    "actual": "sarong"
  },
  "ZtyPK2Y2iMngTE2jBMJQpP": {
    "question_id": "ZtyPK2Y2iMngTE2jBMJQpP",
    "prediction": "petrol",
    "actual": "electric"
  },
  "a2NwsGL4TDKVjb89XHSn5i": {
    "question_id": "a2NwsGL4TDKVjb89XHSn5i",
    "prediction": "chess",
    "actual": "draughts"
  },
  "a8KA5MV9JnCTqyHCeKCfEW": {
    "question_id": "a8KA5MV9JnCTqyHCeKCfEW",
    "prediction": "egg yolk",
    "actual": "sky"
  },
  "aC77EkAro3tybKmAJPUAH4": {
    "question_id": "aC77EkAro3tybKmAJPUAH4",
    "prediction": "skates",
    "actual": "safety"
  },
  "aDVS7CNLi2et7Uf7kEEZeQ": {
    "question_id": "aDVS7CNLi2et7Uf7kEEZeQ",
    "prediction": "curiosity",
    "actual": "for food"
  },
  "aJHeEgCPQ2LCEwtsZWbd9Q": {
    "question_id": "aJHeEgCPQ2LCEwtsZWbd9Q",
    "prediction": "signs",
    "actual": "crane"
  },
  "aL2mrGutdZCcG5Da5m6avg": {
    "question_id": "aL2mrGutdZCcG5Da5m6avg",
    "prediction": "cold",
    "actual": "wind"
  },
  "aUgAiwcNTDksCTSB4zLqLx": {
    "question_id": "aUgAiwcNTDksCTSB4zLqLx",
    "prediction": "religious",
    "actual": "costume"
  },
  "aX3pLQW2CigHrJVVMETaey": {
    "question_id": "aX3pLQW2CigHrJVVMETaey",
    "prediction": "65",
    "actual": "30"
  },
  "aXA73vtTRAUJ79PHaVuhF8": {
    "question_id": "aXA73vtTRAUJ79PHaVuhF8",
    "prediction": "acrylic",
    "actual": "cake"
  },
  "aXNsPe9LnRuqorhKQ9McLC": {
    "question_id": "aXNsPe9LnRuqorhKQ9McLC",
    "prediction": "11",
    "actual": "one"
  },
  "acLP6cnPoWn8iZ9aD6F8ZL": {
    "question_id": "acLP6cnPoWn8iZ9aD6F8ZL",
    "prediction": "frisbee",
    "actual": "plate"
  },
  "adCKLgHUzBBhEmMyf8s8tW": {
    "question_id": "adCKLgHUzBBhEmMyf8s8tW",
    "prediction": "vegetable",
    "actual": "fruit"
  },
  "adJ3Kj52nGJVwytjWDJjCA": {
    "question_id": "adJ3Kj52nGJVwytjWDJjCA",
    "prediction": "balance",
    "actual": "reach"
  },
  "adYBVSLgdqCGZjjVacKNGg": {
    "question_id": "adYBVSLgdqCGZjjVacKNGg",
    "prediction": "cheese",
    "actual": "onion"
  },
  "akDNCt5XCGvjw33C3ong5d": {
    "question_id": "akDNCt5XCGvjw33C3ong5d",
    "prediction": "brunch",
    "actual": "dinner"
  },
  "aoGyPaA6ZWkaQSZYXwdyEw": {
    "question_id": "aoGyPaA6ZWkaQSZYXwdyEw",
    "prediction": "corvette",
    "actual": "mustang"
  },
  "awiLcr766TJkZENT7kBLBR": {
    "question_id": "awiLcr766TJkZENT7kBLBR",
    "prediction": "strike",
    "actual": "nothing"
  },
  "axQQHVN8GNWTHu4B4fzqaF": {
    "question_id": "axQQHVN8GNWTHu4B4fzqaF",
    "prediction": "standing",
    "actual": "squatting"
  },
  "ayLDJwHtkkfkn7twcJRGGo": {
    "question_id": "ayLDJwHtkkfkn7twcJRGGo",
    "prediction": "residential building",
    "actual": "resort"
  },
  "b2photCPzvgmyTJXLzEgbW": {
    "question_id": "b2photCPzvgmyTJXLzEgbW",
    "prediction": "brown",
    "actual": "cream"
  },
  "b5XoCkzFXxELg4R5SP4uEf": {
    "question_id": "b5XoCkzFXxELg4R5SP4uEf",
    "prediction": "frisbee",
    "actual": "ring toss"
  },
  "b6tZAg7f28UHbins7nWcpo": {
    "question_id": "b6tZAg7f28UHbins7nWcpo",
    "prediction": "steamed",
    "actual": "roasted"
  },
  "bAZ4e6x3iLpkJMi8joS9mw": {
    "question_id": "bAZ4e6x3iLpkJMi8joS9mw",
    "prediction": "hairless",
    "actual": "fluffy"
  },
  "bCewJfNy7SdgVeNaQrbTN9": {
    "question_id": "bCewJfNy7SdgVeNaQrbTN9",
    "prediction": "glass",
    "actual": "clay"
  },
  "bFHUSwTBE33hag9jVm6iJr": {
    "question_id": "bFHUSwTBE33hag9jVm6iJr",
    "prediction": "chopsticks",
    "actual": "utensils"
  },
  "bJibpiu5MQYbPEn4czsCea": {
    "question_id": "bJibpiu5MQYbPEn4czsCea",
    "prediction": "school",
    "actual": "work"
  },
  "bTGQFiRVpf3sA2KURQcTQU": {
    "question_id": "bTGQFiRVpf3sA2KURQcTQU",
    "prediction": "truck",
    "actual": "train"
  },
  "bTkroMPt2NzXSUFCPZS823": {
    "question_id": "bTkroMPt2NzXSUFCPZS823",
    "prediction": "landing",
    "actual": "passenger loading"
  },
  "bZ25bkAHbKKbPwPxLq6tgP": {
    "question_id": "bZ25bkAHbKKbPwPxLq6tgP",
    "prediction": "oranges",
    "actual": "grapes"
  },
  "bZont5aBGPxG5hEGcRHk4r": {
    "question_id": "bZont5aBGPxG5hEGcRHk4r",
    "prediction": "china",
    "actual": "egypt"
  },
  "bcXERNeXxn8CmkodKezv7X": {
    "question_id": "bcXERNeXxn8CmkodKezv7X",
    "prediction": "destination",
    "actual": "advertisement"
  },
  "bezNeT66zH5bmV9XRsGhcf": {
    "question_id": "bezNeT66zH5bmV9XRsGhcf",
    "prediction": "ladder",
    "actual": "mountain"
  },
  "bf6qUEbh434BJZ3d4MWsU9": {
    "question_id": "bf6qUEbh434BJZ3d4MWsU9",
    "prediction": "ford",
    "actual": "toyota"
  },
  "bfr2EuyWxuSqeL23qocAe4": {
    "question_id": "bfr2EuyWxuSqeL23qocAe4",
    "prediction": "steel",
    "actual": "wood"
  },
  "bgFM5EQ66AGQWorBoJzymJ": {
    "question_id": "bgFM5EQ66AGQWorBoJzymJ",
    "prediction": "one",
    "actual": "three"
  },
  "bkDub4yWQqeZVboUxpBCAd": {
    "question_id": "bkDub4yWQqeZVboUxpBCAd",
    "prediction": "bedroom",
    "actual": "restroom"
  },
  "bmXjvk9NznKw8jyhjjZuqi": {
    "question_id": "bmXjvk9NznKw8jyhjjZuqi",
    "prediction": "lamb",
    "actual": "plastic"
  },
  "bp87frxTcBx6bA7KtzDFp7": {
    "question_id": "bp87frxTcBx6bA7KtzDFp7",
    "prediction": "trail",
    "actual": "street"
  },
  "bsEAp6tE9zHfcQ2ZASJYbZ": {
    "question_id": "bsEAp6tE9zHfcQ2ZASJYbZ",
    "prediction": "fighting predators",
    "actual": "eating leaves"
  },
  "bt6WFDHUBaFadif2oq3h4k": {
    "question_id": "bt6WFDHUBaFadif2oq3h4k",
    "prediction": "eating",
    "actual": "running"
  },
  "c4kK8bzsKvVyN2KzoAkKpT": {
    "question_id": "c4kK8bzsKvVyN2KzoAkKpT",
    "prediction": "hate",
    "actual": "love"
  },
  "c7bJDbwpd27BqNaJzK9ubb": {
    "question_id": "c7bJDbwpd27BqNaJzK9ubb",
    "prediction": "to dry",
    "actual": "to sell"
  },
  "cHj9fNtX8oN4JATDhDUC4T": {
    "question_id": "cHj9fNtX8oN4JATDhDUC4T",
    "prediction": "dog",
    "actual": "human"
  },
  "cHkTFzqn2VpbUHXky7DhQz": {
    "question_id": "cHkTFzqn2VpbUHXky7DhQz",
    "prediction": "cat",
    "actual": "bear"
  },
  "cRGhffFZWNyQviWrJPmRCg": {
    "question_id": "cRGhffFZWNyQviWrJPmRCg",
    "prediction": "six",
    "actual": "two"
  },
  "caoMCyFq9e2eNFohbFzEWN": {
    "question_id": "caoMCyFq9e2eNFohbFzEWN",
    "prediction": "back up",
    "actual": "go"
  },
  "ccZR5KJLUyDM8CqyvVVWbj": {
    "question_id": "ccZR5KJLUyDM8CqyvVVWbj",
    "prediction": "rectangle",
    "actual": "square"
  },
  "cctHD6Sgao4mvCUTQ8RLkU": {
    "question_id": "cctHD6Sgao4mvCUTQ8RLkU",
    "prediction": "pantry",
    "actual": "kitchen"
  },
  "cdRdX2gv29YLpSgqTiWGPt": {
    "question_id": "cdRdX2gv29YLpSgqTiWGPt",
    "prediction": "antifa",
    "actual": "lgbt"
  },
  "chXZTHvYp7pFsdQhLyAC9F": {
    "question_id": "chXZTHvYp7pFsdQhLyAC9F",
    "prediction": "hiking",
    "actual": "tennis competition"
  },
  "ciMU7f8NdZMAwQJDmPrmcH": {
    "question_id": "ciMU7f8NdZMAwQJDmPrmcH",
    "prediction": "bengal",
    "actual": "tuna"
  },
  "ckEWdFtXTjmNaM5gGbqQH4": {
    "question_id": "ckEWdFtXTjmNaM5gGbqQH4",
    "prediction": "run",
    "actual": "eat"
  },
  "cm2fk2B2GKPXCLkpzrSxaH": {
    "question_id": "cm2fk2B2GKPXCLkpzrSxaH",
    "prediction": "asia",
    "actual": "europe"
  },
  "cmDRUcNRtcvVpHzURp8W45": {
    "question_id": "cmDRUcNRtcvVpHzURp8W45",
    "prediction": "directing traffic",
    "actual": "late night"
  },
  "crFTuf4oK8K3SqFqWe7d8X": {
    "question_id": "crFTuf4oK8K3SqFqWe7d8X",
    "prediction": "green",
    "actual": "orange"
  },
  "cw76LXiDncor4xpkaWcaDX": {
    "question_id": "cw76LXiDncor4xpkaWcaDX",
    "prediction": "sheep",
    "actual": "cats"
  },
  "dF3yMTwwWYEDqax7b4n9VX": {
    "question_id": "dF3yMTwwWYEDqax7b4n9VX",
    "prediction": "maybe",
    "actual": "no"
  },
  "dLGivwZ7fRpiDAqxkDxd5X": {
    "question_id": "dLGivwZ7fRpiDAqxkDxd5X",
    "prediction": "bike",
    "actual": "tractor"
  },
  "dTa8nkCw9jfvKMzHmdvYCT": {
    "question_id": "dTa8nkCw9jfvKMzHmdvYCT",
    "prediction": "floor",
    "actual": "ceiling"
  },
  "dYPm6FoCySuwWSw7pPbTKC": {
    "question_id": "dYPm6FoCySuwWSw7pPbTKC",
    "prediction": "sandcastles",
    "actual": "snowman"
  },
  "da6PS4adVsfrcADUNQ8GMx": {
    "question_id": "da6PS4adVsfrcADUNQ8GMx",
    "prediction": "five",
    "actual": "two"
  },
  "ddjEou8vsFUmvEAvgXxh8n": {
    "question_id": "ddjEou8vsFUmvEAvgXxh8n",
    "prediction": "referees",
    "actual": "photographers"
  },
  "dgiMniYGqfUmHnVDLJdayu": {
    "question_id": "dgiMniYGqfUmHnVDLJdayu",
    "prediction": "fedora",
    "actual": "baseball cap"
  },
  "dqTfuzYZnbZ4MTNFc9Zkeb": {
    "question_id": "dqTfuzYZnbZ4MTNFc9Zkeb",
    "prediction": "rose",
    "actual": "pointsettia"
  },
  "dsj5pM6cKMWbpv8viqkUyN": {
    "question_id": "dsj5pM6cKMWbpv8viqkUyN",
    "prediction": "parking",
    "actual": "roundabout"
  },
  "dwxReu6Xio6pQQxjps3Xtj": {
    "question_id": "dwxReu6Xio6pQQxjps3Xtj",
    "prediction": "camera",
    "actual": "phone"
  },
  "e2tBLmwDciwSoY7nqUsS2D": {
    "question_id": "e2tBLmwDciwSoY7nqUsS2D",
    "prediction": "snow shovelling",
    "actual": "propulsion"
  },
  "e52REttPVvHxGe9H9Y8iya": {
    "question_id": "e52REttPVvHxGe9H9Y8iya",
    "prediction": "canada",
    "actual": "united states"
  },
  "eTzxabUHi9XjTeaAKr9nz2": {
    "question_id": "eTzxabUHi9XjTeaAKr9nz2",
    "prediction": "library",
    "actual": "station"
  },
  "eVSP3pkyjc7WXrz4KPd2rz": {
    "question_id": "eVSP3pkyjc7WXrz4KPd2rz",
    "prediction": "feet",
    "actual": "teeth"
  },
  "ec8EjipayMWjJLnwsWsrD3": {
    "question_id": "ec8EjipayMWjJLnwsWsrD3",
    "prediction": "skateboard",
    "actual": "surfboard"
  },
  "ee4bPHg93VdP6dqmUAGtbg": {
    "question_id": "ee4bPHg93VdP6dqmUAGtbg",
    "prediction": "suzuki",
    "actual": "volvo"
  },
  "efPGEhVYzatJbs8HcmV9rW": {
    "question_id": "efPGEhVYzatJbs8HcmV9rW",
    "prediction": "wedding",
    "actual": "home"
  },
  "egoXFuXgENCZik7xrP9der": {
    "question_id": "egoXFuXgENCZik7xrP9der",
    "prediction": "get out",
    "actual": "i do"
  },
  "eiLeNz2CFKYS7AFZDXrKEM": {
    "question_id": "eiLeNz2CFKYS7AFZDXrKEM",
    "prediction": "family",
    "actual": "class"
  },
  "eiTuwtpwaP6LXCBDdhRfUU": {
    "question_id": "eiTuwtpwaP6LXCBDdhRfUU",
    "prediction": "oven",
    "actual": "grill"
  },
  "eknnNjTPL6m3PBzaxLZbbh": {
    "question_id": "eknnNjTPL6m3PBzaxLZbbh",
    "prediction": "bookshelf",
    "actual": "table"
  },
  "epeFzsUCjPeSnj6QjSa9So": {
    "question_id": "epeFzsUCjPeSnj6QjSa9So",
    "prediction": "trash can",
    "actual": "curb"
  },
  "es4dTSrFkgs2LEtLByV5Fk": {
    "question_id": "es4dTSrFkgs2LEtLByV5Fk",
    "prediction": "kickflip",
    "actual": "rail grind"
  },
  "fANoeH2ASUFa5ZeVzBYwjF": {
    "question_id": "fANoeH2ASUFa5ZeVzBYwjF",
    "prediction": "playing",
    "actual": "eating"
  },
  "fBq7g59duqhmbqAtjWY5xf": {
    "question_id": "fBq7g59duqhmbqAtjWY5xf",
    "prediction": "mcdonald's",
    "actual": "dr. pepper"
  },
  "fLRvDM4xG4ag8n4JC6CUQz": {
    "question_id": "fLRvDM4xG4ag8n4JC6CUQz",
    "prediction": "backpack",
    "actual": "teddy bear"
  },
  "fQxikBu5n7M2LWh5xV2BAb": {
    "question_id": "fQxikBu5n7M2LWh5xV2BAb",
    "prediction": "kickflip",
    "actual": "grind"
  },
  "fQykduWza8cpGuwj3CxHtF": {
    "question_id": "fQykduWza8cpGuwj3CxHtF",
    "prediction": "grazing",
    "actual": "herding"
  },
  "fRsrJ35b56YXKrbbzs59pn": {
    "question_id": "fRsrJ35b56YXKrbbzs59pn",
    "prediction": "none",
    "actual": "high"
  },
  "fVBJLwGMCV6Dq9cEaGyrq3": {
    "question_id": "fVBJLwGMCV6Dq9cEaGyrq3",
    "prediction": "flat screen",
    "actual": "console"
  },
  "fVxFwdk685zsCqsk7PvKM3": {
    "question_id": "fVxFwdk685zsCqsk7PvKM3",
    "prediction": "top",
    "actual": "bottom"
  },
  "feGFfp3nMKyVUYRboCosh9": {
    "question_id": "feGFfp3nMKyVUYRboCosh9",
    "prediction": "electronics",
    "actual": "food"
  },
  "fjqDSmg3254rQUdBJujxZy": {
    "question_id": "fjqDSmg3254rQUdBJujxZy",
    "prediction": "asia",
    "actual": "europe"
  },
  "fpF5ZKeP3xrZCP58anLwra": {
    "question_id": "fpF5ZKeP3xrZCP58anLwra",
    "prediction": "vegetables",
    "actual": "fruit"
  },
  "fucubLgW4kCAtRkT6nDaPa": {
    "question_id": "fucubLgW4kCAtRkT6nDaPa",
    "prediction": "action figure",
    "actual": "trophy"
  },
  "fxWzXTapRBT3NJNiL9yuX6": {
    "question_id": "fxWzXTapRBT3NJNiL9yuX6",
    "prediction": "handicapped",
    "actual": "blind"
  },
  "g5VNWgEAqTK8RdPgfGh9NX": {
    "question_id": "g5VNWgEAqTK8RdPgfGh9NX",
    "prediction": "canoe",
    "actual": "sail"
  },
  "gBMjiGJJSm7nuM2hmvxURC": {
    "question_id": "gBMjiGJJSm7nuM2hmvxURC",
    "prediction": "orange juice",
    "actual": "wine"
  },
  "gHLMqJkY93TUV94a7tLpoR": {
    "question_id": "gHLMqJkY93TUV94a7tLpoR",
    "prediction": "up",
    "actual": "town"
  },
  "gNrbLyhKYG8AMtxJTgB7E2": {
    "question_id": "gNrbLyhKYG8AMtxJTgB7E2",
    "prediction": "moving pedestrians",
    "actual": "for bikes"
  },
  "gR5qY6Tpgq26YAbGrZAwwJ": {
    "question_id": "gR5qY6Tpgq26YAbGrZAwwJ",
    "prediction": "lakeshore",
    "actual": "island"
  },
  "gXBksm4FiAGgUDw3a3EUaF": {
    "question_id": "gXBksm4FiAGgUDw3a3EUaF",
    "prediction": "bus",
    "actual": "motorbike"
  },
  "gaKyGVP3dVZGGtonfcuK6r": {
    "question_id": "gaKyGVP3dVZGGtonfcuK6r",
    "prediction": "amsterdam",
    "actual": "london"
  },
  "gbDHb3RPHzKdwPsEQP6vxs": {
    "question_id": "gbDHb3RPHzKdwPsEQP6vxs",
    "prediction": "uk",
    "actual": "us"
  },
  "gfHjDx5E9L9QMsbgnxSFdm": {
    "question_id": "gfHjDx5E9L9QMsbgnxSFdm",
    "prediction": "honda",
    "actual": "volkswagen"
  },
  "guwEPSB4oc6X2txXJJsomW": {
    "question_id": "guwEPSB4oc6X2txXJJsomW",
    "prediction": "drought",
    "actual": "wind"
  },
  "gzytVm5g6vXWY8VDF7tSEr": {
    "question_id": "gzytVm5g6vXWY8VDF7tSEr",
    "prediction": "down",
    "actual": "diagonal"
  },
  "h74gXxfogmocHgcRdcoHEg": {
    "question_id": "h74gXxfogmocHgcRdcoHEg",
    "prediction": "ham",
    "actual": "pineapple"
  },
  "hECCUB8FXovMC5nNPG2itn": {
    "question_id": "hECCUB8FXovMC5nNPG2itn",
    "prediction": "22",
    "actual": "14"
  },
  "hGPYsdTTBmP2uYYGodPkkt": {
    "question_id": "hGPYsdTTBmP2uYYGodPkkt",
    "prediction": "man",
    "actual": "horse"
  },
  "hJe5wYuE8Qr9uuzc9zahBx": {
    "question_id": "hJe5wYuE8Qr9uuzc9zahBx",
    "prediction": "watercraft",
    "actual": "passenger"
  },
  "hLHsuNu5R8Hf8xat2DzcDb": {
    "question_id": "hLHsuNu5R8Hf8xat2DzcDb",
    "prediction": "skyscraper",
    "actual": "government"
  },
  "hTNJXskvyVHvfhYb7Mdp7X": {
    "question_id": "hTNJXskvyVHvfhYb7Mdp7X",
    "prediction": "horse carriage",
    "actual": "truck"
  },
  "hUiYQuwqYiQH2xibX65Wss": {
    "question_id": "hUiYQuwqYiQH2xibX65Wss",
    "prediction": "ice cream",
    "actual": "icing"
  },
  "hUuZHj9U6dgD53jRBVVYfk": {
    "question_id": "hUuZHj9U6dgD53jRBVVYfk",
    "prediction": "creamer",
    "actual": "sugar"
  },
  "hYJoVHmJ5wehgSYxxAt2Eb": {
    "question_id": "hYJoVHmJ5wehgSYxxAt2Eb",
    "prediction": "child",
    "actual": "bag"
  },
  "hZV5fCospVTsaMc27Rbvc4": {
    "question_id": "hZV5fCospVTsaMc27Rbvc4",
    "prediction": "train",
    "actual": "bulldozer"
  },
  "hdZWqnfnTxgxXMZ4AJSWtM": {
    "question_id": "hdZWqnfnTxgxXMZ4AJSWtM",
    "prediction": "messy",
    "actual": "tidy"
  },
  "hgamoABdWM75WAPWU2rCdT": {
    "question_id": "hgamoABdWM75WAPWU2rCdT",
    "prediction": "woman",
    "actual": "horses"
  },
  "hikczeyros8C4QajTVYThj": {
    "question_id": "hikczeyros8C4QajTVYThj",
    "prediction": "puck",
    "actual": "frisbee"
  },
  "hnKD5XstcaNYe6tjb6vCPe": {
    "question_id": "hnKD5XstcaNYe6tjb6vCPe",
    "prediction": "store",
    "actual": "office"
  },
  "hrbVpGvQvzUsT7sFzWQWXu": {
    "question_id": "hrbVpGvQvzUsT7sFzWQWXu",
    "prediction": "video game",
    "actual": "film"
  },
  "hrzBKUpTCF5Bp7uvJbjv9Z": {
    "question_id": "hrzBKUpTCF5Bp7uvJbjv9Z",
    "prediction": "blue",
    "actual": "purple"
  },
  "hzfzWaLVz2ASnBBWc77fxG": {
    "question_id": "hzfzWaLVz2ASnBBWc77fxG",
    "prediction": "frogs",
    "actual": "dragons"
  },
  "i2ZhyTn4CzHyVxCjM6JFP5": {
    "question_id": "i2ZhyTn4CzHyVxCjM6JFP5",
    "prediction": "vegetables",
    "actual": "fruit"
  },
  "iEUBT5a5ajx5MR33EMkQVr": {
    "question_id": "iEUBT5a5ajx5MR33EMkQVr",
    "prediction": "boxes",
    "actual": "boat"
  },
  "iNDT4fYo9xeKBX6TrvtkVR": {
    "question_id": "iNDT4fYo9xeKBX6TrvtkVR",
    "prediction": "stroke",
    "actual": "broken bones"
  },
  "iXYYsBAjutihbRQuT3LVzn": {
    "question_id": "iXYYsBAjutihbRQuT3LVzn",
    "prediction": "thinking",
    "actual": "reading"
  },
  "iepNGdTWvJFnPbHVTuKmLw": {
    "question_id": "iepNGdTWvJFnPbHVTuKmLw",
    "prediction": "trimaran",
    "actual": "sailing vessel"
  },
  "ijeUcdVFHVYtTABEpPYJCR": {
    "question_id": "ijeUcdVFHVYtTABEpPYJCR",
    "prediction": "for warmth",
    "actual": "uniform"
  },
  "ioNZxNbwvEagLBwSYCmVkU": {
    "question_id": "ioNZxNbwvEagLBwSYCmVkU",
    "prediction": "sparrow",
    "actual": "pelican"
  },
  "irhkgQFLQikZ9fY6LfKbKN": {
    "question_id": "irhkgQFLQikZ9fY6LfKbKN",
    "prediction": "nike",
    "actual": "under armour"
  },
  "iriWmuGxQfwS4Uj8UE2ojD": {
    "question_id": "iriWmuGxQfwS4Uj8UE2ojD",
    "prediction": "zoo",
    "actual": "wild"
  },
  "isR9iC8cxoXvYQYBacRuzc": {
    "question_id": "isR9iC8cxoXvYQYBacRuzc",
    "prediction": "completely brown",
    "actual": "green"
  },
  "j3G4tBe5ga2sVPS2yWYbFM": {
    "question_id": "j3G4tBe5ga2sVPS2yWYbFM",
    "prediction": "serve",
    "actual": "return serve"
  },
  "j4usZ4NoJf62hcBq4GCBc7": {
    "question_id": "j4usZ4NoJf62hcBq4GCBc7",
    "prediction": "italian",
    "actual": "asian"
  },
  "j5j6LUEzw383spcNXi7XhT": {
    "question_id": "j5j6LUEzw383spcNXi7XhT",
    "prediction": "surfboard",
    "actual": "skateboard"
  },
  "jDicosLUWpypTQmQkRhC4W": {
    "question_id": "jDicosLUWpypTQmQkRhC4W",
    "prediction": "fedora",
    "actual": "top"
  },
  "jENRJNFPp8S9aqLGkRfkiU": {
    "question_id": "jENRJNFPp8S9aqLGkRfkiU",
    "prediction": "zoo",
    "actual": "home"
  },
  "jJtrzZ4RRXKH8SSVmgw8tp": {
    "question_id": "jJtrzZ4RRXKH8SSVmgw8tp",
    "prediction": "zoo",
    "actual": "wild"
  },
  "jK2QtNn8nC2mC2E57bZv7L": {
    "question_id": "jK2QtNn8nC2mC2E57bZv7L",
    "prediction": "winter",
    "actual": "fall"
  },
  "jKMHHLCYMYAARWrY2r4KHW": {
    "question_id": "jKMHHLCYMYAARWrY2r4KHW",
    "prediction": "both",
    "actual": "right"
  },
  "jMvTvShVbt7rP82s3rRXxf": {
    "question_id": "jMvTvShVbt7rP82s3rRXxf",
    "prediction": "tissue",
    "actual": "paper"
  },
  "jRxbsCVJxNtUMvsEBfpTaE": {
    "question_id": "jRxbsCVJxNtUMvsEBfpTaE",
    "prediction": "passenger train",
    "actual": "tank car"
  },
  "jT7i37wypejYFkuDY3xLLg": {
    "question_id": "jT7i37wypejYFkuDY3xLLg",
    "prediction": "printer",
    "actual": "pen"
  },
  "jVXbihURQxsHwkTVByGBKj": {
    "question_id": "jVXbihURQxsHwkTVByGBKj",
    "prediction": "kayak",
    "actual": "surfboard"
  },
  "jZ6AjasusNaTDooYZHPv6L": {
    "question_id": "jZ6AjasusNaTDooYZHPv6L",
    "prediction": "hospital",
    "actual": "formal"
  },
  "ja6pMKAxBoEM6Q9tvtsmMA": {
    "question_id": "ja6pMKAxBoEM6Q9tvtsmMA",
    "prediction": "wood",
    "actual": "metal"
  },
  "jnuckE6W2YqaueH7XL4ogy": {
    "question_id": "jnuckE6W2YqaueH7XL4ogy",
    "prediction": "buffets",
    "actual": "tours"
  },
  "jtqcU9Q9ToadtKDFM8p7mP": {
    "question_id": "jtqcU9Q9ToadtKDFM8p7mP",
    "prediction": "spaghetti",
    "actual": "rice"
  },
  "jvRoVpT79gh4dBU94qtsK8": {
    "question_id": "jvRoVpT79gh4dBU94qtsK8",
    "prediction": "phone",
    "actual": "microwave"
  },
  "k8y3RfpAYmSuXDkcpiDQrx": {
    "question_id": "k8y3RfpAYmSuXDkcpiDQrx",
    "prediction": "eating",
    "actual": "laughing"
  },
  "kLeQDtR5HUh6L8dbvEzhGe": {
    "question_id": "kLeQDtR5HUh6L8dbvEzhGe",
    "prediction": "refrigerator",
    "actual": "stove/oven"
  },
  "kZWuYe4HefJH33d7GCb4Tk": {
    "question_id": "kZWuYe4HefJH33d7GCb4Tk",
    "prediction": "italian",
    "actual": "japanese"
  },
  "kkSpeDk4MgZ6g4KPcyS5Lc": {
    "question_id": "kkSpeDk4MgZ6g4KPcyS5Lc",
    "prediction": "four",
    "actual": "two"
  },
  "kpuykmWTony3CofsE8S8Dt": {
    "question_id": "kpuykmWTony3CofsE8S8Dt",
    "prediction": "chicago",
    "actual": "new york"
  },
  "kqVKk7x35jEP3uXnZR3wBf": {
    "question_id": "kqVKk7x35jEP3uXnZR3wBf",
    "prediction": "fixing",
    "actual": "driving"
  },
  "kqxqUW6zqryU2Cu2oz46fH": {
    "question_id": "kqxqUW6zqryU2Cu2oz46fH",
    "prediction": "horse shoes",
    "actual": "stirrups"
  },
  "ksqkKgifofmUwDS94V5ggP": {
    "question_id": "ksqkKgifofmUwDS94V5ggP",
    "prediction": "fork",
    "actual": "sandwich pick"
  },
  "kyKhGsfSaSgAxrLEqyWgqq": {
    "question_id": "kyKhGsfSaSgAxrLEqyWgqq",
    "prediction": "seagull",
    "actual": "sandpiper"
  },
  "kzYUWLK5ajb3LRzgYcCFXc": {
    "question_id": "kzYUWLK5ajb3LRzgYcCFXc",
    "prediction": "dancing",
    "actual": "parking"
  },
  "m4BSqisXuHjv98qLTDT2NE": {
    "question_id": "m4BSqisXuHjv98qLTDT2NE",
    "prediction": "frying",
    "actual": "baking"
  },
  "m5WdqTRtUoKxbPMBxJRUtg": {
    "question_id": "m5WdqTRtUoKxbPMBxJRUtg",
    "prediction": "pedestrians",
    "actual": "parking"
  },
  "m7QwuD24FiwpWgFgkzBb7M": {
    "question_id": "m7QwuD24FiwpWgFgkzBb7M",
    "prediction": "man",
    "actual": "woman"
  },
  "m8XZ5DnesmzfsjwMhMsbfe": {
    "question_id": "m8XZ5DnesmzfsjwMhMsbfe",
    "prediction": "cheese",
    "actual": "sauce"
  },
  "mDPZ2AJQQx7b6CASimGgGD": {
    "question_id": "mDPZ2AJQQx7b6CASimGgGD",
    "prediction": "grocery store",
    "actual": "pharmacy"
  },
  "mNNi2tGdk9CvAdHYyZekG9": {
    "question_id": "mNNi2tGdk9CvAdHYyZekG9",
    "prediction": "nightclub",
    "actual": "outdoors"
  },
  "mQ4rtN2j9oECfTdyWEczjX": {
    "question_id": "mQ4rtN2j9oECfTdyWEczjX",
    "prediction": "dancing",
    "actual": "stretching"
  },
  "mQJZ2QZgUf2uzSoLNyFn8w": {
    "question_id": "mQJZ2QZgUf2uzSoLNyFn8w",
    "prediction": "motors",
    "actual": "dogs"
  },
  "mR37Xa62rp3FvidP5ppgCc": {
    "question_id": "mR37Xa62rp3FvidP5ppgCc",
    "prediction": "human",
    "actual": "anteater"
  },
  "mTeNP8rQAWywyEL6BxJzMr": {
    "question_id": "mTeNP8rQAWywyEL6BxJzMr",
    "prediction": "cook",
    "actual": "read"
  },
  "mXqJFvpNahd3xSBSMLqk9M": {
    "question_id": "mXqJFvpNahd3xSBSMLqk9M",
    "prediction": "ketchup",
    "actual": "sauce"
  },
  "ma7Jzg4NKgXtp5cBVh4kFP": {
    "question_id": "ma7Jzg4NKgXtp5cBVh4kFP",
    "prediction": "bedroom",
    "actual": "hotel"
  },
  "mdsQntNbjZRukzkyyHaD8T": {
    "question_id": "mdsQntNbjZRukzkyyHaD8T",
    "prediction": "melt it",
    "actual": "peel it"
  },
  "mhLhbPavrBpfdknacMN7GL": {
    "question_id": "mhLhbPavrBpfdknacMN7GL",
    "prediction": "store",
    "actual": "home"
  },
  "mjCY6VtSoZiKbBKKx3YuLZ": {
    "question_id": "mjCY6VtSoZiKbBKKx3YuLZ",
    "prediction": "to kiss",
    "actual": "to eat"
  },
  "mo9chSC5Km6Nu3Dg3mwrX6": {
    "question_id": "mo9chSC5Km6Nu3Dg3mwrX6",
    "prediction": "andruw jones",
    "actual": "pavel datsyuk"
  },
  "moDoPYYpw2bSfSdDnFnut9": {
    "question_id": "moDoPYYpw2bSfSdDnFnut9",
    "prediction": "ham",
    "actual": "hot dog"
  },
  "mxJ9HhWF4QbrG97rdsY7Pe": {
    "question_id": "mxJ9HhWF4QbrG97rdsY7Pe",
    "prediction": "beach",
    "actual": "forest"
  },
  "n2V3ufCHusHxHg3doMLfoT": {
    "question_id": "n2V3ufCHusHxHg3doMLfoT",
    "prediction": "escaping",
    "actual": "falling"
  },
  "n2aTnUjkSkZPZEWK8S6T9Q": {
    "question_id": "n2aTnUjkSkZPZEWK8S6T9Q",
    "prediction": "u turn",
    "actual": "turn right"
  },
  "n3pP3X6CbTGfsNu52Eujfm": {
    "question_id": "n3pP3X6CbTGfsNu52Eujfm",
    "prediction": "paper",
    "actual": "bases"
  },
  "n94Br4ZABpt9F8AeBnAaQK": {
    "question_id": "n94Br4ZABpt9F8AeBnAaQK",
    "prediction": "computer",
    "actual": "camera"
  },
  "nKwQobxEKFkMGtc8DcQ5Ju": {
    "question_id": "nKwQobxEKFkMGtc8DcQ5Ju",
    "prediction": "one",
    "actual": "two"
  },
  "nPTyUSa2BpdW7QXX7eKxpv": {
    "question_id": "nPTyUSa2BpdW7QXX7eKxpv",
    "prediction": "six",
    "actual": "four"
  },
  "nPhzzycXaUKH9UGFjCjsKQ": {
    "question_id": "nPhzzycXaUKH9UGFjCjsKQ",
    "prediction": "two",
    "actual": "four"
  },
  "nSKBbRdixLP5o5mr8W2VBJ": {
    "question_id": "nSKBbRdixLP5o5mr8W2VBJ",
    "prediction": "motorcycle",
    "actual": "trolley"
  },
  "nWKHkqWrAhfXG7eRWGX8B5": {
    "question_id": "nWKHkqWrAhfXG7eRWGX8B5",
    "prediction": "doubles",
    "actual": "match"
  },
  "nbKEZAsRQ7mimyjkQYFn6d": {
    "question_id": "nbKEZAsRQ7mimyjkQYFn6d",
    "prediction": "court",
    "actual": "fire"
  },
  "ngQSEzXpxxTNJ4mVQxD9JM": {
    "question_id": "ngQSEzXpxxTNJ4mVQxD9JM",
    "prediction": "library",
    "actual": "red couch"
  },
  "nhdJhq3kPGKBKMx4FCvXUs": {
    "question_id": "nhdJhq3kPGKBKMx4FCvXUs",
    "prediction": "stadium",
    "actual": "park"
  },
  "nidoPGHJpvjJLkJWzxWUng": {
    "question_id": "nidoPGHJpvjJLkJWzxWUng",
    "prediction": "military",
    "actual": "passenger"
  },
  "njzRWp6op4a49j3UtEjEFo": {
    "question_id": "njzRWp6op4a49j3UtEjEFo",
    "prediction": "graduation",
    "actual": "pizza party"
  },
  "nkstSbXoxcYyHbvBbKvZtV": {
    "question_id": "nkstSbXoxcYyHbvBbKvZtV",
    "prediction": "praying mantis",
    "actual": "sting ray"
  },
  "nqDVieEVdjDt3CELi7g5Zh": {
    "question_id": "nqDVieEVdjDt3CELi7g5Zh",
    "prediction": "email",
    "actual": "phones"
  },
  "ntQQ9FVL9GKUoT2WvCWiHD": {
    "question_id": "ntQQ9FVL9GKUoT2WvCWiHD",
    "prediction": "rope",
    "actual": "wire ties"
  },
  "o9RMCCdLoYDGb6oR8Z3yvi": {
    "question_id": "o9RMCCdLoYDGb6oR8Z3yvi",
    "prediction": "sand",
    "actual": "grass"
  },
  "o9UdSvT8pgAVAQCkm8XPdz": {
    "question_id": "o9UdSvT8pgAVAQCkm8XPdz",
    "prediction": "lake",
    "actual": "canal"
  },
  "oAL5LQnAH9sB2oMiAmxsbq": {
    "question_id": "oAL5LQnAH9sB2oMiAmxsbq",
    "prediction": "stir-fry",
    "actual": "fruit salad"
  },
  "oCwi6S3N5sKMdGtLLocG4p": {
    "question_id": "oCwi6S3N5sKMdGtLLocG4p",
    "prediction": "james",
    "actual": "adrian"
  },
  "oGPSzHdRANrLhhyZLbbqNf": {
    "question_id": "oGPSzHdRANrLhhyZLbbqNf",
    "prediction": "freedom",
    "actual": "captivity"
  },
  "oJD9cm8E2JFszgzyPjaVgn": {
    "question_id": "oJD9cm8E2JFszgzyPjaVgn",
    "prediction": "spouses",
    "actual": "siblings"
  },
  "oNbHrnMXrskfw3TXzZ2QUp": {
    "question_id": "oNbHrnMXrskfw3TXzZ2QUp",
    "prediction": "sausage pizza",
    "actual": "cheese pizza"
  },
  "oUJexrTXPEKNEATboAHaAA": {
    "question_id": "oUJexrTXPEKNEATboAHaAA",
    "prediction": "dinner",
    "actual": "breakfast"
  },
  "578p2wBoYH5uozEuVypCEw": {
    "question_id": "578p2wBoYH5uozEuVypCEw",
    "prediction": "rhino",
    "actual": "elephant"
  },
  "CijjLDFS7tQM9TcoWMr2Ai": {
    "question_id": "CijjLDFS7tQM9TcoWMr2Ai",
    "prediction": "bankruptcy",
    "actual": "acquisition"
  },
  "DD4oNBRHkHMzFGGVpdmrJi": {
    "question_id": "DD4oNBRHkHMzFGGVpdmrJi",
    "prediction": "toes",
    "actual": "legs"
  },
  "MAeoFJtYupeza6U6eeTWRc": {
    "question_id": "MAeoFJtYupeza6U6eeTWRc",
    "prediction": "cafe",
    "actual": "school"
  },
  "PK5o4oqyymgbmrsrLkF2Hw": {
    "question_id": "PK5o4oqyymgbmrsrLkF2Hw",
    "prediction": "nike",
    "actual": "under armor"
  },
  "SkThfxuJxxSm39tNSA4FmQ": {
    "question_id": "SkThfxuJxxSm39tNSA4FmQ",
    "prediction": "traffic control",
    "actual": "construction worker"
  },
  "WrPmpcpv5q8Drcc8xwkak9": {
    "question_id": "WrPmpcpv5q8Drcc8xwkak9",
    "prediction": "stealing",
    "actual": "moving"
  },
  "a4WQwPgnKUrGfWf3T2vpxE": {
    "question_id": "a4WQwPgnKUrGfWf3T2vpxE",
    "prediction": "sad",
    "actual": "proud"
  },
  "a5oWkZ7rkxNTvRLkk3ousT": {
    "question_id": "a5oWkZ7rkxNTvRLkk3ousT",
    "prediction": "yes",
    "actual": "no"
  },
  "b6kMEJD9bLnsJksyGqZgcR": {
    "question_id": "b6kMEJD9bLnsJksyGqZgcR",
    "prediction": "france",
    "actual": "united states"
  },
  "c6Lei76FbsSgEKViCU2Kc5": {
    "question_id": "c6Lei76FbsSgEKViCU2Kc5",
    "prediction": "laying down",
    "actual": "jumping"
  },
  "eHoQtRmsLAC3Ggzm5jKPXA": {
    "question_id": "eHoQtRmsLAC3Ggzm5jKPXA",
    "prediction": "toothpick",
    "actual": "cigarette"
  },
  "eYDDWRpmaNrFZDRCNs6c5z": {
    "question_id": "eYDDWRpmaNrFZDRCNs6c5z",
    "prediction": "walmart",
    "actual": "chanel"
  },
  "iTeGLgJNuQjkRqeTmKwWLs": {
    "question_id": "iTeGLgJNuQjkRqeTmKwWLs",
    "prediction": "s",
    "actual": "f"
  },
  "kGn5XFpkwvtJNrUnPLSzwm": {
    "question_id": "kGn5XFpkwvtJNrUnPLSzwm",
    "prediction": "pants",
    "actual": "t-hsirt"
  },
  "mK6UjDvYm6Wzn75aaaSEdF": {
    "question_id": "mK6UjDvYm6Wzn75aaaSEdF",
    "prediction": "getting suffocated",
    "actual": "being stuck"
  },
  "mZGqAwu28rKDYShh6mrTz7": {
    "question_id": "mZGqAwu28rKDYShh6mrTz7",
    "prediction": "dirt",
    "actual": "wind"
  },
  "2UqDdmoKsLVD4Vt2qeMFds": {
    "question_id": "2UqDdmoKsLVD4Vt2qeMFds",
    "prediction": "car",
    "actual": "horses"
  },
  "2gD7ih9AsXq7BmRBn57jv5": {
    "question_id": "2gD7ih9AsXq7BmRBn57jv5",
    "prediction": "angus",
    "actual": "hereford"
  },
  "4XAzPXBEk6aZHFvdPTKdjH": {
    "question_id": "4XAzPXBEk6aZHFvdPTKdjH",
    "prediction": "arguing",
    "actual": "congratulating"
  },
  "4YdWSrT4x9p78GxJhf6vis": {
    "question_id": "4YdWSrT4x9p78GxJhf6vis",
    "prediction": "melted ice cream",
    "actual": "children"
  },
  "7Q2MqmLkDhRu93vhjMPJXJ": {
    "question_id": "7Q2MqmLkDhRu93vhjMPJXJ",
    "prediction": "tennis",
    "actual": "skating"
  },
  "9y2mxyvd3BxHofPfXKjG67": {
    "question_id": "9y2mxyvd3BxHofPfXKjG67",
    "prediction": "time",
    "actual": "date"
  },
  "B97VhjPyWdn4pXT5SvQybF": {
    "question_id": "B97VhjPyWdn4pXT5SvQybF",
    "prediction": "sugar",
    "actual": "animals"
  },
  "CCVav8uwNeAerpwiN2jbcx": {
    "question_id": "CCVav8uwNeAerpwiN2jbcx",
    "prediction": "boiled",
    "actual": "scrambled"
  },
  "CY5ZZbpJFTLSwMbjGybzpS": {
    "question_id": "CY5ZZbpJFTLSwMbjGybzpS",
    "prediction": "fake window",
    "actual": "emergency exit"
  },
  "CfaSzNgDy23yuC4X55XVmn": {
    "question_id": "CfaSzNgDy23yuC4X55XVmn",
    "prediction": "sleeping",
    "actual": "playing hockey"
  },
  "Gv6voFmtsboJcuT7NppWmh": {
    "question_id": "Gv6voFmtsboJcuT7NppWmh",
    "prediction": "paint",
    "actual": "rust"
  },
  "H6tcAFjWHYBPUpyvG5PVrv": {
    "question_id": "H6tcAFjWHYBPUpyvG5PVrv",
    "prediction": "hot",
    "actual": "cool"
  },
  "KGhKWAGTj6kUsxSUHDH8t5": {
    "question_id": "KGhKWAGTj6kUsxSUHDH8t5",
    "prediction": "candle holder",
    "actual": "candle"
  },
  "Kn65sKCZq6EBQWNdQB469p": {
    "question_id": "Kn65sKCZq6EBQWNdQB469p",
    "prediction": "avocado",
    "actual": "banana"
  },
  "MqCKsUbTPGQJxLL75tGc5F": {
    "question_id": "MqCKsUbTPGQJxLL75tGc5F",
    "prediction": "50",
    "actual": "15"
  },
  "QH2k6NnZ5DxMLEeQQF8net": {
    "question_id": "QH2k6NnZ5DxMLEeQQF8net",
    "prediction": "pear",
    "actual": "plum"
  },
  "QqviUwQkfAndzidCzfJFKS": {
    "question_id": "QqviUwQkfAndzidCzfJFKS",
    "prediction": "storing fuel",
    "actual": "passenger seating"
  },
  "R647v79wCuGwSJmeooBxyY": {
    "question_id": "R647v79wCuGwSJmeooBxyY",
    "prediction": "step forward",
    "actual": "wait"
  },
  "U2c5ooPZTZY7cc6xGBcFuM": {
    "question_id": "U2c5ooPZTZY7cc6xGBcFuM",
    "prediction": "cayenne",
    "actual": "salt"
  },
  "Wsm6n4QiLcUf8UEmRUCdNL": {
    "question_id": "Wsm6n4QiLcUf8UEmRUCdNL",
    "prediction": "modern",
    "actual": "victorian"
  },
  "XPhow2MD6num6LkVWv2WDC": {
    "question_id": "XPhow2MD6num6LkVWv2WDC",
    "prediction": "scream",
    "actual": "wish"
  },
  "ZQKmx3C4YgDDUWd34gaPhS": {
    "question_id": "ZQKmx3C4YgDDUWd34gaPhS",
    "prediction": "leisure",
    "actual": "business"
  },
  "Zg7XNQn9CZt3jkATUMXFhp": {
    "question_id": "Zg7XNQn9CZt3jkATUMXFhp",
    "prediction": "corn rows",
    "actual": "ponytail"
  },
  "a7EiGZsffnAC9nVsb9Y7AY": {
    "question_id": "a7EiGZsffnAC9nVsb9Y7AY",
    "prediction": "switch hitter",
    "actual": "righthanded"
  },
  "aqnbMDKEYEGFpVGpxuM6w4": {
    "question_id": "aqnbMDKEYEGFpVGpxuM6w4",
    "prediction": "stores",
    "actual": "oncoming traffic"
  },
  "bDqH62XFybrPPhHAUCbPHb": {
    "question_id": "bDqH62XFybrPPhHAUCbPHb",
    "prediction": "raptors",
    "actual": "knicks"
  },
  "cEtogP8bKLXGuFtxeEqkvZ": {
    "question_id": "cEtogP8bKLXGuFtxeEqkvZ",
    "prediction": "spongebob",
    "actual": "face"
  },
  "iEWtnFwjAXAqCFXiopTTZs": {
    "question_id": "iEWtnFwjAXAqCFXiopTTZs",
    "prediction": "digestion",
    "actual": "pregnancy"
  },
  "mf7iP3eaca7zncQHvBLbEF": {
    "question_id": "mf7iP3eaca7zncQHvBLbEF",
    "prediction": "loreal",
    "actual": "head and shoulders"
  },
  "n6paCuMnYEcapWb2TqLYoa": {
    "question_id": "n6paCuMnYEcapWb2TqLYoa",
    "prediction": "houndstooth",
    "actual": "plaid"
  }
}