{
  "22jbM6gDxdaMaunuzgrsBB": {
    "question_id": "22jbM6gDxdaMaunuzgrsBB",
    "prediction": "cigarette",
    "actual": "cigarette"
  },
  "2DQex53EkNGH2cfo3WPuPn": {
    "question_id": "2DQex53EkNGH2cfo3WPuPn",
    "prediction": "mobile phone",
    "actual": "mobile phone"
  },
  "2GhdXLaZFBYHSip4rvYKfK": {
    "question_id": "2GhdXLaZFBYHSip4rvYKfK",
    "prediction": "devil",
    "actual": "devil"
  },
  "2LCLpdpD3yy2dgH5tQbcFe": {
    "question_id": "2LCLpdpD3yy2dgH5tQbcFe",
    "prediction": "drying hair",
    "actual": "drying hair"
  },
  "2PGwvdFESLvwfFCwK5pbYu": {
    "question_id": "2PGwvdFESLvwfFCwK5pbYu",
    "prediction": "denim",
    "actual": "denim"
  },
  "2RN4dwhRZR3ZSKHtRnJdX3": {
    "question_id": "2RN4dwhRZR3ZSKHtRnJdX3",
    "prediction": "united states",
    "actual": "united states"
  },
  "2rC38fZh4n6ZXcyrUEKukj": {
    "question_id": "2rC38fZh4n6ZXcyrUEKukj",
    "prediction": "books",
    "actual": "books"
  },
  "2sUggWn8qBk97E38wKpjN5": {
    "question_id": "2sUggWn8qBk97E38wKpjN5",
    "prediction": "afternoon",
    "actual": "afternoon"
  },
  "2yWyzYRyZuYH2ZB49WNACa": {
    "question_id": "2yWyzYRyZuYH2ZB49WNACa",
    "prediction": "frisbee",
    "actual": "frisbee"
  },
  "2zTqTkKqa89GUKLzMUkDic": {
    "question_id": "2zTqTkKqa89GUKLzMUkDic",
    "prediction": "human",
    "actual": "human"
  },
  "34ah8AmQenWUyH2fZvJH7a": {
    "question_id": "34ah8AmQenWUyH2fZvJH7a",
    "prediction": "ski resort",
    "actual": "ski resort"
  },
  "399Vdu2QjamF3vheUvbRg2": {
    "question_id": "399Vdu2QjamF3vheUvbRg2",
    "prediction": "air",
    "actual": "air"
  },
  "3R6SnZ4MRGXXvao5ARVE8e": {
    "question_id": "3R6SnZ4MRGXXvao5ARVE8e",
    "prediction": "air traffic",
    "actual": "air traffic"
  },
  "3X8TsFBRS7mBsBbyFDzRdb": {
    "question_id": "3X8TsFBRS7mBsBbyFDzRdb",
    "prediction": "pepperoni",
    "actual": "pepperoni"
  },
  "3echacwmLBUByWpjh85Mfv": {
    "question_id": "3echacwmLBUByWpjh85Mfv",
    "prediction": "white bag",
    "actual": "white bag"
  },
  "3ef8KXbKoJaJZyVmxVZMaq": {
    "question_id": "3ef8KXbKoJaJZyVmxVZMaq",
    "prediction": "happy birthday",
    "actual": "happy birthday"
  },
  "3hvf4MjtcgpFznUWS5bbvj": {
    "question_id": "3hvf4MjtcgpFznUWS5bbvj",
    "prediction": "baseball",
    "actual": "baseball"
  },
  "3zxLUD8FPcCLJWYsG7h2KY": {
    "question_id": "3zxLUD8FPcCLJWYsG7h2KY",
    "prediction": "domestic kitchen",
    "actual": "domestic kitchen"
  },
  "49CisPCc2LiA5TUAdHZgXe": {
    "question_id": "49CisPCc2LiA5TUAdHZgXe",
    "prediction": "dog",
    "actual": "dog"
  },
  "4BFN6MtJcaFzpccm3UwZva": {
    "question_id": "4BFN6MtJcaFzpccm3UwZva",
    "prediction": "bathroom",
    "actual": "bathroom"
  },
  "4PvLY9C3GyARH3WSGYbYFq": {
    "question_id": "4PvLY9C3GyARH3WSGYbYFq",
    "prediction": "asian",
    "actual": "asian"
  },
  "4UrYfZMUToiF5f7GK6eMaz": {
    "question_id": "4UrYfZMUToiF5f7GK6eMaz",
    "prediction": "visibility",
    "actual": "visibility"
  },
  "4YvFMFoDw46kzXhajSgc9W": {
    "question_id": "4YvFMFoDw46kzXhajSgc9W",
    "prediction": "to eat",
    "actual": "to eat"
  },
  "4Z7WvuLTj7VUpVtLL2W2g7": {
    "question_id": "4Z7WvuLTj7VUpVtLL2W2g7",
    "prediction": "bathroom",
    "actual": "bathroom"
  },
  "4jnshoBeGDGmRjspTuvr29": {
    "question_id": "4jnshoBeGDGmRjspTuvr29",
    "prediction": "dirt bikes",
    "actual": "dirt bikes"
  },
  "4mgcpzD4d6adkPQP7cxg54": {
    "question_id": "4mgcpzD4d6adkPQP7cxg54",
    "prediction": "new york",
    "actual": "new york"
  },
  "4wVv7CDVuQNaz7LLHDg89t": {
    "question_id": "4wVv7CDVuQNaz7LLHDg89t",
    "prediction": "bicycle",
    "actual": "bicycle"
  },
  "5AhBQW2ucGSwJbPTtXHTFd": {
    "question_id": "5AhBQW2ucGSwJbPTtXHTFd",
    "prediction": "cars",
    "actual": "cars"
  },
  "5QURaRC8e3HjPpYC2GrX4u": {
    "question_id": "5QURaRC8e3HjPpYC2GrX4u",
    "prediction": "mushrooms",
    "actual": "mushrooms"
  },
  "5Re4MQxw5XwLbQQzqQVZcV": {
    "question_id": "5Re4MQxw5XwLbQQzqQVZcV",
    "prediction": "soup",
    "actual": "soup"
  },
  "5SgmGLJtR47rB539V4Jwt6": {
    "question_id": "5SgmGLJtR47rB539V4Jwt6",
    "prediction": "visibility",
    "actual": "visibility"
  },
  "5TbBvzzr5N35YUs7yBd7Ah": {
    "question_id": "5TbBvzzr5N35YUs7yBd7Ah",
    "prediction": "chain",
    "actual": "chain"
  },
  "5gQSkSh2eK3ZZ8bEyweBiA": {
    "question_id": "5gQSkSh2eK3ZZ8bEyweBiA",
    "prediction": "travel",
    "actual": "travel"
  },
  "5oBisjqVjcXEXGkd2uKPDe": {
    "question_id": "5oBisjqVjcXEXGkd2uKPDe",
    "prediction": "phone",
    "actual": "phone"
  },
  "5z9Zmf4GRKoCa7igqv4Ef7": {
    "question_id": "5z9Zmf4GRKoCa7igqv4Ef7",
    "prediction": "clothing",
    "actual": "clothing"
  },
  "65Sfsx6hqdJ5UqNWLB3RCG": {
    "question_id": "65Sfsx6hqdJ5UqNWLB3RCG",
    "prediction": "wild",
    "actual": "wild"
  },
  "6FKSZrTS9wzHwnKasBSfdP": {
    "question_id": "6FKSZrTS9wzHwnKasBSfdP",
    "prediction": "dipping",
    "actual": "dipping"
  },
  "6LfBvcynQvD7BaU3CCvfNG": {
    "question_id": "6LfBvcynQvD7BaU3CCvfNG",
    "prediction": "building",
    "actual": "building"
  },
  "6QuPF6pNBjs3DEXQh4AQt4": {
    "question_id": "6QuPF6pNBjs3DEXQh4AQt4",
    "prediction": "to eat",
    "actual": "to eat"
  },
  "6SYTPwk8BEHMp486oLsFgw": {
    "question_id": "6SYTPwk8BEHMp486oLsFgw",
    "prediction": "new york",
    "actual": "new york"
  },
  "6YyPKdGwhA3LJkUpL3p9F6": {
    "question_id": "6YyPKdGwhA3LJkUpL3p9F6",
    "prediction": "skating",
    "actual": "skating"
  },
  "6bXnCzchqyDdBZcBGGNbmm": {
    "question_id": "6bXnCzchqyDdBZcBGGNbmm",
    "prediction": "commercial",
    "actual": "commercial"
  },
  "6kgVidVJRysLz6Rx3eNBZi": {
    "question_id": "6kgVidVJRysLz6Rx3eNBZi",
    "prediction": "home",
    "actual": "home"
  },
  "6kv3CWDoRDsm2DnUCHRgmk": {
    "question_id": "6kv3CWDoRDsm2DnUCHRgmk",
    "prediction": "home",
    "actual": "home"
  },
  "6vnibNuMQyy5nWAxNEGTgj": {
    "question_id": "6vnibNuMQyy5nWAxNEGTgj",
    "prediction": "alcohol",
    "actual": "alcohol"
  },
  "73ixwXaUcqfgsJYLzCABWC": {
    "question_id": "73ixwXaUcqfgsJYLzCABWC",
    "prediction": "kite",
    "actual": "kite"
  },
  "764XKetFB6T3wsiABqc79e": {
    "question_id": "764XKetFB6T3wsiABqc79e",
    "prediction": "triangles",
    "actual": "triangles"
  },
  "79yRxKFXwWZZiCBAHtJqeE": {
    "question_id": "79yRxKFXwWZZiCBAHtJqeE",
    "prediction": "twentieth",
    "actual": "twentieth"
  },
  "7DWnTRkU9e86XMwb7QqxYd": {
    "question_id": "7DWnTRkU9e86XMwb7QqxYd",
    "prediction": "grill",
    "actual": "grill"
  },
  "7RjA6a3CFR8w5fVRc8Arji": {
    "question_id": "7RjA6a3CFR8w5fVRc8Arji",
    "prediction": "vegetarian",
    "actual": "vegetarian"
  },
  "7ZA9sk8eRjBsisqK4EgQM2": {
    "question_id": "7ZA9sk8eRjBsisqK4EgQM2",
    "prediction": "woman",
    "actual": "woman"
  },
  "7hKGdKpiEqfqB8dEeAw9hu": {
    "question_id": "7hKGdKpiEqfqB8dEeAw9hu",
    "prediction": "rain",
    "actual": "rain"
  },
  "7pAKkw446jdqTk9peDKjyY": {
    "question_id": "7pAKkw446jdqTk9peDKjyY",
    "prediction": "basement",
    "actual": "basement"
  },
  "86vHZcPAsgzHoG4VL93xqr": {
    "question_id": "86vHZcPAsgzHoG4VL93xqr",
    "prediction": "red",
    "actual": "red"
  },
  "8KFq64eMdw4qeAp2JXe96r": {
    "question_id": "8KFq64eMdw4qeAp2JXe96r",
    "prediction": "waiting room",
    "actual": "waiting room"
  },
  "8KqQoveNzvvZSgxxPeepUY": {
    "question_id": "8KqQoveNzvvZSgxxPeepUY",
    "prediction": "red bus",
    "actual": "red bus"
  },
  "8LVHUcGX7daYbXPh59c8pW": {
    "question_id": "8LVHUcGX7daYbXPh59c8pW",
    "prediction": "airplane",
    "actual": "airplane"
  },
  "8MMdCgrej5iBZ7PitRYrt3": {
    "question_id": "8MMdCgrej5iBZ7PitRYrt3",
    "prediction": "suitcase",
    "actual": "suitcase"
  },
  "8MrFkkmRAk7E8ccS8FPZ8S": {
    "question_id": "8MrFkkmRAk7E8ccS8FPZ8S",
    "prediction": "to ride",
    "actual": "to ride"
  },
  "8PZriuWuwokXCriqVBZwSJ": {
    "question_id": "8PZriuWuwokXCriqVBZwSJ",
    "prediction": "train tracks",
    "actual": "train tracks"
  },
  "8RDETmscMEEsHh6Sbekaa6": {
    "question_id": "8RDETmscMEEsHh6Sbekaa6",
    "prediction": "smiling",
    "actual": "smiling"
  },
  "8SzR5UpGtrsFWoxheZ9SkE": {
    "question_id": "8SzR5UpGtrsFWoxheZ9SkE",
    "prediction": "nintendo wii",
    "actual": "nintendo wii"
  },
  "8vzpRWS6dDNrFCouzebMm9": {
    "question_id": "8vzpRWS6dDNrFCouzebMm9",
    "prediction": "nintendo wii",
    "actual": "nintendo wii"
  },
  "93rpK9LLNQ8xmAPrEGm3rv": {
    "question_id": "93rpK9LLNQ8xmAPrEGm3rv",
    "prediction": "stone",
    "actual": "stone"
  },
  "99Ra8z27K9FLU2u5acKAqp": {
    "question_id": "99Ra8z27K9FLU2u5acKAqp",
    "prediction": "rail",
    "actual": "rail"
  },
  "99VEZ5bvSGBLWtkpJiAAXg": {
    "question_id": "99VEZ5bvSGBLWtkpJiAAXg",
    "prediction": "eating",
    "actual": "eating"
  },
  "9KA8dr22Hiveh2s9JwvPLZ": {
    "question_id": "9KA8dr22Hiveh2s9JwvPLZ",
    "prediction": "ear",
    "actual": "ear"
  },
  "9R6ddmMNiye654hqqPZ2eE": {
    "question_id": "9R6ddmMNiye654hqqPZ2eE",
    "prediction": "prevent fire",
    "actual": "prevent fire"
  },
  "9TJtRYnGa8xr8CF67M5Mof": {
    "question_id": "9TJtRYnGa8xr8CF67M5Mof",
    "prediction": "cats",
    "actual": "cats"
  },
  "9TbmZ3Qq4paDv4AUeXpLEm": {
    "question_id": "9TbmZ3Qq4paDv4AUeXpLEm",
    "prediction": "paint",
    "actual": "paint"
  },
  "9ZB4WcL9Sbo3L6ZPkaqzKY": {
    "question_id": "9ZB4WcL9Sbo3L6ZPkaqzKY",
    "prediction": "three",
    "actual": "three"
  },
  "9d7StqUZPtRBbHjSDFwwqa": {
    "question_id": "9d7StqUZPtRBbHjSDFwwqa",
    "prediction": "classmates",
    "actual": "classmates"
  },
  "9m5dBgT3PJrhWRCDg9ee2z": {
    "question_id": "9m5dBgT3PJrhWRCDg9ee2z",
    "prediction": "passenger",
    "actual": "passenger"
  },
  "9v2zVc4N5db5pVtYvrVEeD": {
    "question_id": "9v2zVc4N5db5pVtYvrVEeD",
    "prediction": "money",
    "actual": "money"
  },
  "9zfgVSEG4hrKHfuoe4tHqx": {
    "question_id": "9zfgVSEG4hrKHfuoe4tHqx",
    "prediction": "spend time",
    "actual": "spend time"
  },
  "A2yJNQmbyDNtQEq4b2EZWx": {
    "question_id": "A2yJNQmbyDNtQEq4b2EZWx",
    "prediction": "flying",
    "actual": "flying"
  },
  "ADSaLsXSNftfMMYWMKKqCS": {
    "question_id": "ADSaLsXSNftfMMYWMKKqCS",
    "prediction": "right",
    "actual": "right"
  },
  "AGorRcu8xFxfMHzdj6nxuV": {
    "question_id": "AGorRcu8xFxfMHzdj6nxuV",
    "prediction": "air",
    "actual": "air"
  },
  "AJvjHZ5SF3hD6C3eYniXsc": {
    "question_id": "AJvjHZ5SF3hD6C3eYniXsc",
    "prediction": "farming",
    "actual": "farming"
  },
  "APKEVGn8hXAWmsWYxQQukD": {
    "question_id": "APKEVGn8hXAWmsWYxQQukD",
    "prediction": "sun",
    "actual": "sun"
  },
  "AR5jScMLqmYDjzmKHxKzMT": {
    "question_id": "AR5jScMLqmYDjzmKHxKzMT",
    "prediction": "holiday dinner",
    "actual": "holiday dinner"
  },
  "AYNy264QNVzJ6rgeCkW4SU": {
    "question_id": "AYNy264QNVzJ6rgeCkW4SU",
    "prediction": "throw ball",
    "actual": "throw ball"
  },
  "AhrmUB8LFNXLkpiLGaaAuY": {
    "question_id": "AhrmUB8LFNXLkpiLGaaAuY",
    "prediction": "reach",
    "actual": "reach"
  },
  "AiqztJZtJ4dNX7XYnu8rYU": {
    "question_id": "AiqztJZtJ4dNX7XYnu8rYU",
    "prediction": "cow",
    "actual": "cow"
  },
  "B725pHrrknZKDAqoLBjeof": {
    "question_id": "B725pHrrknZKDAqoLBjeof",
    "prediction": "apple",
    "actual": "apple"
  },
  "BNpoJaz9Qu7KQ87FoFfRab": {
    "question_id": "BNpoJaz9Qu7KQ87FoFfRab",
    "prediction": "plowing",
    "actual": "plowing"
  },
  "BPPnGELjMEGtrmqgkrBt6V": {
    "question_id": "BPPnGELjMEGtrmqgkrBt6V",
    "prediction": "bakery",
    "actual": "bakery"
  },
  "BQYQHxqKeExvS6GyHbBLjJ": {
    "question_id": "BQYQHxqKeExvS6GyHbBLjJ",
    "prediction": "airport",
    "actual": "airport"
  },
  "BSgG9C63esRw6W3Tw6rBbu": {
    "question_id": "BSgG9C63esRw6W3Tw6rBbu",
    "prediction": "skateboard",
    "actual": "skateboard"
  },
  "BUpdAEWaMUZK8AKRzy3vBQ": {
    "question_id": "BUpdAEWaMUZK8AKRzy3vBQ",
    "prediction": "parents",
    "actual": "parents"
  },
  "BaNWccWHEXHgtdo2h5795T": {
    "question_id": "BaNWccWHEXHgtdo2h5795T",
    "prediction": "traffic",
    "actual": "traffic"
  },
  "BhVeP3bxgcP5SjZLEfrm9y": {
    "question_id": "BhVeP3bxgcP5SjZLEfrm9y",
    "prediction": "snowboarding",
    "actual": "snowboarding"
  },
  "Bja27MQDKfkiPDd5iSER6Q": {
    "question_id": "Bja27MQDKfkiPDd5iSER6Q",
    "prediction": "missed",
    "actual": "missed"
  },
  "Bp5VwMuky5fXJPzp54X6XE": {
    "question_id": "Bp5VwMuky5fXJPzp54X6XE",
    "prediction": "restaurant",
    "actual": "restaurant"
  },
  "BpLgWvp3a7WEzrsmnpQBWT": {
    "question_id": "BpLgWvp3a7WEzrsmnpQBWT",
    "prediction": "string",
    "actual": "string"
  },
  "Bq4zFDne6edPRs7sBBMEad": {
    "question_id": "Bq4zFDne6edPRs7sBBMEad",
    "prediction": "oranges",
    "actual": "oranges"
  },
  "C4iGaNrPm4zXWRgxL2XdRF": {
    "question_id": "C4iGaNrPm4zXWRgxL2XdRF",
    "prediction": "tea",
    "actual": "tea"
  },
  "C5KFJtK2qiQ2gMC5WNsdnB": {
    "question_id": "C5KFJtK2qiQ2gMC5WNsdnB",
    "prediction": "customers",
    "actual": "customers"
  },
  "C9AXp35Pm8iw5MANqbWmyR": {
    "question_id": "C9AXp35Pm8iw5MANqbWmyR",
    "prediction": "game",
    "actual": "game"
  },
  "CMPt5xfqSyHQoFockxCWux": {
    "question_id": "CMPt5xfqSyHQoFockxCWux",
    "prediction": "rain",
    "actual": "rain"
  },
  "CTzwocs3uGc2GjPFZG425g": {
    "question_id": "CTzwocs3uGc2GjPFZG425g",
    "prediction": "britain",
    "actual": "britain"
  },
  "CcD6HgxREVqanqLnSysBTr": {
    "question_id": "CcD6HgxREVqanqLnSysBTr",
    "prediction": "sweet",
    "actual": "sweet"
  },
  "Ce788SudmyHCPCCvyXs2kW": {
    "question_id": "Ce788SudmyHCPCCvyXs2kW",
    "prediction": "osaka",
    "actual": "osaka"
  },
  "CjTrsVaGpA8tU9gav5uAkC": {
    "question_id": "CjTrsVaGpA8tU9gav5uAkC",
    "prediction": "flower",
    "actual": "flower"
  },
  "CrTrpTaqCFB2AYxne8FFyw": {
    "question_id": "CrTrpTaqCFB2AYxne8FFyw",
    "prediction": "motorcycle",
    "actual": "motorcycle"
  },
  "CuqeFPuPUXRxjKnTomsz4x": {
    "question_id": "CuqeFPuPUXRxjKnTomsz4x",
    "prediction": "21",
    "actual": "21"
  },
  "D5wkZcANAvQPLDQHLMV2TQ": {
    "question_id": "D5wkZcANAvQPLDQHLMV2TQ",
    "prediction": "talk show",
    "actual": "talk show"
  },
  "D6q9dXSUpTBgDkWi7e7dYS": {
    "question_id": "D6q9dXSUpTBgDkWi7e7dYS",
    "prediction": "banana split",
    "actual": "banana split"
  },
  "DKLAWnnRuvz8p7UrHGzQzK": {
    "question_id": "DKLAWnnRuvz8p7UrHGzQzK",
    "prediction": "airport",
    "actual": "airport"
  },
  "DMGGczBdJRXHqZitoXSjSy": {
    "question_id": "DMGGczBdJRXHqZitoXSjSy",
    "prediction": "to grind",
    "actual": "to grind"
  },
  "DPtUMrxDbLP2nQ9yUdmvkT": {
    "question_id": "DPtUMrxDbLP2nQ9yUdmvkT",
    "prediction": "two",
    "actual": "two"
  },
  "DRLyePKKPxvXEDiKygRjjt": {
    "question_id": "DRLyePKKPxvXEDiKygRjjt",
    "prediction": "little league",
    "actual": "little league"
  },
  "DYEPfA4NaMDK8Dj5qW7AAE": {
    "question_id": "DYEPfA4NaMDK8Dj5qW7AAE",
    "prediction": "living room",
    "actual": "living room"
  },
  "DbTAWKt7kZTzG8Xsa36K6R": {
    "question_id": "DbTAWKt7kZTzG8Xsa36K6R",
    "prediction": "food",
    "actual": "food"
  },
  "DjXHKc7B4xBT6qMsDFXXjt": {
    "question_id": "DjXHKc7B4xBT6qMsDFXXjt",
    "prediction": "tea lights",
    "actual": "tea lights"
  },
  "DxR6agStFKhyFqTSYRUgPa": {
    "question_id": "DxR6agStFKhyFqTSYRUgPa",
    "prediction": "wearing uniform",
    "actual": "wearing uniform"
  },
  "E2Vuut5upXHFFVxEk8kHvM": {
    "question_id": "E2Vuut5upXHFFVxEk8kHvM",
    "prediction": "class",
    "actual": "class"
  },
  "E7LafAUEeJM9NiMjemXwRW": {
    "question_id": "E7LafAUEeJM9NiMjemXwRW",
    "prediction": "zebra",
    "actual": "zebra"
  },
  "E9Tea7kyCg7eW4bPeT5W83": {
    "question_id": "E9Tea7kyCg7eW4bPeT5W83",
    "prediction": "beer",
    "actual": "beer"
  },
  "EAHmczQURaep8SJkvhYCje": {
    "question_id": "EAHmczQURaep8SJkvhYCje",
    "prediction": "fence",
    "actual": "fence"
  },
  "EAYTJseBUauGLMkCTZdhtU": {
    "question_id": "EAYTJseBUauGLMkCTZdhtU",
    "prediction": "girl man",
    "actual": "girl man"
  },
  "EBfqBBCf7yRtTtGhsc52Td": {
    "question_id": "EBfqBBCf7yRtTtGhsc52Td",
    "prediction": "stripes",
    "actual": "stripes"
  },
  "EdDpJngBTrp6Bje83yQqDc": {
    "question_id": "EdDpJngBTrp6Bje83yQqDc",
    "prediction": "sun",
    "actual": "sun"
  },
  "EueF8ShbQJHpynE7TdNGRG": {
    "question_id": "EueF8ShbQJHpynE7TdNGRG",
    "prediction": "shoes",
    "actual": "shoes"
  },
  "Eyzb8SKxYzzJuegL3tkwga": {
    "question_id": "Eyzb8SKxYzzJuegL3tkwga",
    "prediction": "cotton",
    "actual": "cotton"
  },
  "FCACCnmERAWpKikUkfc5jV": {
    "question_id": "FCACCnmERAWpKikUkfc5jV",
    "prediction": "white",
    "actual": "white"
  },
  "FDVQDJDFkV3tWkfTvrnAFy": {
    "question_id": "FDVQDJDFkV3tWkfTvrnAFy",
    "prediction": "lighting",
    "actual": "lighting"
  },
  "FFw7axjcwgXQxHygov52fm": {
    "question_id": "FFw7axjcwgXQxHygov52fm",
    "prediction": "skateboard",
    "actual": "skateboard"
  },
  "FHmsKMqftMV2bbhT63TCep": {
    "question_id": "FHmsKMqftMV2bbhT63TCep",
    "prediction": "knife",
    "actual": "knife"
  },
  "FQuJEPNnrznkjkvyN4UbUR": {
    "question_id": "FQuJEPNnrznkjkvyN4UbUR",
    "prediction": "new york",
    "actual": "new york"
  },
  "FWFywCJZaAGVJa2FAuwqyP": {
    "question_id": "FWFywCJZaAGVJa2FAuwqyP",
    "prediction": "polo",
    "actual": "polo"
  },
  "FWokXQxyNdSctoKKriQTqh": {
    "question_id": "FWokXQxyNdSctoKKriQTqh",
    "prediction": "rain",
    "actual": "rain"
  },
  "FWxu3Lu6FiTr37WCUXdKM9": {
    "question_id": "FWxu3Lu6FiTr37WCUXdKM9",
    "prediction": "selfie",
    "actual": "selfie"
  },
  "Fah5Jtkg728bXGLKKjgwjV": {
    "question_id": "Fah5Jtkg728bXGLKKjgwjV",
    "prediction": "sports car",
    "actual": "sports car"
  },
  "FpJmgAqdqfRjUe6axsFMhs": {
    "question_id": "FpJmgAqdqfRjUe6axsFMhs",
    "prediction": "cooling",
    "actual": "cooling"
  },
  "Fq7RXZuYTk7pKt4gf6Fvm4": {
    "question_id": "Fq7RXZuYTk7pKt4gf6Fvm4",
    "prediction": "to catch",
    "actual": "to catch"
  },
  "FrMujHaugfA8T2uMPEkckf": {
    "question_id": "FrMujHaugfA8T2uMPEkckf",
    "prediction": "ocean",
    "actual": "ocean"
  },
  "FtGwEGsss4Cqe38LrFBgj3": {
    "question_id": "FtGwEGsss4Cqe38LrFBgj3",
    "prediction": "home",
    "actual": "home"
  },
  "G5UFNWEn9cZH66apuAaxQj": {
    "question_id": "G5UFNWEn9cZH66apuAaxQj",
    "prediction": "morning",
    "actual": "morning"
  },
  "G9KXrAd6oRksj8Jqd5hcyo": {
    "question_id": "G9KXrAd6oRksj8Jqd5hcyo",
    "prediction": "serve",
    "actual": "serve"
  },
  "GDwYLbrCSgTVjTMSuJQFgX": {
    "question_id": "GDwYLbrCSgTVjTMSuJQFgX",
    "prediction": "green",
    "actual": "green"
  },
  "GTZGtuDSqd76CSi8NDrEKx": {
    "question_id": "GTZGtuDSqd76CSi8NDrEKx",
    "prediction": "street",
    "actual": "street"
  },
  "GoBun4WYj2oK6vRihjfEGv": {
    "question_id": "GoBun4WYj2oK6vRihjfEGv",
    "prediction": "red wine",
    "actual": "red wine"
  },
  "Gr2guph9meudkWEM6Gbpwr": {
    "question_id": "Gr2guph9meudkWEM6Gbpwr",
    "prediction": "gas",
    "actual": "gas"
  },
  "GzEbcQExF4cHmrhk7rdnce": {
    "question_id": "GzEbcQExF4cHmrhk7rdnce",
    "prediction": "nintendo wii",
    "actual": "nintendo wii"
  },
  "H4vJVSnFkLQaJVgHbJSVob": {
    "question_id": "H4vJVSnFkLQaJVgHbJSVob",
    "prediction": "to transport",
    "actual": "to transport"
  },
  "H5BWeWuYriU6bmUwUPKtGE": {
    "question_id": "H5BWeWuYriU6bmUwUPKtGE",
    "prediction": "glass",
    "actual": "glass"
  },
  "H7QnkgRHJJYQpjyyG3Szfc": {
    "question_id": "H7QnkgRHJJYQpjyyG3Szfc",
    "prediction": "handle",
    "actual": "handle"
  },
  "H8bbnrXJwvzCPyGsK48h8c": {
    "question_id": "H8bbnrXJwvzCPyGsK48h8c",
    "prediction": "conference room",
    "actual": "conference room"
  },
  "HM4obw9fQyb3aPheZjgtqq": {
    "question_id": "HM4obw9fQyb3aPheZjgtqq",
    "prediction": "visibility",
    "actual": "visibility"
  },
  "HPZPYitwJBDrLAkkGa9AJ5": {
    "question_id": "HPZPYitwJBDrLAkkGa9AJ5",
    "prediction": "adidas",
    "actual": "adidas"
  },
  "J6Kwvdi26GWFDHeADMXSWW": {
    "question_id": "J6Kwvdi26GWFDHeADMXSWW",
    "prediction": "helium",
    "actual": "helium"
  },
  "JG6LR7gqcbcDvbrwYiZbnj": {
    "question_id": "JG6LR7gqcbcDvbrwYiZbnj",
    "prediction": "to balance",
    "actual": "to balance"
  },
  "JJPVhVK8EvZNsddZMETh6v": {
    "question_id": "JJPVhVK8EvZNsddZMETh6v",
    "prediction": "weekend",
    "actual": "weekend"
  },
  "JKfRNnyDQBfsZrkokU8uQa": {
    "question_id": "JKfRNnyDQBfsZrkokU8uQa",
    "prediction": "air",
    "actual": "air"
  },
  "JLeJRnVgCAQDSxhnN2LLGU": {
    "question_id": "JLeJRnVgCAQDSxhnN2LLGU",
    "prediction": "donut",
    "actual": "donut"
  },
  "Jd5ZtcGspbFr8SHETgpt53": {
    "question_id": "Jd5ZtcGspbFr8SHETgpt53",
    "prediction": "round",
    "actual": "round"
  },
  "JuxtrucqNyPwRLsANkhiRw": {
    "question_id": "JuxtrucqNyPwRLsANkhiRw",
    "prediction": "asian",
    "actual": "asian"
  },
  "JwnCRZQToshydgQiSHz6Qk": {
    "question_id": "JwnCRZQToshydgQiSHz6Qk",
    "prediction": "fireplace",
    "actual": "fireplace"
  },
  "JzruB6ybwPgmhZ5euNweVS": {
    "question_id": "JzruB6ybwPgmhZ5euNweVS",
    "prediction": "cellular",
    "actual": "cellular"
  },
  "K7TG3WAZ6ViJaprGP2QFb3": {
    "question_id": "K7TG3WAZ6ViJaprGP2QFb3",
    "prediction": "keys",
    "actual": "keys"
  },
  "K9gu6pYzJwwNr2JdCnrRyW": {
    "question_id": "K9gu6pYzJwwNr2JdCnrRyW",
    "prediction": "kiwi",
    "actual": "kiwi"
  },
  "KA3cQWXpQhyGmzPKC9d7jv": {
    "question_id": "KA3cQWXpQhyGmzPKC9d7jv",
    "prediction": "playing baseball",
    "actual": "playing baseball"
  },
  "KDt9uiMSWXdfqZg8DkfQYP": {
    "question_id": "KDt9uiMSWXdfqZg8DkfQYP",
    "prediction": "sleep",
    "actual": "sleep"
  },
  "KFfvmbMFji4jPLYSa72ghN": {
    "question_id": "KFfvmbMFji4jPLYSa72ghN",
    "prediction": "college",
    "actual": "college"
  },
  "KSBuivjEvKXo6nskDiHPRK": {
    "question_id": "KSBuivjEvKXo6nskDiHPRK",
    "prediction": "ice cream",
    "actual": "ice cream"
  },
  "KYHbG5z9mj4H4dAJbzLuQ4": {
    "question_id": "KYHbG5z9mj4H4dAJbzLuQ4",
    "prediction": "dress",
    "actual": "dress"
  },
  "KatNcK2tJQ8nr2oasRaXoD": {
    "question_id": "KatNcK2tJQ8nr2oasRaXoD",
    "prediction": "run",
    "actual": "run"
  },
  "Kg2epvxdD43djHjdN3HBEw": {
    "question_id": "Kg2epvxdD43djHjdN3HBEw",
    "prediction": "market",
    "actual": "market"
  },
  "KtndapoEif4gqUGbYMKim6": {
    "question_id": "KtndapoEif4gqUGbYMKim6",
    "prediction": "baseball",
    "actual": "baseball"
  },
  "KwuvnUibgJ9zWpif3UzUtJ": {
    "question_id": "KwuvnUibgJ9zWpif3UzUtJ",
    "prediction": "ground",
    "actual": "ground"
  },
  "KxDzK3TmVjHrd7PVRGf6AP": {
    "question_id": "KxDzK3TmVjHrd7PVRGf6AP",
    "prediction": "cutting food",
    "actual": "cutting food"
  },
  "LHVciAWegjMeYHxTjEpTPc": {
    "question_id": "LHVciAWegjMeYHxTjEpTPc",
    "prediction": "beach",
    "actual": "beach"
  },
  "LHeFhpiVsUvAjwDNWJQPfZ": {
    "question_id": "LHeFhpiVsUvAjwDNWJQPfZ",
    "prediction": "white",
    "actual": "white"
  },
  "LHmjT6smJB8ZerDLp4DJuy": {
    "question_id": "LHmjT6smJB8ZerDLp4DJuy",
    "prediction": "home",
    "actual": "home"
  },
  "LYvkz5jUWHpZYkZ8VhxESf": {
    "question_id": "LYvkz5jUWHpZYkZ8VhxESf",
    "prediction": "to rest",
    "actual": "to rest"
  },
  "M24oDREQRXZxbPHeX82hTm": {
    "question_id": "M24oDREQRXZxbPHeX82hTm",
    "prediction": "eat",
    "actual": "eat"
  },
  "M46zwhVtTDuYcfKTvw5Bsk": {
    "question_id": "M46zwhVtTDuYcfKTvw5Bsk",
    "prediction": "balls",
    "actual": "balls"
  },
  "M7GYpdBrUzhDxznbhPebAi": {
    "question_id": "M7GYpdBrUzhDxznbhPebAi",
    "prediction": "red stripe",
    "actual": "red stripe"
  },
  "MDyjdP8Esi9N3eEpLVuwx7": {
    "question_id": "MDyjdP8Esi9N3eEpLVuwx7",
    "prediction": "protection",
    "actual": "protection"
  },
  "MFcz9WFowTCRnWEpVdEfiJ": {
    "question_id": "MFcz9WFowTCRnWEpVdEfiJ",
    "prediction": "snow",
    "actual": "snow"
  },
  "MLS7svNqmdHua7qB2dvKuq": {
    "question_id": "MLS7svNqmdHua7qB2dvKuq",
    "prediction": "wimbledon",
    "actual": "wimbledon"
  },
  "MRauFRDpB55J3mf5RKCbJH": {
    "question_id": "MRauFRDpB55J3mf5RKCbJH",
    "prediction": "taking selfie",
    "actual": "taking selfie"
  },
  "MYWA3eAGfavXR4ehMz22fV": {
    "question_id": "MYWA3eAGfavXR4ehMz22fV",
    "prediction": "to race",
    "actual": "to race"
  },
  "MdawSWWcrGZdyq4yMLZRMN": {
    "question_id": "MdawSWWcrGZdyq4yMLZRMN",
    "prediction": "sidewalk",
    "actual": "sidewalk"
  },
  "MtpJjmnfFfb8pD3fpbvCTq": {
    "question_id": "MtpJjmnfFfb8pD3fpbvCTq",
    "prediction": "crossing street",
    "actual": "crossing street"
  },
  "MuwkW3j4kYfEZXwWuicLjv": {
    "question_id": "MuwkW3j4kYfEZXwWuicLjv",
    "prediction": "crust",
    "actual": "crust"
  },
  "NMaWJvLKEHntrF2zNxigMq": {
    "question_id": "NMaWJvLKEHntrF2zNxigMq",
    "prediction": "body surf",
    "actual": "body surf"
  },
  "NYcTJoQKwAGgyi4FB5gAt8": {
    "question_id": "NYcTJoQKwAGgyi4FB5gAt8",
    "prediction": "to travel",
    "actual": "to travel"
  },
  "NmKj6PbaycvbudUKgRzibs": {
    "question_id": "NmKj6PbaycvbudUKgRzibs",
    "prediction": "home",
    "actual": "home"
  },
  "NvwixocPuSU8e4uyGqdY9X": {
    "question_id": "NvwixocPuSU8e4uyGqdY9X",
    "prediction": "bathroom",
    "actual": "bathroom"
  },
  "NzFEWXcTYWqgrRXUnqVK6h": {
    "question_id": "NzFEWXcTYWqgrRXUnqVK6h",
    "prediction": "gift",
    "actual": "gift"
  },
  "P4cavrtzjFu5Ur3DCjn6YK": {
    "question_id": "P4cavrtzjFu5Ur3DCjn6YK",
    "prediction": "sightseeing rides",
    "actual": "sightseeing rides"
  },
  "P4kW6QHjRQjrDBY2YdCNxg": {
    "question_id": "P4kW6QHjRQjrDBY2YdCNxg",
    "prediction": "cross street",
    "actual": "cross street"
  },
  "P849UYcdPdpuMhsTCbyCuu": {
    "question_id": "P849UYcdPdpuMhsTCbyCuu",
    "prediction": "jockeys",
    "actual": "jockeys"
  },
  "P8dF9URdgyA2NX7Na7Cc2K": {
    "question_id": "P8dF9URdgyA2NX7Na7Cc2K",
    "prediction": "coffee maker",
    "actual": "coffee maker"
  },
  "PR3YdLbDHdwHNJENygZqBa": {
    "question_id": "PR3YdLbDHdwHNJENygZqBa",
    "prediction": "warm",
    "actual": "warm"
  },
  "PSyBiDyNfASh3NPty6sGVq": {
    "question_id": "PSyBiDyNfASh3NPty6sGVq",
    "prediction": "getting married",
    "actual": "getting married"
  },
  "PazMPafpzhf5zWhAzzfKG9": {
    "question_id": "PazMPafpzhf5zWhAzzfKG9",
    "prediction": "fighter jets",
    "actual": "fighter jets"
  },
  "PbFfJju4rM4x4PzP9E3dmq": {
    "question_id": "PbFfJju4rM4x4PzP9E3dmq",
    "prediction": "bartender",
    "actual": "bartender"
  },
  "PvkdPe2rHmCnyKrzoFjrgy": {
    "question_id": "PvkdPe2rHmCnyKrzoFjrgy",
    "prediction": "sitting",
    "actual": "sitting"
  },
  "Q5hfYjQnaxng9vg7QmEqa5": {
    "question_id": "Q5hfYjQnaxng9vg7QmEqa5",
    "prediction": "siblings",
    "actual": "siblings"
  },
  "Q6BuYZYZySn9YZXf8iBwXD": {
    "question_id": "Q6BuYZYZySn9YZXf8iBwXD",
    "prediction": "two",
    "actual": "two"
  },
  "Q7cdndwDheQypkx5d6WvbN": {
    "question_id": "Q7cdndwDheQypkx5d6WvbN",
    "prediction": "clown",
    "actual": "clown"
  },
  "QXpLwCmcjZXSBHQULTdAXu": {
    "question_id": "QXpLwCmcjZXSBHQULTdAXu",
    "prediction": "icing",
    "actual": "icing"
  },
  "QaL6hj3FGdpRMLEAiN6aFY": {
    "question_id": "QaL6hj3FGdpRMLEAiN6aFY",
    "prediction": "repelling rain",
    "actual": "repelling rain"
  },
  "Qn9fw2mFC5bWG7CjQvir9s": {
    "question_id": "Qn9fw2mFC5bWG7CjQvir9s",
    "prediction": "stop",
    "actual": "stop"
  },
  "Qpu4P46aupMV73vp2wmEGk": {
    "question_id": "Qpu4P46aupMV73vp2wmEGk",
    "prediction": "bar",
    "actual": "bar"
  },
  "Qs2pN4dnREpNWB3Faxrwfy": {
    "question_id": "Qs2pN4dnREpNWB3Faxrwfy",
    "prediction": "two way",
    "actual": "two way"
  },
  "R6NkFiXvj9TEor6T66JJmM": {
    "question_id": "R6NkFiXvj9TEor6T66JJmM",
    "prediction": "sisters",
    "actual": "sisters"
  },
  "R9V95LVNMqbNuxcHhqktUJ": {
    "question_id": "R9V95LVNMqbNuxcHhqktUJ",
    "prediction": "chess",
    "actual": "chess"
  },
  "RBwzjVcACZNAqMHpPZbv4i": {
    "question_id": "RBwzjVcACZNAqMHpPZbv4i",
    "prediction": "drainage",
    "actual": "drainage"
  },
  "RFYFh4DWWiKWEQZW6uR4Uh": {
    "question_id": "RFYFh4DWWiKWEQZW6uR4Uh",
    "prediction": "athlete",
    "actual": "athlete"
  },
  "ReDe96f2774vpupY23aBCH": {
    "question_id": "ReDe96f2774vpupY23aBCH",
    "prediction": "pete rose",
    "actual": "pete rose"
  },
  "RktS7Pmjx4EvyCUjQB5TSr": {
    "question_id": "RktS7Pmjx4EvyCUjQB5TSr",
    "prediction": "mousepad",
    "actual": "mousepad"
  },
  "RwpxKDcMF2E4fdhCjCJNEN": {
    "question_id": "RwpxKDcMF2E4fdhCjCJNEN",
    "prediction": "eat",
    "actual": "eat"
  },
  "SdAdWFmnnNenYAp5iLkkSM": {
    "question_id": "SdAdWFmnnNenYAp5iLkkSM",
    "prediction": "drink water",
    "actual": "drink water"
  },
  "SgSpH9dKik4F3kZ9pu2EbH": {
    "question_id": "SgSpH9dKik4F3kZ9pu2EbH",
    "prediction": "donuts",
    "actual": "donuts"
  },
  "SgqV4mnErEwU75PNQtwqpo": {
    "question_id": "SgqV4mnErEwU75PNQtwqpo",
    "prediction": "buildings",
    "actual": "buildings"
  },
  "Sk8wJePwpdzCXP4WzjbGdu": {
    "question_id": "Sk8wJePwpdzCXP4WzjbGdu",
    "prediction": "reading",
    "actual": "reading"
  },
  "SpnBQjkqymWyZ5gEzPTwKu": {
    "question_id": "SpnBQjkqymWyZ5gEzPTwKu",
    "prediction": "cow",
    "actual": "cow"
  },
  "Su4RjX7NpuDbXwjPMBxq9g": {
    "question_id": "Su4RjX7NpuDbXwjPMBxq9g",
    "prediction": "buses",
    "actual": "buses"
  },
  "SvWosPQqsqcUBDy2Jzg4hr": {
    "question_id": "SvWosPQqsqcUBDy2Jzg4hr",
    "prediction": "for shade",
    "actual": "for shade"
  },
  "T8Mak9BHbJd5WqH2jhjBZo": {
    "question_id": "T8Mak9BHbJd5WqH2jhjBZo",
    "prediction": "michael",
    "actual": "michael"
  },
  "TAwFJVcYrztESePxFhSyAt": {
    "question_id": "TAwFJVcYrztESePxFhSyAt",
    "prediction": "ball",
    "actual": "ball"
  },
  "TWyAuHgJjHojJL8osH3VPw": {
    "question_id": "TWyAuHgJjHojJL8osH3VPw",
    "prediction": "sold",
    "actual": "sold"
  },
  "Tbna5Srgt6Jbg8hgADabX7": {
    "question_id": "Tbna5Srgt6Jbg8hgADabX7",
    "prediction": "white",
    "actual": "white"
  },
  "TgSTm8wMoywwfop8P7MVSd": {
    "question_id": "TgSTm8wMoywwfop8P7MVSd",
    "prediction": "dry",
    "actual": "dry"
  },
  "TgnxoGn2URnSnsnWhniwQ9": {
    "question_id": "TgnxoGn2URnSnsnWhniwQ9",
    "prediction": "dogs",
    "actual": "dogs"
  },
  "TorF8s9TxEizB8N2ETkwc7": {
    "question_id": "TorF8s9TxEizB8N2ETkwc7",
    "prediction": "boarding",
    "actual": "boarding"
  },
  "TsqMjNDdEXguXzN7puUbW5": {
    "question_id": "TsqMjNDdEXguXzN7puUbW5",
    "prediction": "plastic",
    "actual": "plastic"
  },
  "U3vN2kLcHwnX4WfdNGnvxW": {
    "question_id": "U3vN2kLcHwnX4WfdNGnvxW",
    "prediction": "sea",
    "actual": "sea"
  },
  "U5Z3AUf3R9VcDqTFDLGt2c": {
    "question_id": "U5Z3AUf3R9VcDqTFDLGt2c",
    "prediction": "asia",
    "actual": "asia"
  },
  "ULSq2sLPjbuZY3B2Z6mYjb": {
    "question_id": "ULSq2sLPjbuZY3B2Z6mYjb",
    "prediction": "eat food",
    "actual": "eat food"
  },
  "UPhByDxcyegyWfhgbrkTZD": {
    "question_id": "UPhByDxcyegyWfhgbrkTZD",
    "prediction": "cell phone",
    "actual": "cell phone"
  },
  "US64WDYHmJ3UBhFuwDmcWM": {
    "question_id": "US64WDYHmJ3UBhFuwDmcWM",
    "prediction": "police officer",
    "actual": "police officer"
  },
  "UUjWA8SQGxcai53mEXndiA": {
    "question_id": "UUjWA8SQGxcai53mEXndiA",
    "prediction": "churning water",
    "actual": "churning water"
  },
  "UkgASD3jXFSiGpwBf8Nf5y": {
    "question_id": "UkgASD3jXFSiGpwBf8Nf5y",
    "prediction": "parking spaces",
    "actual": "parking spaces"
  },
  "UpTNoSajrD27GvfoAdVnsC": {
    "question_id": "UpTNoSajrD27GvfoAdVnsC",
    "prediction": "four",
    "actual": "four"
  },
  "V4VjJ3eNtgQnM7ZvF2S3iL": {
    "question_id": "V4VjJ3eNtgQnM7ZvF2S3iL",
    "prediction": "mother",
    "actual": "mother"
  },
  "VAgkuyL7FuecBgmyumQ6oh": {
    "question_id": "VAgkuyL7FuecBgmyumQ6oh",
    "prediction": "sun",
    "actual": "sun"
  },
  "VDb8JjxzQRA5pssoPHup4M": {
    "question_id": "VDb8JjxzQRA5pssoPHup4M",
    "prediction": "fun",
    "actual": "fun"
  },
  "VF8AXcb7aXEHcTu4ZWtQf6": {
    "question_id": "VF8AXcb7aXEHcTu4ZWtQf6",
    "prediction": "restaurant",
    "actual": "restaurant"
  },
  "VJLpcbF24BNNeHBGBKQp8K": {
    "question_id": "VJLpcbF24BNNeHBGBKQp8K",
    "prediction": "protection",
    "actual": "protection"
  },
  "VK6PNbyq9nq3XXBfdyE6P8": {
    "question_id": "VK6PNbyq9nq3XXBfdyE6P8",
    "prediction": "flag",
    "actual": "flag"
  },
  "VPtWDzT5r9wYAo4xWxHy97": {
    "question_id": "VPtWDzT5r9wYAo4xWxHy97",
    "prediction": "donald duck",
    "actual": "donald duck"
  },
  "VZg6oeEVpweNk9fihBXS8m": {
    "question_id": "VZg6oeEVpweNk9fihBXS8m",
    "prediction": "checkerboard",
    "actual": "checkerboard"
  },
  "Va5KLsXWHujm6DtfGdHssS": {
    "question_id": "Va5KLsXWHujm6DtfGdHssS",
    "prediction": "afternoon",
    "actual": "afternoon"
  },
  "VnvcXjkeZTbMsRfQZwQXUF": {
    "question_id": "VnvcXjkeZTbMsRfQZwQXUF",
    "prediction": "reading",
    "actual": "reading"
  },
  "VohghyPSQCmFdnNQD2FntC": {
    "question_id": "VohghyPSQCmFdnNQD2FntC",
    "prediction": "track",
    "actual": "track"
  },
  "VsmuTZR6c3jEmk2x73KvRf": {
    "question_id": "VsmuTZR6c3jEmk2x73KvRf",
    "prediction": "cricket",
    "actual": "cricket"
  },
  "W45wAtdznJWCkxES23Ymmb": {
    "question_id": "W45wAtdznJWCkxES23Ymmb",
    "prediction": "hot sauce",
    "actual": "hot sauce"
  },
  "WC8XQmunFHgUyN44J9vNQu": {
    "question_id": "WC8XQmunFHgUyN44J9vNQu",
    "prediction": "rail",
    "actual": "rail"
  },
  "WHkq5C8BiaowwnmsHGAxgf": {
    "question_id": "WHkq5C8BiaowwnmsHGAxgf",
    "prediction": "cheese",
    "actual": "cheese"
  },
  "WLG7VBozfPSsZPwKjaUXYy": {
    "question_id": "WLG7VBozfPSsZPwKjaUXYy",
    "prediction": "islam",
    "actual": "islam"
  },
  "WRniXpa5KWfR7D85cwFASi": {
    "question_id": "WRniXpa5KWfR7D85cwFASi",
    "prediction": "nintendo wii",
    "actual": "nintendo wii"
  },
  "WZt7xFyvPGqx93xZmhCFb7": {
    "question_id": "WZt7xFyvPGqx93xZmhCFb7",
    "prediction": "green",
    "actual": "green"
  },
  "WdswpNeyj4t9nbTqRVKKT9": {
    "question_id": "WdswpNeyj4t9nbTqRVKKT9",
    "prediction": "stir frying",
    "actual": "stir frying"
  },
  "WojdRVndpCBeqpSk3roFjk": {
    "question_id": "WojdRVndpCBeqpSk3roFjk",
    "prediction": "compact fluorescent",
    "actual": "compact fluorescent"
  },
  "Wug9d3qD8PXM2ugMWrbNA5": {
    "question_id": "Wug9d3qD8PXM2ugMWrbNA5",
    "prediction": "light",
    "actual": "light"
  },
  "Wz68Xn6EZYE34pM3RG2zNH": {
    "question_id": "Wz68Xn6EZYE34pM3RG2zNH",
    "prediction": "pitcher",
    "actual": "pitcher"
  },
  "XKjvNP3RonaQcJbF2oreHb": {
    "question_id": "XKjvNP3RonaQcJbF2oreHb",
    "prediction": "striped",
    "actual": "striped"
  },
  "XSdfYndeSP25Dm2T5e5Bd4": {
    "question_id": "XSdfYndeSP25Dm2T5e5Bd4",
    "prediction": "sheep",
    "actual": "sheep"
  },
  "XfKzDoDZwVcQqTPF6xzjbs": {
    "question_id": "XfKzDoDZwVcQqTPF6xzjbs",
    "prediction": "speeding",
    "actual": "speeding"
  },
  "Xw5HiN4AhQ2Nniw8ZD6LYB": {
    "question_id": "Xw5HiN4AhQ2Nniw8ZD6LYB",
    "prediction": "clown fish",
    "actual": "clown fish"
  },
  "YGzsjNW5NAbf7tFQeufc4e": {
    "question_id": "YGzsjNW5NAbf7tFQeufc4e",
    "prediction": "tusks",
    "actual": "tusks"
  },
  "YY8z6xFXJJ2nBNWWiijsHP": {
    "question_id": "YY8z6xFXJJ2nBNWWiijsHP",
    "prediction": "toy story",
    "actual": "toy story"
  },
  "YcY4T8d3SVHEDD4nQJBypg": {
    "question_id": "YcY4T8d3SVHEDD4nQJBypg",
    "prediction": "tomato",
    "actual": "tomato"
  },
  "Yf5ytZ8Hnk3NwYSf6YmBnB": {
    "question_id": "Yf5ytZ8Hnk3NwYSf6YmBnB",
    "prediction": "laptop screen",
    "actual": "laptop screen"
  },
  "YfFNHQEnioSZJwnStCSHar": {
    "question_id": "YfFNHQEnioSZJwnStCSHar",
    "prediction": "keeping captive",
    "actual": "keeping captive"
  },
  "YkmMkPR5sqwoebanrtJNBw": {
    "question_id": "YkmMkPR5sqwoebanrtJNBw",
    "prediction": "wire",
    "actual": "wire"
  },
  "YkoPwAEMfgMqGRxLyzEXpz": {
    "question_id": "YkoPwAEMfgMqGRxLyzEXpz",
    "prediction": "breakfast",
    "actual": "breakfast"
  },
  "YoMKzbxjcp5XHZrxcqj3Pn": {
    "question_id": "YoMKzbxjcp5XHZrxcqj3Pn",
    "prediction": "traffic light",
    "actual": "traffic light"
  },
  "Yzs9cYUUiiJWUzXRFsu3Qy": {
    "question_id": "Yzs9cYUUiiJWUzXRFsu3Qy",
    "prediction": "zero",
    "actual": "zero"
  },
  "Z5xx32ZiWMMosQmfjqKaGC": {
    "question_id": "Z5xx32ZiWMMosQmfjqKaGC",
    "prediction": "hotel room",
    "actual": "hotel room"
  },
  "ZCGhDHZtMcwGAY36U6XwQL": {
    "question_id": "ZCGhDHZtMcwGAY36U6XwQL",
    "prediction": "white car",
    "actual": "white car"
  },
  "ZDyf8aLqsUSUVCTRMk6zAu": {
    "question_id": "ZDyf8aLqsUSUVCTRMk6zAu",
    "prediction": "legos",
    "actual": "legos"
  },
  "ZVHGXacRAzycGJbvaZL6WW": {
    "question_id": "ZVHGXacRAzycGJbvaZL6WW",
    "prediction": "lake",
    "actual": "lake"
  },
  "ZVihanJCkC9cEENhpyucEn": {
    "question_id": "ZVihanJCkC9cEENhpyucEn",
    "prediction": "weather",
    "actual": "weather"
  },
  "ZZaVsZeNSvsTB8M2mFDcqL": {
    "question_id": "ZZaVsZeNSvsTB8M2mFDcqL",
    "prediction": "beer",
    "actual": "beer"
  },
  "ZdLaJyLJrM3UyQfks4vPz4": {
    "question_id": "ZdLaJyLJrM3UyQfks4vPz4",
    "prediction": "convenience store",
    "actual": "convenience store"
  },
  "ZeUzimMiTU6aJb3tFM7ie3": {
    "question_id": "ZeUzimMiTU6aJb3tFM7ie3",
    "prediction": "tropical",
    "actual": "tropical"
  },
  "ZfTC6zzHXSMikD2CDbSrJn": {
    "question_id": "ZfTC6zzHXSMikD2CDbSrJn",
    "prediction": "plaid",
    "actual": "plaid"
  },
  "Zhx4M3xfkZGgH4dnopMrY2": {
    "question_id": "Zhx4M3xfkZGgH4dnopMrY2",
    "prediction": "to eat",
    "actual": "to eat"
  },
  "Zt2TzKJkDQHFrbcPkxNZcA": {
    "question_id": "Zt2TzKJkDQHFrbcPkxNZcA",
    "prediction": "balls",
    "actual": "balls"
  },
  "ZthUeysacKx2CVGPpNKxe4": {
    "question_id": "ZthUeysacKx2CVGPpNKxe4",
    "prediction": "sarong",
    "actual": "sarong"
  },
  "a2NwsGL4TDKVjb89XHSn5i": {
    "question_id": "a2NwsGL4TDKVjb89XHSn5i",
    "prediction": "draughts",
    "actual": "draughts"
  },
  "a8KA5MV9JnCTqyHCeKCfEW": {
    "question_id": "a8KA5MV9JnCTqyHCeKCfEW",
    "prediction": "sky",
    "actual": "sky"
  },
  "aAEJFGA3xJLXv4gMXqCd84": {
    "question_id": "aAEJFGA3xJLXv4gMXqCd84",
    "prediction": "eye protection",
    "actual": "eye protection"
  },
  "aDVS7CNLi2et7Uf7kEEZeQ": {
    "question_id": "aDVS7CNLi2et7Uf7kEEZeQ",
    "prediction": "for food",
    "actual": "for food"
  },
  "aFoRsjc727Fzy7QCG3DEsP": {
    "question_id": "aFoRsjc727Fzy7QCG3DEsP",
    "prediction": "malaysia",
    "actual": "malaysia"
  },
  "aXA73vtTRAUJ79PHaVuhF8": {
    "question_id": "aXA73vtTRAUJ79PHaVuhF8",
    "prediction": "cake",
    "actual": "cake"
  },
  "acLP6cnPoWn8iZ9aD6F8ZL": {
    "question_id": "acLP6cnPoWn8iZ9aD6F8ZL",
    "prediction": "plate",
    "actual": "plate"
  },
  "adYBVSLgdqCGZjjVacKNGg": {
    "question_id": "adYBVSLgdqCGZjjVacKNGg",
    "prediction": "onion",
    "actual": "onion"
  },
  "admjQXJJsLpbcEdRVyvVsf": {
    "question_id": "admjQXJJsLpbcEdRVyvVsf",
    "prediction": "dirt",
    "actual": "dirt"
  },
  "apxbVY3Q3arXvhq3DXWFKC": {
    "question_id": "apxbVY3Q3arXvhq3DXWFKC",
    "prediction": "intersection",
    "actual": "intersection"
  },
  "ayLDJwHtkkfkn7twcJRGGo": {
    "question_id": "ayLDJwHtkkfkn7twcJRGGo",
    "prediction": "resort",
    "actual": "resort"
  },
  "bezNeT66zH5bmV9XRsGhcf": {
    "question_id": "bezNeT66zH5bmV9XRsGhcf",
    "prediction": "mountain",
    "actual": "mountain"
  },
  "bkDub4yWQqeZVboUxpBCAd": {
    "question_id": "bkDub4yWQqeZVboUxpBCAd",
    "prediction": "restroom",
    "actual": "restroom"
  },
  "bmXjvk9NznKw8jyhjjZuqi": {
    "question_id": "bmXjvk9NznKw8jyhjjZuqi",
    "prediction": "plastic",
    "actual": "plastic"
  },
  "bp87frxTcBx6bA7KtzDFp7": {
    "question_id": "bp87frxTcBx6bA7KtzDFp7",
    "prediction": "street",
    "actual": "street"
  },
  "bsEAp6tE9zHfcQ2ZASJYbZ": {
    "question_id": "bsEAp6tE9zHfcQ2ZASJYbZ",
    "prediction": "eating leaves",
    "actual": "eating leaves"
  },
  "bt6WFDHUBaFadif2oq3h4k": {
    "question_id": "bt6WFDHUBaFadif2oq3h4k",
    "prediction": "running",
    "actual": "running"
  },
  "c4kK8bzsKvVyN2KzoAkKpT": {
    "question_id": "c4kK8bzsKvVyN2KzoAkKpT",
    "prediction": "love",
    "actual": "love"
  },
  "cJWo8W7BsstCU73xdVW3zF": {
    "question_id": "cJWo8W7BsstCU73xdVW3zF",
    "prediction": "printing",
    "actual": "printing"
  },
  "cRGhffFZWNyQviWrJPmRCg": {
    "question_id": "cRGhffFZWNyQviWrJPmRCg",
    "prediction": "two",
    "actual": "two"
  },
  "cctHD6Sgao4mvCUTQ8RLkU": {
    "question_id": "cctHD6Sgao4mvCUTQ8RLkU",
    "prediction": "kitchen",
    "actual": "kitchen"
  },
  "cdRdX2gv29YLpSgqTiWGPt": {
    "question_id": "cdRdX2gv29YLpSgqTiWGPt",
    "prediction": "lgbt",
    "actual": "lgbt"
  },
  "chXZTHvYp7pFsdQhLyAC9F": {
    "question_id": "chXZTHvYp7pFsdQhLyAC9F",
    "prediction": "tennis competition",
    "actual": "tennis competition"
  },
  "ckEWdFtXTjmNaM5gGbqQH4": {
    "question_id": "ckEWdFtXTjmNaM5gGbqQH4",
    "prediction": "eat",
    "actual": "eat"
  },
  "cm2fk2B2GKPXCLkpzrSxaH": {
    "question_id": "cm2fk2B2GKPXCLkpzrSxaH",
    "prediction": "europe",
    "actual": "europe"
  },
  "cmnswk6vTNcnbewMUPmnv8": {
    "question_id": "cmnswk6vTNcnbewMUPmnv8",
    "prediction": "happy",
    "actual": "happy"
  },
  "cpFBV7cMfv53fdwaaWiWGt": {
    "question_id": "cpFBV7cMfv53fdwaaWiWGt",
    "prediction": "kitchen",
    "actual": "kitchen"
  },
  "crFTuf4oK8K3SqFqWe7d8X": {
    "question_id": "crFTuf4oK8K3SqFqWe7d8X",
    "prediction": "orange",
    "actual": "orange"
  },
  "dEK7AgGqKR96Axjhm22tnL": {
    "question_id": "dEK7AgGqKR96Axjhm22tnL",
    "prediction": "string",
    "actual": "string"
  },
  "dLGivwZ7fRpiDAqxkDxd5X": {
    "question_id": "dLGivwZ7fRpiDAqxkDxd5X",
    "prediction": "tractor",
    "actual": "tractor"
  },
  "dYPm6FoCySuwWSw7pPbTKC": {
    "question_id": "dYPm6FoCySuwWSw7pPbTKC",
    "prediction": "snowman",
    "actual": "snowman"
  },
  "da6PS4adVsfrcADUNQ8GMx": {
    "question_id": "da6PS4adVsfrcADUNQ8GMx",
    "prediction": "two",
    "actual": "two"
  },
  "dpTTTMowgDYptWd2YZdUT7": {
    "question_id": "dpTTTMowgDYptWd2YZdUT7",
    "prediction": "downhill",
    "actual": "downhill"
  },
  "e52REttPVvHxGe9H9Y8iya": {
    "question_id": "e52REttPVvHxGe9H9Y8iya",
    "prediction": "united states",
    "actual": "united states"
  },
  "e8C3zCrRwuZXfsWLB6WisZ": {
    "question_id": "e8C3zCrRwuZXfsWLB6WisZ",
    "prediction": "pizza shop",
    "actual": "pizza shop"
  },
  "e8EayGjQkqTfuYyHQRAEBC": {
    "question_id": "e8EayGjQkqTfuYyHQRAEBC",
    "prediction": "take picture",
    "actual": "take picture"
  },
  "eB3RtTTsyXa6YKzPMrm4kd": {
    "question_id": "eB3RtTTsyXa6YKzPMrm4kd",
    "prediction": "red wine",
    "actual": "red wine"
  },
  "eDZFWUyFe832NMLpecBV63": {
    "question_id": "eDZFWUyFe832NMLpecBV63",
    "prediction": "picture taking",
    "actual": "picture taking"
  },
  "eJTAScNwDH8iedN247LDBV": {
    "question_id": "eJTAScNwDH8iedN247LDBV",
    "prediction": "tie",
    "actual": "tie"
  },
  "eNrkV5MyWHSeR6F7jbf3Fm": {
    "question_id": "eNrkV5MyWHSeR6F7jbf3Fm",
    "prediction": "remote controls",
    "actual": "remote controls"
  },
  "eQRQC4E5pZanwwyme6kTJA": {
    "question_id": "eQRQC4E5pZanwwyme6kTJA",
    "prediction": "farm",
    "actual": "farm"
  },
  "eVSP3pkyjc7WXrz4KPd2rz": {
    "question_id": "eVSP3pkyjc7WXrz4KPd2rz",
    "prediction": "teeth",
    "actual": "teeth"
  },
  "edgUrxZbEmJboFbFUdBdCm": {
    "question_id": "edgUrxZbEmJboFbFUdBdCm",
    "prediction": "baseball bat",
    "actual": "baseball bat"
  },
  "ee4bPHg93VdP6dqmUAGtbg": {
    "question_id": "ee4bPHg93VdP6dqmUAGtbg",
    "prediction": "volvo",
    "actual": "volvo"
  },
  "eiLeNz2CFKYS7AFZDXrKEM": {
    "question_id": "eiLeNz2CFKYS7AFZDXrKEM",
    "prediction": "class",
    "actual": "class"
  },
  "eiTuwtpwaP6LXCBDdhRfUU": {
    "question_id": "eiTuwtpwaP6LXCBDdhRfUU",
    "prediction": "grill",
    "actual": "grill"
  },
  "eknnNjTPL6m3PBzaxLZbbh": {
    "question_id": "eknnNjTPL6m3PBzaxLZbbh",
    "prediction": "table",
    "actual": "table"
  },
  "epWz8dQzRohUWmTphUjt4p": {
    "question_id": "epWz8dQzRohUWmTphUjt4p",
    "prediction": "fire",
    "actual": "fire"
  },
  "et6akpyxHvFPfKyPNtNzSi": {
    "question_id": "et6akpyxHvFPfKyPNtNzSi",
    "prediction": "cellular",
    "actual": "cellular"
  },
  "f6veAkmc4fZwqbVmqZxs7z": {
    "question_id": "f6veAkmc4fZwqbVmqZxs7z",
    "prediction": "back seat",
    "actual": "back seat"
  },
  "f8zgqNptbviU5cyJpQKege": {
    "question_id": "f8zgqNptbviU5cyJpQKege",
    "prediction": "laptop",
    "actual": "laptop"
  },
  "f98CKzuCeHPRkbQSvQ8DWn": {
    "question_id": "f98CKzuCeHPRkbQSvQ8DWn",
    "prediction": "to sell",
    "actual": "to sell"
  },
  "fQxikBu5n7M2LWh5xV2BAb": {
    "question_id": "fQxikBu5n7M2LWh5xV2BAb",
    "prediction": "grind",
    "actual": "grind"
  },
  "fUKdZK7FEHkWsjtLTeajkn": {
    "question_id": "fUKdZK7FEHkWsjtLTeajkn",
    "prediction": "seattle",
    "actual": "seattle"
  },
  "fVBJLwGMCV6Dq9cEaGyrq3": {
    "question_id": "fVBJLwGMCV6Dq9cEaGyrq3",
    "prediction": "console",
    "actual": "console"
  },
  "fVuz8FFvFG4BEFRwzT5Ppg": {
    "question_id": "fVuz8FFvFG4BEFRwzT5Ppg",
    "prediction": "balance",
    "actual": "balance"
  },
  "fZVNJLSu2SxMramndCnER8": {
    "question_id": "fZVNJLSu2SxMramndCnER8",
    "prediction": "tennis ball",
    "actual": "tennis ball"
  },
  "fc9QkXjzTTYvw5oAqRj6H4": {
    "question_id": "fc9QkXjzTTYvw5oAqRj6H4",
    "prediction": "flock",
    "actual": "flock"
  },
  "fgF7yNqEPZiNszHnQZKkxU": {
    "question_id": "fgF7yNqEPZiNszHnQZKkxU",
    "prediction": "glasses",
    "actual": "glasses"
  },
  "fjqDSmg3254rQUdBJujxZy": {
    "question_id": "fjqDSmg3254rQUdBJujxZy",
    "prediction": "europe",
    "actual": "europe"
  },
  "g5VNWgEAqTK8RdPgfGh9NX": {
    "question_id": "g5VNWgEAqTK8RdPgfGh9NX",
    "prediction": "sail",
    "actual": "sail"
  },
  "gHfctVt5jWCGmTwQyDgebm": {
    "question_id": "gHfctVt5jWCGmTwQyDgebm",
    "prediction": "desserts",
    "actual": "desserts"
  },
  "gR5qY6Tpgq26YAbGrZAwwJ": {
    "question_id": "gR5qY6Tpgq26YAbGrZAwwJ",
    "prediction": "island",
    "actual": "island"
  },
  "gVpcdVA7d4t69Wgw9yS5d9": {
    "question_id": "gVpcdVA7d4t69Wgw9yS5d9",
    "prediction": "tennis ball",
    "actual": "tennis ball"
  },
  "gXBksm4FiAGgUDw3a3EUaF": {
    "question_id": "gXBksm4FiAGgUDw3a3EUaF",
    "prediction": "motorbike",
    "actual": "motorbike"
  },
  "gYUipbusGScQ7oXEUejBMf": {
    "question_id": "gYUipbusGScQ7oXEUejBMf",
    "prediction": "batting",
    "actual": "batting"
  },
  "gaKyGVP3dVZGGtonfcuK6r": {
    "question_id": "gaKyGVP3dVZGGtonfcuK6r",
    "prediction": "london",
    "actual": "london"
  },
  "gcedAQnUFuSzQFGSnjixym": {
    "question_id": "gcedAQnUFuSzQFGSnjixym",
    "prediction": "cocoa",
    "actual": "cocoa"
  },
  "gyf9Y4vh6mVZcbY7MH6fxB": {
    "question_id": "gyf9Y4vh6mVZcbY7MH6fxB",
    "prediction": "isuzu",
    "actual": "isuzu"
  },
  "h4zCFQx6fTvww2Z3rzcq9K": {
    "question_id": "h4zCFQx6fTvww2Z3rzcq9K",
    "prediction": "art",
    "actual": "art"
  },
  "h74gXxfogmocHgcRdcoHEg": {
    "question_id": "h74gXxfogmocHgcRdcoHEg",
    "prediction": "pineapple",
    "actual": "pineapple"
  },
  "hAnVoSeXQksd6ZjSYMBFpA": {
    "question_id": "hAnVoSeXQksd6ZjSYMBFpA",
    "prediction": "skiing",
    "actual": "skiing"
  },
  "hB2doqSEEeky2XNUEHdz79": {
    "question_id": "hB2doqSEEeky2XNUEHdz79",
    "prediction": "field",
    "actual": "field"
  },
  "hECCUB8FXovMC5nNPG2itn": {
    "question_id": "hECCUB8FXovMC5nNPG2itn",
    "prediction": "14",
    "actual": "14"
  },
  "hJe5wYuE8Qr9uuzc9zahBx": {
    "question_id": "hJe5wYuE8Qr9uuzc9zahBx",
    "prediction": "passenger",
    "actual": "passenger"
  },
  "hTNJXskvyVHvfhYb7Mdp7X": {
    "question_id": "hTNJXskvyVHvfhYb7Mdp7X",
    "prediction": "truck",
    "actual": "truck"
  },
  "hUuZHj9U6dgD53jRBVVYfk": {
    "question_id": "hUuZHj9U6dgD53jRBVVYfk",
    "prediction": "sugar",
    "actual": "sugar"
  },
  "hVFNQ63oXdszJvNvWDLoHt": {
    "question_id": "hVFNQ63oXdszJvNvWDLoHt",
    "prediction": "laying",
    "actual": "laying"
  },
  "hYJoVHmJ5wehgSYxxAt2Eb": {
    "question_id": "hYJoVHmJ5wehgSYxxAt2Eb",
    "prediction": "bag",
    "actual": "bag"
  },
  "hgamoABdWM75WAPWU2rCdT": {
    "question_id": "hgamoABdWM75WAPWU2rCdT",
    "prediction": "horses",
    "actual": "horses"
  },
  "hmfuC58r3K4Yg7EkMxJXXb": {
    "question_id": "hmfuC58r3K4Yg7EkMxJXXb",
    "prediction": "potato",
    "actual": "potato"
  },
  "i2ZhyTn4CzHyVxCjM6JFP5": {
    "question_id": "i2ZhyTn4CzHyVxCjM6JFP5",
    "prediction": "fruit",
    "actual": "fruit"
  },
  "i9MJBUxa64ZL4vaG7hse5x": {
    "question_id": "i9MJBUxa64ZL4vaG7hse5x",
    "prediction": "parking",
    "actual": "parking"
  },
  "iEUBT5a5ajx5MR33EMkQVr": {
    "question_id": "iEUBT5a5ajx5MR33EMkQVr",
    "prediction": "boat",
    "actual": "boat"
  },
  "iNDT4fYo9xeKBX6TrvtkVR": {
    "question_id": "iNDT4fYo9xeKBX6TrvtkVR",
    "prediction": "broken bones",
    "actual": "broken bones"
  },
  "iepNGdTWvJFnPbHVTuKmLw": {
    "question_id": "iepNGdTWvJFnPbHVTuKmLw",
    "prediction": "sailing vessel",
    "actual": "sailing vessel"
  },
  "ijeUcdVFHVYtTABEpPYJCR": {
    "question_id": "ijeUcdVFHVYtTABEpPYJCR",
    "prediction": "uniform",
    "actual": "uniform"
  },
  "inA8DF895bDbH7gLhXnenH": {
    "question_id": "inA8DF895bDbH7gLhXnenH",
    "prediction": "nike",
    "actual": "nike"
  },
  "iriWmuGxQfwS4Uj8UE2ojD": {
    "question_id": "iriWmuGxQfwS4Uj8UE2ojD",
    "prediction": "wild",
    "actual": "wild"
  },
  "j4usZ4NoJf62hcBq4GCBc7": {
    "question_id": "j4usZ4NoJf62hcBq4GCBc7",
    "prediction": "asian",
    "actual": "asian"
  },
  "j5j6LUEzw383spcNXi7XhT": {
    "question_id": "j5j6LUEzw383spcNXi7XhT",
    "prediction": "skateboard",
    "actual": "skateboard"
  },
  "j6AP78GdCUYqzaxWmNS5MX": {
    "question_id": "j6AP78GdCUYqzaxWmNS5MX",
    "prediction": "produce",
    "actual": "produce"
  },
  "j6q58xPaDShNBgnj2kKpAP": {
    "question_id": "j6q58xPaDShNBgnj2kKpAP",
    "prediction": "on beach",
    "actual": "on beach"
  },
  "jENRJNFPp8S9aqLGkRfkiU": {
    "question_id": "jENRJNFPp8S9aqLGkRfkiU",
    "prediction": "home",
    "actual": "home"
  },
  "jJtrzZ4RRXKH8SSVmgw8tp": {
    "question_id": "jJtrzZ4RRXKH8SSVmgw8tp",
    "prediction": "wild",
    "actual": "wild"
  },
  "jMvTvShVbt7rP82s3rRXxf": {
    "question_id": "jMvTvShVbt7rP82s3rRXxf",
    "prediction": "paper",
    "actual": "paper"
  },
  "jQLQXdTab2NMEr4CHskSjQ": {
    "question_id": "jQLQXdTab2NMEr4CHskSjQ",
    "prediction": "motorcycle",
    "actual": "motorcycle"
  },
  "jRxbsCVJxNtUMvsEBfpTaE": {
    "question_id": "jRxbsCVJxNtUMvsEBfpTaE",
    "prediction": "tank car",
    "actual": "tank car"
  },
  "jVXbihURQxsHwkTVByGBKj": {
    "question_id": "jVXbihURQxsHwkTVByGBKj",
    "prediction": "surfboard",
    "actual": "surfboard"
  },
  "ja6pMKAxBoEM6Q9tvtsmMA": {
    "question_id": "ja6pMKAxBoEM6Q9tvtsmMA",
    "prediction": "metal",
    "actual": "metal"
  },
  "jbdEbFFZDtMSrD3h32SFAp": {
    "question_id": "jbdEbFFZDtMSrD3h32SFAp",
    "prediction": "to catch",
    "actual": "to catch"
  },
  "jnuckE6W2YqaueH7XL4ogy": {
    "question_id": "jnuckE6W2YqaueH7XL4ogy",
    "prediction": "tours",
    "actual": "tours"
  },
  "kZWuYe4HefJH33d7GCb4Tk": {
    "question_id": "kZWuYe4HefJH33d7GCb4Tk",
    "prediction": "japanese",
    "actual": "japanese"
  },
  "kaocqcY3CESTstFs9Bd4Pg": {
    "question_id": "kaocqcY3CESTstFs9Bd4Pg",
    "prediction": "evening",
    "actual": "evening"
  },
  "khkvYrTt2t5MTJyJvBNiDR": {
    "question_id": "khkvYrTt2t5MTJyJvBNiDR",
    "prediction": "tomato",
    "actual": "tomato"
  },
  "kpuykmWTony3CofsE8S8Dt": {
    "question_id": "kpuykmWTony3CofsE8S8Dt",
    "prediction": "new york",
    "actual": "new york"
  },
  "kqVKk7x35jEP3uXnZR3wBf": {
    "question_id": "kqVKk7x35jEP3uXnZR3wBf",
    "prediction": "driving",
    "actual": "driving"
  },
  "ksqkKgifofmUwDS94V5ggP": {
    "question_id": "ksqkKgifofmUwDS94V5ggP",
    "prediction": "sandwich pick",
    "actual": "sandwich pick"
  },
  "kyKhGsfSaSgAxrLEqyWgqq": {
    "question_id": "kyKhGsfSaSgAxrLEqyWgqq",
    "prediction": "sandpiper",
    "actual": "sandpiper"
  },
  "m2mA48VKETDDYeJKgD5qSx": {
    "question_id": "m2mA48VKETDDYeJKgD5qSx",
    "prediction": "family",
    "actual": "family"
  },
  "m4HzZ8497MsdVCT3HWMJA2": {
    "question_id": "m4HzZ8497MsdVCT3HWMJA2",
    "prediction": "mobile",
    "actual": "mobile"
  },
  "m8XZ5DnesmzfsjwMhMsbfe": {
    "question_id": "m8XZ5DnesmzfsjwMhMsbfe",
    "prediction": "sauce",
    "actual": "sauce"
  },
  "mQ4rtN2j9oECfTdyWEczjX": {
    "question_id": "mQ4rtN2j9oECfTdyWEczjX",
    "prediction": "stretching",
    "actual": "stretching"
  },
  "mQ5TJVLswrNGGP3La64Erc": {
    "question_id": "mQ5TJVLswrNGGP3La64Erc",
    "prediction": "grazing",
    "actual": "grazing"
  },
  "mQJZ2QZgUf2uzSoLNyFn8w": {
    "question_id": "mQJZ2QZgUf2uzSoLNyFn8w",
    "prediction": "dogs",
    "actual": "dogs"
  },
  "mTeNP8rQAWywyEL6BxJzMr": {
    "question_id": "mTeNP8rQAWywyEL6BxJzMr",
    "prediction": "read",
    "actual": "read"
  },
  "mXqJFvpNahd3xSBSMLqk9M": {
    "question_id": "mXqJFvpNahd3xSBSMLqk9M",
    "prediction": "sauce",
    "actual": "sauce"
  },
  "ma7Jzg4NKgXtp5cBVh4kFP": {
    "question_id": "ma7Jzg4NKgXtp5cBVh4kFP",
    "prediction": "hotel",
    "actual": "hotel"
  },
  "mcfejYn8zoagoF5VgNuR2F": {
    "question_id": "mcfejYn8zoagoF5VgNuR2F",
    "prediction": "red wine",
    "actual": "red wine"
  },
  "mdsQntNbjZRukzkyyHaD8T": {
    "question_id": "mdsQntNbjZRukzkyyHaD8T",
    "prediction": "peel it",
    "actual": "peel it"
  },
  "mdxki75RbHjL4kGrUbbSY2": {
    "question_id": "mdxki75RbHjL4kGrUbbSY2",
    "prediction": "san francisco",
    "actual": "san francisco"
  },
  "mhLhbPavrBpfdknacMN7GL": {
    "question_id": "mhLhbPavrBpfdknacMN7GL",
    "prediction": "home",
    "actual": "home"
  },
  "miQ67PB4K4pA5v37BoLda9": {
    "question_id": "miQ67PB4K4pA5v37BoLda9",
    "prediction": "cook",
    "actual": "cook"
  },
  "mjCY6VtSoZiKbBKKx3YuLZ": {
    "question_id": "mjCY6VtSoZiKbBKKx3YuLZ",
    "prediction": "to eat",
    "actual": "to eat"
  },
  "moDoPYYpw2bSfSdDnFnut9": {
    "question_id": "moDoPYYpw2bSfSdDnFnut9",
    "prediction": "hot dog",
    "actual": "hot dog"
  },
  "mxJ9HhWF4QbrG97rdsY7Pe": {
    "question_id": "mxJ9HhWF4QbrG97rdsY7Pe",
    "prediction": "forest",
    "actual": "forest"
  },
  "n2V3ufCHusHxHg3doMLfoT": {
    "question_id": "n2V3ufCHusHxHg3doMLfoT",
    "prediction": "falling",
    "actual": "falling"
  },
  "n2aTnUjkSkZPZEWK8S6T9Q": {
    "question_id": "n2aTnUjkSkZPZEWK8S6T9Q",
    "prediction": "turn right",
    "actual": "turn right"
  },
  "n94Br4ZABpt9F8AeBnAaQK": {
    "question_id": "n94Br4ZABpt9F8AeBnAaQK",
    "prediction": "camera",
    "actual": "camera"
  },
  "nRteor62jdHkABoiGEqDoS": {
    "question_id": "nRteor62jdHkABoiGEqDoS",
    "prediction": "plate number",
    "actual": "plate number"
  },
  "nVg8yTiMtqm4VmDPRDPhLB": {
    "question_id": "nVg8yTiMtqm4VmDPRDPhLB",
    "prediction": "drying hair",
    "actual": "drying hair"
  },
  "nbKEZAsRQ7mimyjkQYFn6d": {
    "question_id": "nbKEZAsRQ7mimyjkQYFn6d",
    "prediction": "fire",
    "actual": "fire"
  },
  "nejsAgBentBTfKxMaELBsr": {
    "question_id": "nejsAgBentBTfKxMaELBsr",
    "prediction": "write",
    "actual": "write"
  },
  "ngQSEzXpxxTNJ4mVQxD9JM": {
    "question_id": "ngQSEzXpxxTNJ4mVQxD9JM",
    "prediction": "red couch",
    "actual": "red couch"
  },
  "nif2rWzKpmykkka2moeA3e": {
    "question_id": "nif2rWzKpmykkka2moeA3e",
    "prediction": "riding them",
    "actual": "riding them"
  },
  "npMJUgqcniPJuZPEh7mP3t": {
    "question_id": "npMJUgqcniPJuZPEh7mP3t",
    "prediction": "water",
    "actual": "water"
  },
  "ntQQ9FVL9GKUoT2WvCWiHD": {
    "question_id": "ntQQ9FVL9GKUoT2WvCWiHD",
    "prediction": "wire ties",
    "actual": "wire ties"
  },
  "nzNFFqRxL3q4gJf2iXRMtT": {
    "question_id": "nzNFFqRxL3q4gJf2iXRMtT",
    "prediction": "glove",
    "actual": "glove"
  },
  "o5Pf29Ro76nufH3SYS49LM": {
    "question_id": "o5Pf29Ro76nufH3SYS49LM",
    "prediction": "margarita",
    "actual": "margarita"
  },
  "o7YUWt5CppEBSMU9tUszUZ": {
    "question_id": "o7YUWt5CppEBSMU9tUszUZ",
    "prediction": "rain",
    "actual": "rain"
  },
  "o9RMCCdLoYDGb6oR8Z3yvi": {
    "question_id": "o9RMCCdLoYDGb6oR8Z3yvi",
    "prediction": "grass",
    "actual": "grass"
  },
  "oAL5LQnAH9sB2oMiAmxsbq": {
    "question_id": "oAL5LQnAH9sB2oMiAmxsbq",
    "prediction": "fruit salad",
    "actual": "fruit salad"
  },
  "oJD9cm8E2JFszgzyPjaVgn": {
    "question_id": "oJD9cm8E2JFszgzyPjaVgn",
    "prediction": "siblings",
    "actual": "siblings"
  },
  "oNbHrnMXrskfw3TXzZ2QUp": {
    "question_id": "oNbHrnMXrskfw3TXzZ2QUp",
    "prediction": "cheese pizza",
    "actual": "cheese pizza"
  },
  "oUJexrTXPEKNEATboAHaAA": {
    "question_id": "oUJexrTXPEKNEATboAHaAA",
    "prediction": "breakfast",
    "actual": "breakfast"
  },
  "578p2wBoYH5uozEuVypCEw": {
    "question_id": "578p2wBoYH5uozEuVypCEw",
    "prediction": "elephant",
    "actual": "elephant"
  },
  "CijjLDFS7tQM9TcoWMr2Ai": {
    "question_id": "CijjLDFS7tQM9TcoWMr2Ai",
    "prediction": "acquisition",
    "actual": "acquisition"
  },
  "DD4oNBRHkHMzFGGVpdmrJi": {
    "question_id": "DD4oNBRHkHMzFGGVpdmrJi",
    "prediction": "legs",
    "actual": "legs"
  },
  "DdkfCj4NDiSSSVhqbtwCY2": {
    "question_id": "DdkfCj4NDiSSSVhqbtwCY2",
    "prediction": "shade",
    "actual": "shade"
  },
  "NRg96YBDgRbc5zFqdhKCC4": {
    "question_id": "NRg96YBDgRbc5zFqdhKCC4",
    "prediction": "gaming",
    "actual": "gaming"
  },
  "QfzADtoknvheZQ3r9o4XWa": {
    "question_id": "QfzADtoknvheZQ3r9o4XWa",
    "prediction": "in shape",
    "actual": "in shape"
  },
  "TCqWeX5SXeeUmMjqkWnbSz": {
    "question_id": "TCqWeX5SXeeUmMjqkWnbSz",
    "prediction": "remote control",
    "actual": "remote control"
  },
  "UY4enMq3yMvLG5oAXZQVQL": {
    "question_id": "UY4enMq3yMvLG5oAXZQVQL",
    "prediction": "hot peppers",
    "actual": "hot peppers"
  },
  "Y4KDhiu2MeKojYumTWRevx": {
    "question_id": "Y4KDhiu2MeKojYumTWRevx",
    "prediction": "jetway",
    "actual": "jetway"
  },
  "b6kMEJD9bLnsJksyGqZgcR": {
    "question_id": "b6kMEJD9bLnsJksyGqZgcR",
    "prediction": "united states",
    "actual": "united states"
  },
  "2UqDdmoKsLVD4Vt2qeMFds": {
    "question_id": "2UqDdmoKsLVD4Vt2qeMFds",
    "prediction": "horses",
    "actual": "horses"
  },
  "4YdWSrT4x9p78GxJhf6vis": {
    "question_id": "4YdWSrT4x9p78GxJhf6vis",
    "prediction": "children",
    "actual": "children"
  },
  "6GNHDAUJnk4GUrW6x4AJwF": {
    "question_id": "6GNHDAUJnk4GUrW6x4AJwF",
    "prediction": "grass",
    "actual": "grass"
  },
  "A4pTVyj6FszUQtpyuwuEs2": {
    "question_id": "A4pTVyj6FszUQtpyuwuEs2",
    "prediction": "food",
    "actual": "food"
  },
  "ANzKkT7BMAmz62TWUSbPNn": {
    "question_id": "ANzKkT7BMAmz62TWUSbPNn",
    "prediction": "home run",
    "actual": "home run"
  },
  "F8Df2XjGi87XQBkJNa79Ka": {
    "question_id": "F8Df2XjGi87XQBkJNa79Ka",
    "prediction": "bakery",
    "actual": "bakery"
  },
  "KMF7Ym9gSvVVJ5QoLtTpt6": {
    "question_id": "KMF7Ym9gSvVVJ5QoLtTpt6",
    "prediction": "ball",
    "actual": "ball"
  },
  "Kn65sKCZq6EBQWNdQB469p": {
    "question_id": "Kn65sKCZq6EBQWNdQB469p",
    "prediction": "banana",
    "actual": "banana"
  },
  "MqCKsUbTPGQJxLL75tGc5F": {
    "question_id": "MqCKsUbTPGQJxLL75tGc5F",
    "prediction": "15",
    "actual": "15"
  },
  "QqviUwQkfAndzidCzfJFKS": {
    "question_id": "QqviUwQkfAndzidCzfJFKS",
    "prediction": "passenger seating",
    "actual": "passenger seating"
  },
  "RAq5ExoFdoDbbU97rvFYfZ": {
    "question_id": "RAq5ExoFdoDbbU97rvFYfZ",
    "prediction": "dodgers",
    "actual": "dodgers"
  },
  "WmFJXxTJibdaLUQiLHKPNg": {
    "question_id": "WmFJXxTJibdaLUQiLHKPNg",
    "prediction": "prevent slipping",
    "actual": "prevent slipping"
  },
  "XPhow2MD6num6LkVWv2WDC": {
    "question_id": "XPhow2MD6num6LkVWv2WDC",
    "prediction": "wish",
    "actual": "wish"
  },
  "ZQKmx3C4YgDDUWd34gaPhS": {
    "question_id": "ZQKmx3C4YgDDUWd34gaPhS",
    "prediction": "business",
    "actual": "business"
  },
  "ab8eLKrdMaUhKCHtrDknSy": {
    "question_id": "ab8eLKrdMaUhKCHtrDknSy",
    "prediction": "awaiting greenlight",
    "actual": "awaiting greenlight"
  },
  "aqnbMDKEYEGFpVGpxuM6w4": {
    "question_id": "aqnbMDKEYEGFpVGpxuM6w4",
    "prediction": "oncoming traffic",
    "actual": "oncoming traffic"
  },
  "bDqH62XFybrPPhHAUCbPHb": {
    "question_id": "bDqH62XFybrPPhHAUCbPHb",
    "prediction": "knicks",
    "actual": "knicks"
  },
  "cEtogP8bKLXGuFtxeEqkvZ": {
    "question_id": "cEtogP8bKLXGuFtxeEqkvZ",
    "prediction": "face",
    "actual": "face"
  },
  "iGmzkJ63JuV4MwnQo2B6Jb": {
    "question_id": "iGmzkJ63JuV4MwnQo2B6Jb",
    "prediction": "emergency brake",
    "actual": "emergency brake"
  },
  "iXG9vTJKiKBbMcgyngPRpH": {
    "question_id": "iXG9vTJKiKBbMcgyngPRpH",
    "prediction": "brakes",
    "actual": "brakes"
  },
  "mf7iP3eaca7zncQHvBLbEF": {
    "question_id": "mf7iP3eaca7zncQHvBLbEF",
    "prediction": "head and shoulders",
    "actual": "head and shoulders"
  },
  "n6paCuMnYEcapWb2TqLYoa": {
    "question_id": "n6paCuMnYEcapWb2TqLYoa",
    "prediction": "plaid",
    "actual": "plaid"
  },
  "nZANMFWTuwNWznuT9RBNXr": {
    "question_id": "nZANMFWTuwNWznuT9RBNXr",
    "prediction": "pedestrians",
    "actual": "pedestrians"
  }
}