{
  "2DQex53EkNGH2cfo3WPuPn": {
    "question_id": "2DQex53EkNGH2cfo3WPuPn",
    "prediction": "keyboard",
    "actual": "mobile phone"
  },
  "2N5sYXgyFqbDnuUhJFAWr5": {
    "question_id": "2N5sYXgyFqbDnuUhJFAWr5",
    "prediction": "minimalist",
    "actual": "crowded"
  },
  "2P5mVJc5a6DcCN9opV92FJ": {
    "question_id": "2P5mVJc5a6DcCN9opV92FJ",
    "prediction": "leaping",
    "actual": "crouching"
  },
  "2YfYkRjcnnsVzjycPehWPA": {
    "question_id": "2YfYkRjcnnsVzjycPehWPA",
    "prediction": "radish",
    "actual": "grapes"
  },
  "2etjUMchktfSY5fgGg5msL": {
    "question_id": "2etjUMchktfSY5fgGg5msL",
    "prediction": "pills",
    "actual": "cough drops"
  },
  "2sUggWn8qBk97E38wKpjN5": {
    "question_id": "2sUggWn8qBk97E38wKpjN5",
    "prediction": "noon",
    "actual": "afternoon"
  },
  "2vGs6CLETM2BJPstdHjku9": {
    "question_id": "2vGs6CLETM2BJPstdHjku9",
    "prediction": "sleep",
    "actual": "jump"
  },
  "2xDeTCXSRqdhvREBDhHsMx": {
    "question_id": "2xDeTCXSRqdhvREBDhHsMx",
    "prediction": "whipped cream",
    "actual": "fondant"
  },
  "399Vdu2QjamF3vheUvbRg2": {
    "question_id": "399Vdu2QjamF3vheUvbRg2",
    "prediction": "road",
    "actual": "air"
  },
  "39CcpmwATuiwiZLZo3XMuv": {
    "question_id": "39CcpmwATuiwiZLZo3XMuv",
    "prediction": "up",
    "actual": "down"
  },
  "3X8TsFBRS7mBsBbyFDzRdb": {
    "question_id": "3X8TsFBRS7mBsBbyFDzRdb",
    "prediction": "arugula",
    "actual": "pepperoni"
  },
  "3cCvfCWnLfrmqYEaFzb2Xm": {
    "question_id": "3cCvfCWnLfrmqYEaFzb2Xm",
    "prediction": "flea market",
    "actual": "street festival"
  },
  "3echacwmLBUByWpjh85Mfv": {
    "question_id": "3echacwmLBUByWpjh85Mfv",
    "prediction": "pillow",
    "actual": "white bag"
  },
  "3hvf4MjtcgpFznUWS5bbvj": {
    "question_id": "3hvf4MjtcgpFznUWS5bbvj",
    "prediction": "basketball",
    "actual": "baseball"
  },
  "3qnvp3XRGpc5L6RMhRZ3gg": {
    "question_id": "3qnvp3XRGpc5L6RMhRZ3gg",
    "prediction": "lotions",
    "actual": "shampoo conditioner"
  },
  "3vbWi2p7C9SSUHWSdbMYbE": {
    "question_id": "3vbWi2p7C9SSUHWSdbMYbE",
    "prediction": "wii tennis",
    "actual": "wii boxing"
  },
  "3w3DT989GgT6yjqurjvmt6": {
    "question_id": "3w3DT989GgT6yjqurjvmt6",
    "prediction": "slide",
    "actual": "bunt"
  },
  "3zxLUD8FPcCLJWYsG7h2KY": {
    "question_id": "3zxLUD8FPcCLJWYsG7h2KY",
    "prediction": "commercial kitchen",
    "actual": "domestic kitchen"
  },
  "45ZJiwQ8E4sqUTyJSUzEN3": {
    "question_id": "45ZJiwQ8E4sqUTyJSUzEN3",
    "prediction": "glass",
    "actual": "steel"
  },
  "49CisPCc2LiA5TUAdHZgXe": {
    "question_id": "49CisPCc2LiA5TUAdHZgXe",
    "prediction": "lion",
    "actual": "dog"
  },
  "4H7KMfvPvCTSvtf8Uyp55D": {
    "question_id": "4H7KMfvPvCTSvtf8Uyp55D",
    "prediction": "keeping score",
    "actual": "storage"
  },
  "4HXTUJHey3SSzuoE66yHKi": {
    "question_id": "4HXTUJHey3SSzuoE66yHKi",
    "prediction": "striped",
    "actual": "tie dyed"
  },
  "4U4iSWxvXv9RtE6V9KpxJo": {
    "question_id": "4U4iSWxvXv9RtE6V9KpxJo",
    "prediction": "decoration",
    "actual": "call letters"
  },
  "4cdYbJFFeKXJr6LbKgcxTa": {
    "question_id": "4cdYbJFFeKXJr6LbKgcxTa",
    "prediction": "suburban",
    "actual": "city"
  },
  "4dnt6ahNTCENKrvBhExyvV": {
    "question_id": "4dnt6ahNTCENKrvBhExyvV",
    "prediction": "yes",
    "actual": "absolutely no"
  },
  "4j6bW4ChHncMKUnmnGAQQ2": {
    "question_id": "4j6bW4ChHncMKUnmnGAQQ2",
    "prediction": "gaming",
    "actual": "academic"
  },
  "4t5DcDdFbw5x9PVRKis5AQ": {
    "question_id": "4t5DcDdFbw5x9PVRKis5AQ",
    "prediction": "gin",
    "actual": "milkshake"
  },
  "4xBq7ak8qCE92z8vddKXtu": {
    "question_id": "4xBq7ak8qCE92z8vddKXtu",
    "prediction": "south",
    "actual": "west"
  },
  "4yd2xqYxWenwSYEucHnNXR": {
    "question_id": "4yd2xqYxWenwSYEucHnNXR",
    "prediction": "italy",
    "actual": "france"
  },
  "5AhBQW2ucGSwJbPTtXHTFd": {
    "question_id": "5AhBQW2ucGSwJbPTtXHTFd",
    "prediction": "tanks",
    "actual": "cars"
  },
  "5QURaRC8e3HjPpYC2GrX4u": {
    "question_id": "5QURaRC8e3HjPpYC2GrX4u",
    "prediction": "red peppers",
    "actual": "mushrooms"
  },
  "5S32A279iAfRetbkeWJd77": {
    "question_id": "5S32A279iAfRetbkeWJd77",
    "prediction": "dark car",
    "actual": "two-wheeler"
  },
  "5XBmJitjSm9g7SQqNxYpe7": {
    "question_id": "5XBmJitjSm9g7SQqNxYpe7",
    "prediction": "table",
    "actual": "island"
  },
  "5Y5u3gnReRQbzkRnGw5ywd": {
    "question_id": "5Y5u3gnReRQbzkRnGw5ywd",
    "prediction": "asphalt",
    "actual": "stone"
  },
  "5aRkxnYoakzDQFyDGb9qJ2": {
    "question_id": "5aRkxnYoakzDQFyDGb9qJ2",
    "prediction": "eva green",
    "actual": "jessica biel"
  },
  "5aXXZiPUcUzScs2do5tjYs": {
    "question_id": "5aXXZiPUcUzScs2do5tjYs",
    "prediction": "sprinkled",
    "actual": "piping tip"
  },
  "5cNGmGcUxJP7rwHnc6BXrs": {
    "question_id": "5cNGmGcUxJP7rwHnc6BXrs",
    "prediction": "cabin",
    "actual": "restroom"
  },
  "5fDUuYWCZMudfXVEPywFYc": {
    "question_id": "5fDUuYWCZMudfXVEPywFYc",
    "prediction": "serena williams",
    "actual": "maria sharapova"
  },
  "5wfUGvXtyEw22kABjGaHxT": {
    "question_id": "5wfUGvXtyEw22kABjGaHxT",
    "prediction": "broccoli",
    "actual": "fish"
  },
  "64o6jMUzFmawogFAYnhNoh": {
    "question_id": "64o6jMUzFmawogFAYnhNoh",
    "prediction": "plaid",
    "actual": "camouflage"
  },
  "65Sfsx6hqdJ5UqNWLB3RCG": {
    "question_id": "65Sfsx6hqdJ5UqNWLB3RCG",
    "prediction": "zoo",
    "actual": "wild"
  },
  "6HizsyvwUgduwabP2dWha5": {
    "question_id": "6HizsyvwUgduwabP2dWha5",
    "prediction": "more buildings",
    "actual": "sunlight"
  },
  "6Ps8BgA4pbvK4eKToCDQqu": {
    "question_id": "6Ps8BgA4pbvK4eKToCDQqu",
    "prediction": "lamp",
    "actual": "fireplace"
  },
  "6Qf2MxVMdHGnxrEZ3xGn7Q": {
    "question_id": "6Qf2MxVMdHGnxrEZ3xGn7Q",
    "prediction": "tsunami",
    "actual": "raining"
  },
  "6SYTPwk8BEHMp486oLsFgw": {
    "question_id": "6SYTPwk8BEHMp486oLsFgw",
    "prediction": "rhode island",
    "actual": "new york"
  },
  "6YyPKdGwhA3LJkUpL3p9F6": {
    "question_id": "6YyPKdGwhA3LJkUpL3p9F6",
    "prediction": "laughing",
    "actual": "skating"
  },
  "6bXnCzchqyDdBZcBGGNbmm": {
    "question_id": "6bXnCzchqyDdBZcBGGNbmm",
    "prediction": "residential",
    "actual": "commercial"
  },
  "6fCWweqmigW6UaiyaHq4Sy": {
    "question_id": "6fCWweqmigW6UaiyaHq4Sy",
    "prediction": "shortstop",
    "actual": "position"
  },
  "6kpEuXnXz4ghWMLLBcRjmf": {
    "question_id": "6kpEuXnXz4ghWMLLBcRjmf",
    "prediction": "turning",
    "actual": "parking"
  },
  "6nV6KKMbWYsw8Rv9Sw7k2N": {
    "question_id": "6nV6KKMbWYsw8Rv9Sw7k2N",
    "prediction": "cinderella",
    "actual": "xena"
  },
  "6ony7mfRzE7tEhj5udEe5u": {
    "question_id": "6ony7mfRzE7tEhj5udEe5u",
    "prediction": "car show",
    "actual": "art show"
  },
  "6pLYuYn5suAGgoBgJ4Z6HC": {
    "question_id": "6pLYuYn5suAGgoBgJ4Z6HC",
    "prediction": "training horse",
    "actual": "show performance"
  },
  "79yRxKFXwWZZiCBAHtJqeE": {
    "question_id": "79yRxKFXwWZZiCBAHtJqeE",
    "prediction": "twenty first",
    "actual": "twentieth"
  },
  "7CWwGUgRqbPEiGcZEzFVEF": {
    "question_id": "7CWwGUgRqbPEiGcZEzFVEF",
    "prediction": "rodent",
    "actual": "feline"
  },
  "7CrtnvrK5CTs6c9RC8WgPB": {
    "question_id": "7CrtnvrK5CTs6c9RC8WgPB",
    "prediction": "chevy",
    "actual": "dodge"
  },
  "7RjA6a3CFR8w5fVRc8Arji": {
    "question_id": "7RjA6a3CFR8w5fVRc8Arji",
    "prediction": "ketogenic",
    "actual": "vegetarian"
  },
  "7ViVwUt2pnJxqcZoeTc4TR": {
    "question_id": "7ViVwUt2pnJxqcZoeTc4TR",
    "prediction": "tomatoes",
    "actual": "bananas"
  },
  "7VodQFaYKxhUwQ5tpFSkRo": {
    "question_id": "7VodQFaYKxhUwQ5tpFSkRo",
    "prediction": "water",
    "actual": "liquer"
  },
  "7Wj97TEQc4fnsxvvsbnUXH": {
    "question_id": "7Wj97TEQc4fnsxvvsbnUXH",
    "prediction": "chicken",
    "actual": "carrot"
  },
  "7ZA9sk8eRjBsisqK4EgQM2": {
    "question_id": "7ZA9sk8eRjBsisqK4EgQM2",
    "prediction": "dog",
    "actual": "woman"
  },
  "7dxcZiZowsAK34QswVhXy3": {
    "question_id": "7dxcZiZowsAK34QswVhXy3",
    "prediction": "very humid",
    "actual": "hot"
  },
  "7jkWRB4pt8ZordP6wDAvbT": {
    "question_id": "7jkWRB4pt8ZordP6wDAvbT",
    "prediction": "radio",
    "actual": "tv"
  },
  "82bLyanbdDeEq6mkVa3YGM": {
    "question_id": "82bLyanbdDeEq6mkVa3YGM",
    "prediction": "uk",
    "actual": "usa"
  },
  "86vHZcPAsgzHoG4VL93xqr": {
    "question_id": "86vHZcPAsgzHoG4VL93xqr",
    "prediction": "both",
    "actual": "red"
  },
  "87sGM3r7nnhwncMAKMtbuo": {
    "question_id": "87sGM3r7nnhwncMAKMtbuo",
    "prediction": "jacket",
    "actual": "laptop"
  },
  "8MrFkkmRAk7E8ccS8FPZ8S": {
    "question_id": "8MrFkkmRAk7E8ccS8FPZ8S",
    "prediction": "to groom",
    "actual": "to ride"
  },
  "8R6BwQYURjKQu4FPYr8TpL": {
    "question_id": "8R6BwQYURjKQu4FPYr8TpL",
    "prediction": "new york",
    "actual": "seattle"
  },
  "8RDETmscMEEsHh6Sbekaa6": {
    "question_id": "8RDETmscMEEsHh6Sbekaa6",
    "prediction": "angry",
    "actual": "smiling"
  },
  "8dWqzZJR3MvHHSGAAzAEJy": {
    "question_id": "8dWqzZJR3MvHHSGAAzAEJy",
    "prediction": "insurance",
    "actual": "investments"
  },
  "8k5Wnk4jb9ZzTN8EHrqNS3": {
    "question_id": "8k5Wnk4jb9ZzTN8EHrqNS3",
    "prediction": "pins",
    "actual": "tissues"
  },
  "8pfeZwe43HT9mMjVmdZhzm": {
    "question_id": "8pfeZwe43HT9mMjVmdZhzm",
    "prediction": "one",
    "actual": "four"
  },
  "8qqTsLQFXdEDT9oeVgZekp": {
    "question_id": "8qqTsLQFXdEDT9oeVgZekp",
    "prediction": "mud",
    "actual": "water"
  },
  "8tjSG5kCpUsF7QaQsPoJcG": {
    "question_id": "8tjSG5kCpUsF7QaQsPoJcG",
    "prediction": "los angeles",
    "actual": "omaha"
  },
  "8uQHFZsgJwvQPuvYs7reMA": {
    "question_id": "8uQHFZsgJwvQPuvYs7reMA",
    "prediction": "reversing",
    "actual": "turning left"
  },
  "8vuMQFQGMNiU6TcoNUNe2U": {
    "question_id": "8vuMQFQGMNiU6TcoNUNe2U",
    "prediction": "entertaining kids",
    "actual": "advertisement"
  },
  "8w7GuH4PjCommJcwHaGge6": {
    "question_id": "8w7GuH4PjCommJcwHaGge6",
    "prediction": "lane",
    "actual": "terminal"
  },
  "8xMtKKAZ5RHWjwMgCuYjWV": {
    "question_id": "8xMtKKAZ5RHWjwMgCuYjWV",
    "prediction": "deep dish",
    "actual": "margarita"
  },
  "92HRqF8nimMzat2iydhLAj": {
    "question_id": "92HRqF8nimMzat2iydhLAj",
    "prediction": "karate",
    "actual": "skateboarding"
  },
  "93rpK9LLNQ8xmAPrEGm3rv": {
    "question_id": "93rpK9LLNQ8xmAPrEGm3rv",
    "prediction": "thatch",
    "actual": "stone"
  },
  "9Fvp6un9Bh9va6z5nz9k74": {
    "question_id": "9Fvp6un9Bh9va6z5nz9k74",
    "prediction": "residential",
    "actual": "commercial"
  },
  "9HoQP5bpke2rstGjD8AG7Y": {
    "question_id": "9HoQP5bpke2rstGjD8AG7Y",
    "prediction": "dishwasher",
    "actual": "stove/oven"
  },
  "9KA8dr22Hiveh2s9JwvPLZ": {
    "question_id": "9KA8dr22Hiveh2s9JwvPLZ",
    "prediction": "knee",
    "actual": "ear"
  },
  "9PGPr3vxBAb9jyWDiR9ous": {
    "question_id": "9PGPr3vxBAb9jyWDiR9ous",
    "prediction": "compaq",
    "actual": "hp"
  },
  "9R6ddmMNiye654hqqPZ2eE": {
    "question_id": "9R6ddmMNiye654hqqPZ2eE",
    "prediction": "decoration",
    "actual": "prevent fire"
  },
  "9R9Ef5J6eaJzSHvUEkBkgq": {
    "question_id": "9R9Ef5J6eaJzSHvUEkBkgq",
    "prediction": "panda",
    "actual": "rooster"
  },
  "9TJtRYnGa8xr8CF67M5Mof": {
    "question_id": "9TJtRYnGa8xr8CF67M5Mof",
    "prediction": "mice",
    "actual": "cats"
  },
  "9Vcrsyxf2zbSBauWavQbju": {
    "question_id": "9Vcrsyxf2zbSBauWavQbju",
    "prediction": "right",
    "actual": "middle"
  },
  "9WmbdtPjrRDvD7yeHYr55d": {
    "question_id": "9WmbdtPjrRDvD7yeHYr55d",
    "prediction": "zigzag",
    "actual": "polka dots"
  },
  "9ZB4WcL9Sbo3L6ZPkaqzKY": {
    "question_id": "9ZB4WcL9Sbo3L6ZPkaqzKY",
    "prediction": "none",
    "actual": "three"
  },
  "9agpK8NJBKhb2vcWiKXRi7": {
    "question_id": "9agpK8NJBKhb2vcWiKXRi7",
    "prediction": "champagne",
    "actual": "water"
  },
  "9fX9oZHdEtHPfWbHi4BhwA": {
    "question_id": "9fX9oZHdEtHPfWbHi4BhwA",
    "prediction": "gin",
    "actual": "coke"
  },
  "9sqHw3RioVzmBGcxbMqBDM": {
    "question_id": "9sqHw3RioVzmBGcxbMqBDM",
    "prediction": "blue",
    "actual": "brown"
  },
  "9zfgVSEG4hrKHfuoe4tHqx": {
    "question_id": "9zfgVSEG4hrKHfuoe4tHqx",
    "prediction": "tradition",
    "actual": "spend time"
  },
  "A2yJNQmbyDNtQEq4b2EZWx": {
    "question_id": "A2yJNQmbyDNtQEq4b2EZWx",
    "prediction": "uber",
    "actual": "flying"
  },
  "A3zGJC9ryU4EkHzywEGdJn": {
    "question_id": "A3zGJC9ryU4EkHzywEGdJn",
    "prediction": "white wine",
    "actual": "red wine"
  },
  "A7MATFYMiNxpWLN7ucoWmS": {
    "question_id": "A7MATFYMiNxpWLN7ucoWmS",
    "prediction": "bathroom",
    "actual": "basement"
  },
  "A9Pk4Az2eRMuSEgB8GnUBU": {
    "question_id": "A9Pk4Az2eRMuSEgB8GnUBU",
    "prediction": "biography",
    "actual": "thriller fiction"
  },
  "ACMY4KCmBjXQNimvG4dJhA": {
    "question_id": "ACMY4KCmBjXQNimvG4dJhA",
    "prediction": "three",
    "actual": "four"
  },
  "ADSaLsXSNftfMMYWMKKqCS": {
    "question_id": "ADSaLsXSNftfMMYWMKKqCS",
    "prediction": "nowhere",
    "actual": "right"
  },
  "AJvjHZ5SF3hD6C3eYniXsc": {
    "question_id": "AJvjHZ5SF3hD6C3eYniXsc",
    "prediction": "transportation",
    "actual": "farming"
  },
  "AQQMsV5n7NGgths6DjtJcH": {
    "question_id": "AQQMsV5n7NGgths6DjtJcH",
    "prediction": "hard",
    "actual": "soft"
  },
  "AScfHhLUR7uPGS4TV6VpbN": {
    "question_id": "AScfHhLUR7uPGS4TV6VpbN",
    "prediction": "to kill",
    "actual": "to restrain"
  },
  "AXvcbZSCWScQ9hb4hjB4si": {
    "question_id": "AXvcbZSCWScQ9hb4hjB4si",
    "prediction": "iron man",
    "actual": "spiderman"
  },
  "Ar8D5FwKT47LcGDqJXXLjK": {
    "question_id": "Ar8D5FwKT47LcGDqJXXLjK",
    "prediction": "display them",
    "actual": "eat them"
  },
  "AvSkehQk4bMedgX65PDsAj": {
    "question_id": "AvSkehQk4bMedgX65PDsAj",
    "prediction": "both",
    "actual": "white board"
  },
  "AyYa5v5HCXAjDeLXgP2CN5": {
    "question_id": "AyYa5v5HCXAjDeLXgP2CN5",
    "prediction": "towels",
    "actual": "coats"
  },
  "B89EaRFhsoHzAy55JKCZJJ": {
    "question_id": "B89EaRFhsoHzAy55JKCZJJ",
    "prediction": "eight",
    "actual": "90"
  },
  "BECCJDkBDxrjtJNK7NGXQH": {
    "question_id": "BECCJDkBDxrjtJNK7NGXQH",
    "prediction": "tomato",
    "actual": "carrot"
  },
  "BRxXgf2dHwtY3SuRcmvv8Q": {
    "question_id": "BRxXgf2dHwtY3SuRcmvv8Q",
    "prediction": "red car",
    "actual": "orange tractor"
  },
  "BaNWccWHEXHgtdo2h5795T": {
    "question_id": "BaNWccWHEXHgtdo2h5795T",
    "prediction": "directional",
    "actual": "traffic"
  },
  "Bja27MQDKfkiPDd5iSER6Q": {
    "question_id": "Bja27MQDKfkiPDd5iSER6Q",
    "prediction": "fouled",
    "actual": "missed"
  },
  "Bu9pF6sWajjGr6XDi4rb63": {
    "question_id": "Bu9pF6sWajjGr6XDi4rb63",
    "prediction": "ground",
    "actual": "trees"
  },
  "BuWxzrpFRXqSj8UjZannxM": {
    "question_id": "BuWxzrpFRXqSj8UjZannxM",
    "prediction": "cake",
    "actual": "pacifier"
  },
  "BwNg9mG4uXsALtLg2ztFgz": {
    "question_id": "BwNg9mG4uXsALtLg2ztFgz",
    "prediction": "baking powder",
    "actual": "yeast"
  },
  "C4iGaNrPm4zXWRgxL2XdRF": {
    "question_id": "C4iGaNrPm4zXWRgxL2XdRF",
    "prediction": "elevenses",
    "actual": "tea"
  },
  "C5KFJtK2qiQ2gMC5WNsdnB": {
    "question_id": "C5KFJtK2qiQ2gMC5WNsdnB",
    "prediction": "friends",
    "actual": "customers"
  },
  "CKSUnA8f2e4FZyu5pXFuhm": {
    "question_id": "CKSUnA8f2e4FZyu5pXFuhm",
    "prediction": "two",
    "actual": "four"
  },
  "CKj2DmTDPa2HMKUvU9d6RN": {
    "question_id": "CKj2DmTDPa2HMKUvU9d6RN",
    "prediction": "motorcycle",
    "actual": "vespa"
  },
  "CKoy38QkqTRSirL8yyeimY": {
    "question_id": "CKoy38QkqTRSirL8yyeimY",
    "prediction": "porcelain",
    "actual": "disposable"
  },
  "CTzwocs3uGc2GjPFZG425g": {
    "question_id": "CTzwocs3uGc2GjPFZG425g",
    "prediction": "canada",
    "actual": "britain"
  },
  "CVVWeSyTpmWdozRWra6qbu": {
    "question_id": "CVVWeSyTpmWdozRWra6qbu",
    "prediction": "coastal",
    "actual": "city"
  },
  "CZgeF3Cuso4bf9DbbmxZan": {
    "question_id": "CZgeF3Cuso4bf9DbbmxZan",
    "prediction": "woman",
    "actual": "man"
  },
  "CcD6HgxREVqanqLnSysBTr": {
    "question_id": "CcD6HgxREVqanqLnSysBTr",
    "prediction": "cheesy",
    "actual": "sweet"
  },
  "Ce788SudmyHCPCCvyXs2kW": {
    "question_id": "Ce788SudmyHCPCCvyXs2kW",
    "prediction": "taipei",
    "actual": "osaka"
  },
  "ChoLNyVYCocjeYqDJQYMoe": {
    "question_id": "ChoLNyVYCocjeYqDJQYMoe",
    "prediction": "waterskiing",
    "actual": "waterboarding"
  },
  "Cr6fmmEARGDPSbQvpNN4xY": {
    "question_id": "Cr6fmmEARGDPSbQvpNN4xY",
    "prediction": "four",
    "actual": "none"
  },
  "CuqeFPuPUXRxjKnTomsz4x": {
    "question_id": "CuqeFPuPUXRxjKnTomsz4x",
    "prediction": "51",
    "actual": "21"
  },
  "D6DfPGuGowm35cTuQhvw4s": {
    "question_id": "D6DfPGuGowm35cTuQhvw4s",
    "prediction": "cat",
    "actual": "horse"
  },
  "D7y9SSbRuVzVfJGiAinTx3": {
    "question_id": "D7y9SSbRuVzVfJGiAinTx3",
    "prediction": "snow shovelling",
    "actual": "pushing off"
  },
  "DC3qACi5rhmWU8XzM5Vdvy": {
    "question_id": "DC3qACi5rhmWU8XzM5Vdvy",
    "prediction": "black car",
    "actual": "white van"
  },
  "DPtUMrxDbLP2nQ9yUdmvkT": {
    "question_id": "DPtUMrxDbLP2nQ9yUdmvkT",
    "prediction": "three",
    "actual": "two"
  },
  "DR94rYWve8KwpGjAtovqZt": {
    "question_id": "DR94rYWve8KwpGjAtovqZt",
    "prediction": "wonder woman",
    "actual": "spiderman"
  },
  "DRLyePKKPxvXEDiKygRjjt": {
    "question_id": "DRLyePKKPxvXEDiKygRjjt",
    "prediction": "minor league",
    "actual": "little league"
  },
  "DRjvqC85oQS6p6Q6fz6CdY": {
    "question_id": "DRjvqC85oQS6p6Q6fz6CdY",
    "prediction": "midnight",
    "actual": "1000"
  },
  "DTAw9Vu8CLWbzUAg6m8okx": {
    "question_id": "DTAw9Vu8CLWbzUAg6m8okx",
    "prediction": "children",
    "actual": "bag"
  },
  "DX4bBD5XMPxQuu3hqWAdDW": {
    "question_id": "DX4bBD5XMPxQuu3hqWAdDW",
    "prediction": "kindness",
    "actual": "weight"
  },
  "DpnK7HeBvBiVtVRCiDJxED": {
    "question_id": "DpnK7HeBvBiVtVRCiDJxED",
    "prediction": "blue",
    "actual": "yellow"
  },
  "DxR6agStFKhyFqTSYRUgPa": {
    "question_id": "DxR6agStFKhyFqTSYRUgPa",
    "prediction": "surroundings",
    "actual": "wearing uniform"
  },
  "E2Vuut5upXHFFVxEk8kHvM": {
    "question_id": "E2Vuut5upXHFFVxEk8kHvM",
    "prediction": "work",
    "actual": "class"
  },
  "E6vGrKzLTzqabYt55Ksc2N": {
    "question_id": "E6vGrKzLTzqabYt55Ksc2N",
    "prediction": "yes",
    "actual": "absolutely no"
  },
  "EAYTJseBUauGLMkCTZdhtU": {
    "question_id": "EAYTJseBUauGLMkCTZdhtU",
    "prediction": "man",
    "actual": "girl man"
  },
  "EBfqBBCf7yRtTtGhsc52Td": {
    "question_id": "EBfqBBCf7yRtTtGhsc52Td",
    "prediction": "argyle",
    "actual": "stripes"
  },
  "EDFzCznf6oQmdpV8T8S7vU": {
    "question_id": "EDFzCznf6oQmdpV8T8S7vU",
    "prediction": "one",
    "actual": "three"
  },
  "EER9xudvx7aG37Zbaewxkw": {
    "question_id": "EER9xudvx7aG37Zbaewxkw",
    "prediction": "coca cola",
    "actual": "pepsi"
  },
  "EZr7FwVY2S7FggmHpHxCZK": {
    "question_id": "EZr7FwVY2S7FggmHpHxCZK",
    "prediction": "steel",
    "actual": "clay"
  },
  "EbanZVDGxGTAinaVAiseKZ": {
    "question_id": "EbanZVDGxGTAinaVAiseKZ",
    "prediction": "two",
    "actual": "four"
  },
  "Ed662HvZeisV6Mzxs2S6bj": {
    "question_id": "Ed662HvZeisV6Mzxs2S6bj",
    "prediction": "purse",
    "actual": "travel"
  },
  "EgJwLz3i9LPpmSLpFLRjMM": {
    "question_id": "EgJwLz3i9LPpmSLpFLRjMM",
    "prediction": "hat",
    "actual": "headphones"
  },
  "EmU9DKov4EwRDaZuKvzAXj": {
    "question_id": "EmU9DKov4EwRDaZuKvzAXj",
    "prediction": "wine",
    "actual": "beer"
  },
  "EpwwuobLzGLWhnbXAjbw2x": {
    "question_id": "EpwwuobLzGLWhnbXAjbw2x",
    "prediction": "proceed",
    "actual": "don't walk"
  },
  "EtRReER5fXmbnTmQTzM7Di": {
    "question_id": "EtRReER5fXmbnTmQTzM7Di",
    "prediction": "beach",
    "actual": "room"
  },
  "EyxALxGEvCyePSado4wnJL": {
    "question_id": "EyxALxGEvCyePSado4wnJL",
    "prediction": "banana",
    "actual": "orange"
  },
  "F3q8NaAw4x5Lc7KhdgvoDy": {
    "question_id": "F3q8NaAw4x5Lc7KhdgvoDy",
    "prediction": "lap",
    "actual": "keyboard"
  },
  "FAgxg4yMBGCmnhc9FTTxyq": {
    "question_id": "FAgxg4yMBGCmnhc9FTTxyq",
    "prediction": "four",
    "actual": "two"
  },
  "FCACCnmERAWpKikUkfc5jV": {
    "question_id": "FCACCnmERAWpKikUkfc5jV",
    "prediction": "blue",
    "actual": "white"
  },
  "FFhuFfMAy38Z7WWr6q7faA": {
    "question_id": "FFhuFfMAy38Z7WWr6q7faA",
    "prediction": "grandparent",
    "actual": "son"
  },
  "FHmsKMqftMV2bbhT63TCep": {
    "question_id": "FHmsKMqftMV2bbhT63TCep",
    "prediction": "remote",
    "actual": "knife"
  },
  "FHq2UjmQmmZbCvD4wDJwjH": {
    "question_id": "FHq2UjmQmmZbCvD4wDJwjH",
    "prediction": "protection",
    "actual": "fashion"
  },
  "FNM9a4zAgBwoRawSUrMxPB": {
    "question_id": "FNM9a4zAgBwoRawSUrMxPB",
    "prediction": "rain",
    "actual": "whale"
  },
  "FQuJEPNnrznkjkvyN4UbUR": {
    "question_id": "FQuJEPNnrznkjkvyN4UbUR",
    "prediction": "detroit",
    "actual": "new york"
  },
  "Fah5Jtkg728bXGLKKjgwjV": {
    "question_id": "Fah5Jtkg728bXGLKKjgwjV",
    "prediction": "mini van",
    "actual": "sports car"
  },
  "FddDsTHeVp9WJYZBjLoKUi": {
    "question_id": "FddDsTHeVp9WJYZBjLoKUi",
    "prediction": "sea",
    "actual": "road"
  },
  "FeTsEoSpyGhqi8ui4i8tTy": {
    "question_id": "FeTsEoSpyGhqi8ui4i8tTy",
    "prediction": "for visibility",
    "actual": "for reception"
  },
  "FpJmgAqdqfRjUe6axsFMhs": {
    "question_id": "FpJmgAqdqfRjUe6axsFMhs",
    "prediction": "heating",
    "actual": "cooling"
  },
  "Fr2NzFhfutw8k7CpoAGnW8": {
    "question_id": "Fr2NzFhfutw8k7CpoAGnW8",
    "prediction": "five",
    "actual": "two"
  },
  "Fu2ZLJDqhQqxBgT7KdAavf": {
    "question_id": "Fu2ZLJDqhQqxBgT7KdAavf",
    "prediction": "four",
    "actual": "two"
  },
  "G9KXrAd6oRksj8Jqd5hcyo": {
    "question_id": "G9KXrAd6oRksj8Jqd5hcyo",
    "prediction": "forehand",
    "actual": "serve"
  },
  "GDwYLbrCSgTVjTMSuJQFgX": {
    "question_id": "GDwYLbrCSgTVjTMSuJQFgX",
    "prediction": "yellow",
    "actual": "green"
  },
  "GGnMBYFpNz6ukDqFQ7Cdgx": {
    "question_id": "GGnMBYFpNz6ukDqFQ7Cdgx",
    "prediction": "sit",
    "actual": "cross"
  },
  "GRTvSEaPgGtjRGvoED7S5E": {
    "question_id": "GRTvSEaPgGtjRGvoED7S5E",
    "prediction": "vase",
    "actual": "teapot"
  },
  "GTZGtuDSqd76CSi8NDrEKx": {
    "question_id": "GTZGtuDSqd76CSi8NDrEKx",
    "prediction": "mountain",
    "actual": "street"
  },
  "GaMNX53oAdZUoytgminHKh": {
    "question_id": "GaMNX53oAdZUoytgminHKh",
    "prediction": "white",
    "actual": "grey"
  },
  "Gd2FCTGcKM4yuJrprWpsyp": {
    "question_id": "Gd2FCTGcKM4yuJrprWpsyp",
    "prediction": "wood",
    "actual": "cement"
  },
  "GfXMvDmY2rQYcnA8kLrFvf": {
    "question_id": "GfXMvDmY2rQYcnA8kLrFvf",
    "prediction": "dog",
    "actual": "sneakers"
  },
  "GkxEs3oBggLe4zY9XmJZaA": {
    "question_id": "GkxEs3oBggLe4zY9XmJZaA",
    "prediction": "eight",
    "actual": "ten"
  },
  "GoBun4WYj2oK6vRihjfEGv": {
    "question_id": "GoBun4WYj2oK6vRihjfEGv",
    "prediction": "beer",
    "actual": "red wine"
  },
  "GzwDohFGAzDgkHBGFKfCTF": {
    "question_id": "GzwDohFGAzDgkHBGFKfCTF",
    "prediction": "trackpad",
    "actual": "keypad"
  },
  "GzzLtA4SHJS9ymFa6Zrw77": {
    "question_id": "GzzLtA4SHJS9ymFa6Zrw77",
    "prediction": "serve",
    "actual": "backhand"
  },
  "H5ij2UADeZudHffAeLzw6z": {
    "question_id": "H5ij2UADeZudHffAeLzw6z",
    "prediction": "dell",
    "actual": "apple"
  },
  "H8KBdToKYoc2D9GPVE6mds": {
    "question_id": "H8KBdToKYoc2D9GPVE6mds",
    "prediction": "fedora",
    "actual": "newsboy"
  },
  "HBocRDMRkRehHhDX4BnCwq": {
    "question_id": "HBocRDMRkRehHhDX4BnCwq",
    "prediction": "tennis shoes",
    "actual": "flats"
  },
  "HGUuQneRyMcmypY3dX7XUi": {
    "question_id": "HGUuQneRyMcmypY3dX7XUi",
    "prediction": "green beans",
    "actual": "pickles"
  },
  "HJeQNjpkTJrL7EnPntSa4w": {
    "question_id": "HJeQNjpkTJrL7EnPntSa4w",
    "prediction": "digital",
    "actual": "analog"
  },
  "HJh9bXtpMyBNmsmBa6CH4p": {
    "question_id": "HJh9bXtpMyBNmsmBa6CH4p",
    "prediction": "three",
    "actual": "two"
  },
  "HJsZ5ZgnFUZ4Sik8UzeCYY": {
    "question_id": "HJsZ5ZgnFUZ4Sik8UzeCYY",
    "prediction": "right",
    "actual": "left"
  },
  "HMuwvp694v2XuNGWtSht8h": {
    "question_id": "HMuwvp694v2XuNGWtSht8h",
    "prediction": "five",
    "actual": "nine"
  },
  "HPZPYitwJBDrLAkkGa9AJ5": {
    "question_id": "HPZPYitwJBDrLAkkGa9AJ5",
    "prediction": "sketchers",
    "actual": "adidas"
  },
  "HRRChNRZfHh9JRVSVaZvt7": {
    "question_id": "HRRChNRZfHh9JRVSVaZvt7",
    "prediction": "generator",
    "actual": "oven"
  },
  "HVw3M6ynyrfGd6UNNGLDyS": {
    "question_id": "HVw3M6ynyrfGd6UNNGLDyS",
    "prediction": "batter's box",
    "actual": "home plate"
  },
  "HmwKHh89ZFtLUWCExGKoLw": {
    "question_id": "HmwKHh89ZFtLUWCExGKoLw",
    "prediction": "thank you",
    "actual": "hello"
  },
  "HtgRjokZ8ucLVCRGLEKkFS": {
    "question_id": "HtgRjokZ8ucLVCRGLEKkFS",
    "prediction": "clown",
    "actual": "heart"
  },
  "J4WUAZW5eUveUgDRSq3r7y": {
    "question_id": "J4WUAZW5eUveUgDRSq3r7y",
    "prediction": "ten",
    "actual": "four"
  },
  "J6Kwvdi26GWFDHeADMXSWW": {
    "question_id": "J6Kwvdi26GWFDHeADMXSWW",
    "prediction": "fan",
    "actual": "helium"
  },
  "JGXXqdncT4kgE87XSYDEH8": {
    "question_id": "JGXXqdncT4kgE87XSYDEH8",
    "prediction": "restaurant",
    "actual": "house"
  },
  "JJmTumn8HhCZdb6sNWftWr": {
    "question_id": "JJmTumn8HhCZdb6sNWftWr",
    "prediction": "red",
    "actual": "green"
  },
  "JR77UNbyj38mU3p6Ku6Qn8": {
    "question_id": "JR77UNbyj38mU3p6Ku6Qn8",
    "prediction": "tomato",
    "actual": "broccoli"
  },
  "JTLLmy2W6V6VETwzhkgDPh": {
    "question_id": "JTLLmy2W6V6VETwzhkgDPh",
    "prediction": "four",
    "actual": "one"
  },
  "Jd5ZtcGspbFr8SHETgpt53": {
    "question_id": "Jd5ZtcGspbFr8SHETgpt53",
    "prediction": "triangle",
    "actual": "round"
  },
  "JrdpzYcvRc7YKAyviTTEWv": {
    "question_id": "JrdpzYcvRc7YKAyviTTEWv",
    "prediction": "jockey",
    "actual": "equestrianism"
  },
  "JwnCRZQToshydgQiSHz6Qk": {
    "question_id": "JwnCRZQToshydgQiSHz6Qk",
    "prediction": "home foundation",
    "actual": "fireplace"
  },
  "K7FEvSfPCq94Y7Uzwvju4J": {
    "question_id": "K7FEvSfPCq94Y7Uzwvju4J",
    "prediction": "pizza shop",
    "actual": "dunkin coffee"
  },
  "K9gu6pYzJwwNr2JdCnrRyW": {
    "question_id": "K9gu6pYzJwwNr2JdCnrRyW",
    "prediction": "apple",
    "actual": "kiwi"
  },
  "KADU4VuTNvJcaxfcuSWg5s": {
    "question_id": "KADU4VuTNvJcaxfcuSWg5s",
    "prediction": "ipad",
    "actual": "ipod"
  },
  "KFfvmbMFji4jPLYSa72ghN": {
    "question_id": "KFfvmbMFji4jPLYSa72ghN",
    "prediction": "junior",
    "actual": "college"
  },
  "KHUiovaE2ZgBkwbt2ADbaN": {
    "question_id": "KHUiovaE2ZgBkwbt2ADbaN",
    "prediction": "happiness",
    "actual": "sadness"
  },
  "KJfQQQhNGQydZ2gdW6dv9A": {
    "question_id": "KJfQQQhNGQydZ2gdW6dv9A",
    "prediction": "wine",
    "actual": "salami"
  },
  "KMYPv55YgBCMho3xHBu4GM": {
    "question_id": "KMYPv55YgBCMho3xHBu4GM",
    "prediction": "united states",
    "actual": "canada"
  },
  "KULnaCXEwqsqxdegDzQRjT": {
    "question_id": "KULnaCXEwqsqxdegDzQRjT",
    "prediction": "six",
    "actual": "three"
  },
  "KVAeyTAfrvN8fst6NXA6MT": {
    "question_id": "KVAeyTAfrvN8fst6NXA6MT",
    "prediction": "crust",
    "actual": "mushroom"
  },
  "KgfkfPqD2aDFJjnZh69oyM": {
    "question_id": "KgfkfPqD2aDFJjnZh69oyM",
    "prediction": "feet",
    "actual": "tail"
  },
  "KqEeneEUHVnoFj9nRYLS3u": {
    "question_id": "KqEeneEUHVnoFj9nRYLS3u",
    "prediction": "brown",
    "actual": "white"
  },
  "KqHt4U8oRbES85WARzxU3R": {
    "question_id": "KqHt4U8oRbES85WARzxU3R",
    "prediction": "asia",
    "actual": "africa"
  },
  "L6och7f34xfLQaVYszfzV7": {
    "question_id": "L6och7f34xfLQaVYszfzV7",
    "prediction": "sour",
    "actual": "sweet"
  },
  "LFz5f9J9ZvERUNtuXm7UJg": {
    "question_id": "LFz5f9J9ZvERUNtuXm7UJg",
    "prediction": "custom",
    "actual": "visibility"
  },
  "LaVtN4tgwqXPxzoGfKPQjg": {
    "question_id": "LaVtN4tgwqXPxzoGfKPQjg",
    "prediction": "orange",
    "actual": "peapod"
  },
  "LjrjS6vsP3xXwot5D9eFiD": {
    "question_id": "LjrjS6vsP3xXwot5D9eFiD",
    "prediction": "fishing",
    "actual": "kayaking"
  },
  "LqCNzoPHep3XKouS3eUAk6": {
    "question_id": "LqCNzoPHep3XKouS3eUAk6",
    "prediction": "mirror",
    "actual": "window"
  },
  "LqQSkRfPRjbWBwDicmVt5h": {
    "question_id": "LqQSkRfPRjbWBwDicmVt5h",
    "prediction": "services",
    "actual": "clean"
  },
  "LygyAJXhmSDTBfc6cAtztt": {
    "question_id": "LygyAJXhmSDTBfc6cAtztt",
    "prediction": "bicycle",
    "actual": "motorcycle"
  },
  "M46zwhVtTDuYcfKTvw5Bsk": {
    "question_id": "M46zwhVtTDuYcfKTvw5Bsk",
    "prediction": "weeds",
    "actual": "balls"
  },
  "MAH3KC3SWvoTum6Ja75hB3": {
    "question_id": "MAH3KC3SWvoTum6Ja75hB3",
    "prediction": "six",
    "actual": "two"
  },
  "MAPPrc68FM8HwQsJHE6W2q": {
    "question_id": "MAPPrc68FM8HwQsJHE6W2q",
    "prediction": "paper",
    "actual": "race"
  },
  "MRauFRDpB55J3mf5RKCbJH": {
    "question_id": "MRauFRDpB55J3mf5RKCbJH",
    "prediction": "washing hands",
    "actual": "taking selfie"
  },
  "MXNuoDzTufsnkH3TEQS9P3": {
    "question_id": "MXNuoDzTufsnkH3TEQS9P3",
    "prediction": "protection",
    "actual": "warmth"
  },
  "MajM5Byv84DD34XWtgDTEu": {
    "question_id": "MajM5Byv84DD34XWtgDTEu",
    "prediction": "stray dog",
    "actual": "domestic pet"
  },
  "MdawSWWcrGZdyq4yMLZRMN": {
    "question_id": "MdawSWWcrGZdyq4yMLZRMN",
    "prediction": "theme park",
    "actual": "sidewalk"
  },
  "MdpQEymVqNWnxqPPxPXxvs": {
    "question_id": "MdpQEymVqNWnxqPPxPXxvs",
    "prediction": "z",
    "actual": "j"
  },
  "MgGUyCE42FnnjzSi8wqRBt": {
    "question_id": "MgGUyCE42FnnjzSi8wqRBt",
    "prediction": "22",
    "actual": "21"
  },
  "Mj2xTvTMWmPfD2AvR3cDQw": {
    "question_id": "Mj2xTvTMWmPfD2AvR3cDQw",
    "prediction": "horse",
    "actual": "elephant"
  },
  "MrMKrCttovt9tvMyUYZytj": {
    "question_id": "MrMKrCttovt9tvMyUYZytj",
    "prediction": "health",
    "actual": "travel"
  },
  "N7m8txH8f6upMQuW8Ek8p8": {
    "question_id": "N7m8txH8f6upMQuW8Ek8p8",
    "prediction": "cowboy boots",
    "actual": "hats"
  },
  "NDUEeMTroLKXs44BF3Z56m": {
    "question_id": "NDUEeMTroLKXs44BF3Z56m",
    "prediction": "tea",
    "actual": "soda"
  },
  "NFMXerxQWMSQACyqHarJre": {
    "question_id": "NFMXerxQWMSQACyqHarJre",
    "prediction": "electricity",
    "actual": "battery"
  },
  "NFgfC2sJF3DkFgY58TDpfy": {
    "question_id": "NFgfC2sJF3DkFgY58TDpfy",
    "prediction": "forehand",
    "actual": "serve"
  },
  "NFhBeZhrxD3NQADiCfwi92": {
    "question_id": "NFhBeZhrxD3NQADiCfwi92",
    "prediction": "fanta",
    "actual": "sprite"
  },
  "NaxFfMbXiDnFeK2TDQpBpL": {
    "question_id": "NaxFfMbXiDnFeK2TDQpBpL",
    "prediction": "government",
    "actual": "educational"
  },
  "NkV76CMuvfSYK7MyjLeTKV": {
    "question_id": "NkV76CMuvfSYK7MyjLeTKV",
    "prediction": "accelerate",
    "actual": "flip"
  },
  "NqPZVF9F8iZ7nXWPUhFTXM": {
    "question_id": "NqPZVF9F8iZ7nXWPUhFTXM",
    "prediction": "chocolate",
    "actual": "carrot"
  },
  "NsLGudV3NNLiYhGjCqbw78": {
    "question_id": "NsLGudV3NNLiYhGjCqbw78",
    "prediction": "hugging",
    "actual": "laughing"
  },
  "NtLrgnLvk747vSc3scsUHn": {
    "question_id": "NtLrgnLvk747vSc3scsUHn",
    "prediction": "jockey",
    "actual": "knight"
  },
  "NzFEWXcTYWqgrRXUnqVK6h": {
    "question_id": "NzFEWXcTYWqgrRXUnqVK6h",
    "prediction": "sale",
    "actual": "gift"
  },
  "P4kW6QHjRQjrDBY2YdCNxg": {
    "question_id": "P4kW6QHjRQjrDBY2YdCNxg",
    "prediction": "eat",
    "actual": "cross street"
  },
  "P6oCrLWLEpt8yyJ6x9AbAd": {
    "question_id": "P6oCrLWLEpt8yyJ6x9AbAd",
    "prediction": "vienna",
    "actual": "cologne germany"
  },
  "P8dF9URdgyA2NX7Na7Cc2K": {
    "question_id": "P8dF9URdgyA2NX7Na7Cc2K",
    "prediction": "bowl",
    "actual": "coffee maker"
  },
  "PB2RjD5RMSqbGxT9c2cAwU": {
    "question_id": "PB2RjD5RMSqbGxT9c2cAwU",
    "prediction": "cargo",
    "actual": "mail"
  },
  "PBPtqNj8ChAWcqKW5qxQvR": {
    "question_id": "PBPtqNj8ChAWcqKW5qxQvR",
    "prediction": "triangle",
    "actual": "sphere"
  },
  "PCGypGVa3Wc6gUBSHQVWmR": {
    "question_id": "PCGypGVa3Wc6gUBSHQVWmR",
    "prediction": "1389",
    "actual": "1369"
  },
  "PCU3paJyftQe8M3s4T6ZVd": {
    "question_id": "PCU3paJyftQe8M3s4T6ZVd",
    "prediction": "pimples",
    "actual": "wrinkles"
  },
  "PPFTmUK9jTLmCYzJ8UK7Bf": {
    "question_id": "PPFTmUK9jTLmCYzJ8UK7Bf",
    "prediction": "house",
    "actual": "museum"
  },
  "PPGK4QYUUdYhLhBKKfPCp3": {
    "question_id": "PPGK4QYUUdYhLhBKKfPCp3",
    "prediction": "painting",
    "actual": "pottery"
  },
  "PPGegcRPeAJZ58gfYTUAZH": {
    "question_id": "PPGegcRPeAJZ58gfYTUAZH",
    "prediction": "farm",
    "actual": "roadside stand"
  },
  "PR3YdLbDHdwHNJENygZqBa": {
    "question_id": "PR3YdLbDHdwHNJENygZqBa",
    "prediction": "rainy",
    "actual": "warm"
  },
  "PSBwpAo47YDwimGuqy75Pm": {
    "question_id": "PSBwpAo47YDwimGuqy75Pm",
    "prediction": "24",
    "actual": "four"
  },
  "PZuvxsHTeR4DzXQN7DQR59": {
    "question_id": "PZuvxsHTeR4DzXQN7DQR59",
    "prediction": "sun shield",
    "actual": "bug shield"
  },
  "PceZftPFbFZ7xbF3urpTvL": {
    "question_id": "PceZftPFbFZ7xbF3urpTvL",
    "prediction": "one",
    "actual": "two"
  },
  "PhDYZ98CbMyiiLytoTmBh6": {
    "question_id": "PhDYZ98CbMyiiLytoTmBh6",
    "prediction": "freeze",
    "actual": "heat"
  },
  "PmWMsFgyX6apXWit2Z87aj": {
    "question_id": "PmWMsFgyX6apXWit2Z87aj",
    "prediction": "book",
    "actual": "magazine"
  },
  "Q6BuYZYZySn9YZXf8iBwXD": {
    "question_id": "Q6BuYZYZySn9YZXf8iBwXD",
    "prediction": "one",
    "actual": "two"
  },
  "Q7cdndwDheQypkx5d6WvbN": {
    "question_id": "Q7cdndwDheQypkx5d6WvbN",
    "prediction": "teacher",
    "actual": "clown"
  },
  "QBfzUChLwDv8fW2akWWDxP": {
    "question_id": "QBfzUChLwDv8fW2akWWDxP",
    "prediction": "dog",
    "actual": "board"
  },
  "QJvRFzyGr6FEDrTqLohf7D": {
    "question_id": "QJvRFzyGr6FEDrTqLohf7D",
    "prediction": "parking meters",
    "actual": "fire hydrants"
  },
  "QU5GGV7TZU2xWvdPz946Ka": {
    "question_id": "QU5GGV7TZU2xWvdPz946Ka",
    "prediction": "motor cycle",
    "actual": "bicycle"
  },
  "QWLm7RxL6afwhBVm2WiMV7": {
    "question_id": "QWLm7RxL6afwhBVm2WiMV7",
    "prediction": "backpack",
    "actual": "gloves"
  },
  "QaL6hj3FGdpRMLEAiN6aFY": {
    "question_id": "QaL6hj3FGdpRMLEAiN6aFY",
    "prediction": "block sun",
    "actual": "repelling rain"
  },
  "QgbaJEnafjdsdWx5ReQAPn": {
    "question_id": "QgbaJEnafjdsdWx5ReQAPn",
    "prediction": "electricity",
    "actual": "magnetic force"
  },
  "Qn9fw2mFC5bWG7CjQvir9s": {
    "question_id": "Qn9fw2mFC5bWG7CjQvir9s",
    "prediction": "change tracks",
    "actual": "stop"
  },
  "Qqu6VC6u393vD5MFN4nLKC": {
    "question_id": "Qqu6VC6u393vD5MFN4nLKC",
    "prediction": "break-up",
    "actual": "bond"
  },
  "Qs2pN4dnREpNWB3Faxrwfy": {
    "question_id": "Qs2pN4dnREpNWB3Faxrwfy",
    "prediction": "projection",
    "actual": "two way"
  },
  "Qv49BJttrdU8moobFFSe58": {
    "question_id": "Qv49BJttrdU8moobFFSe58",
    "prediction": "path",
    "actual": "poles"
  },
  "R5zKF5LPj53tXkChG4Mq7M": {
    "question_id": "R5zKF5LPj53tXkChG4Mq7M",
    "prediction": "boat",
    "actual": "bicycle"
  },
  "RBwzjVcACZNAqMHpPZbv4i": {
    "question_id": "RBwzjVcACZNAqMHpPZbv4i",
    "prediction": "stacking plates",
    "actual": "drainage"
  },
  "RFLRY32jbKYv8NBsmVtX7x": {
    "question_id": "RFLRY32jbKYv8NBsmVtX7x",
    "prediction": "gas leak",
    "actual": "water"
  },
  "RFYFh4DWWiKWEQZW6uR4Uh": {
    "question_id": "RFYFh4DWWiKWEQZW6uR4Uh",
    "prediction": "coach",
    "actual": "athlete"
  },
  "RHuE3kjsrxziVFTSuHGQTD": {
    "question_id": "RHuE3kjsrxziVFTSuHGQTD",
    "prediction": "wolf",
    "actual": "horse"
  },
  "ReR5LFFQDGRsrWasGqvdx4": {
    "question_id": "ReR5LFFQDGRsrWasGqvdx4",
    "prediction": "no parking",
    "actual": "pedestrian"
  },
  "Rpy3Dcuk4GLi5NsNq5Xzgt": {
    "question_id": "Rpy3Dcuk4GLi5NsNq5Xzgt",
    "prediction": "plus",
    "actual": "exclamation"
  },
  "RxPKF64GYxeyCLiP32aKf5": {
    "question_id": "RxPKF64GYxeyCLiP32aKf5",
    "prediction": "ohio",
    "actual": "illinois"
  },
  "RxjgZeBYRVwq53iUfWx6pU": {
    "question_id": "RxjgZeBYRVwq53iUfWx6pU",
    "prediction": "wash dishes",
    "actual": "dry hands"
  },
  "S2UN3nzSfNpeyBMH2GUyCk": {
    "question_id": "S2UN3nzSfNpeyBMH2GUyCk",
    "prediction": "restaurant",
    "actual": "plane"
  },
  "S7PYnsJCcBfWFtnzXnAayU": {
    "question_id": "S7PYnsJCcBfWFtnzXnAayU",
    "prediction": "throw",
    "actual": "swing"
  },
  "SA8eYDyzQYZXZRykahrGmf": {
    "question_id": "SA8eYDyzQYZXZRykahrGmf",
    "prediction": "right hand",
    "actual": "left hand"
  },
  "SDfSmLAeRRq77jeB3mdieQ": {
    "question_id": "SDfSmLAeRRq77jeB3mdieQ",
    "prediction": "blanket",
    "actual": "sleeping bag"
  },
  "SGt3LAcTjvTtjzjBAtJsCd": {
    "question_id": "SGt3LAcTjvTtjzjBAtJsCd",
    "prediction": "upper-right",
    "actual": "bottom-right"
  },
  "Sd9FAqZwhabNaWzRUftozo": {
    "question_id": "Sd9FAqZwhabNaWzRUftozo",
    "prediction": "welcome",
    "actual": "love us"
  },
  "SdAdWFmnnNenYAp5iLkkSM": {
    "question_id": "SdAdWFmnnNenYAp5iLkkSM",
    "prediction": "eat",
    "actual": "drink water"
  },
  "Se8YypiBrjwXhwCmjyDjtK": {
    "question_id": "Se8YypiBrjwXhwCmjyDjtK",
    "prediction": "wildebeest",
    "actual": "flamingo"
  },
  "Sk8wJePwpdzCXP4WzjbGdu": {
    "question_id": "Sk8wJePwpdzCXP4WzjbGdu",
    "prediction": "sleeping",
    "actual": "reading"
  },
  "SoTQafEnfUD2Y8PJj7uSH5": {
    "question_id": "SoTQafEnfUD2Y8PJj7uSH5",
    "prediction": "record player",
    "actual": "tv"
  },
  "Svs8fentMLQ8L3ApAisjeQ": {
    "question_id": "Svs8fentMLQ8L3ApAisjeQ",
    "prediction": "legume",
    "actual": "meat"
  },
  "Swg6UuWx3sV6rx6mLKYwZz": {
    "question_id": "Swg6UuWx3sV6rx6mLKYwZz",
    "prediction": "cup",
    "actual": "cooler"
  },
  "SwkgX6iwJ3do4mFyGFad4H": {
    "question_id": "SwkgX6iwJ3do4mFyGFad4H",
    "prediction": "wisk",
    "actual": "spatula"
  },
  "T4VcxwB778ZJZ8ggDRcct6": {
    "question_id": "T4VcxwB778ZJZ8ggDRcct6",
    "prediction": "water",
    "actual": "clouds"
  },
  "T8Mak9BHbJd5WqH2jhjBZo": {
    "question_id": "T8Mak9BHbJd5WqH2jhjBZo",
    "prediction": "ryan",
    "actual": "michael"
  },
  "TAKCfAy3yDzuEtuq994hdn": {
    "question_id": "TAKCfAy3yDzuEtuq994hdn",
    "prediction": "waiter",
    "actual": "groom"
  },
  "TCXSs2iG5qmduZYmRir2cK": {
    "question_id": "TCXSs2iG5qmduZYmRir2cK",
    "prediction": "brackish",
    "actual": "fresh"
  },
  "TiHYTuQWNZA5Ui4kwswtvh": {
    "question_id": "TiHYTuQWNZA5Ui4kwswtvh",
    "prediction": "white",
    "actual": "black"
  },
  "TnkZofftZctoj8bFNzg2kH": {
    "question_id": "TnkZofftZctoj8bFNzg2kH",
    "prediction": "teenagers",
    "actual": "seniors"
  },
  "UCbMvJEQ5bXNnFJMtybA48": {
    "question_id": "UCbMvJEQ5bXNnFJMtybA48",
    "prediction": "vcr",
    "actual": "computer"
  },
  "UVVFCjjDrqyaKa34tF54pS": {
    "question_id": "UVVFCjjDrqyaKa34tF54pS",
    "prediction": "living room",
    "actual": "entryway"
  },
  "UYMVq2rDCFNVv8gsP6dhdH": {
    "question_id": "UYMVq2rDCFNVv8gsP6dhdH",
    "prediction": "three",
    "actual": "two"
  },
  "UpTNoSajrD27GvfoAdVnsC": {
    "question_id": "UpTNoSajrD27GvfoAdVnsC",
    "prediction": "five",
    "actual": "four"
  },
  "Uv8wsVRaJmguTknDUJBCXS": {
    "question_id": "Uv8wsVRaJmguTknDUJBCXS",
    "prediction": "ducks",
    "actual": "canadian geese"
  },
  "V7eH795GEYSJkaUNCkCp7A": {
    "question_id": "V7eH795GEYSJkaUNCkCp7A",
    "prediction": "drinking coffee",
    "actual": "holding pencils"
  },
  "VDb8JjxzQRA5pssoPHup4M": {
    "question_id": "VDb8JjxzQRA5pssoPHup4M",
    "prediction": "glad",
    "actual": "fun"
  },
  "VEYdFufFnzaDwFg4HBBcYY": {
    "question_id": "VEYdFufFnzaDwFg4HBBcYY",
    "prediction": "sitting",
    "actual": "standing"
  },
  "VJ43YwLMKZXTSbGAg9waNa": {
    "question_id": "VJ43YwLMKZXTSbGAg9waNa",
    "prediction": "champagne",
    "actual": "water"
  },
  "VKDkZzDN4KTFxGbh2KrgSf": {
    "question_id": "VKDkZzDN4KTFxGbh2KrgSf",
    "prediction": "turkey",
    "actual": "china"
  },
  "Vaycw3C7ENGUZ9YnzCz5TU": {
    "question_id": "Vaycw3C7ENGUZ9YnzCz5TU",
    "prediction": "lard",
    "actual": "water"
  },
  "VdepsSMSGD3FJyBybbLsFD": {
    "question_id": "VdepsSMSGD3FJyBybbLsFD",
    "prediction": "petted",
    "actual": "exercise"
  },
  "VdwJzCL5W2Sfytj5sRWhvV": {
    "question_id": "VdwJzCL5W2Sfytj5sRWhvV",
    "prediction": "stare",
    "actual": "eat left-handed"
  },
  "VfFoJ6PWrs7H65Tw6eP9PS": {
    "question_id": "VfFoJ6PWrs7H65Tw6eP9PS",
    "prediction": "trackpad",
    "actual": "mouse"
  },
  "VgxPdtgxpLKqHGCvaCyHcC": {
    "question_id": "VgxPdtgxpLKqHGCvaCyHcC",
    "prediction": "park",
    "actual": "overpass"
  },
  "W5p2HmLoUaWjYqMkHyhK8Q": {
    "question_id": "W5p2HmLoUaWjYqMkHyhK8Q",
    "prediction": "right field",
    "actual": "left field"
  },
  "W7NENqwhQdUFDHrkxS2Ch6": {
    "question_id": "W7NENqwhQdUFDHrkxS2Ch6",
    "prediction": "rain",
    "actual": "glass"
  },
  "WBdKcgLeFsoBqW8cqnzsLe": {
    "question_id": "WBdKcgLeFsoBqW8cqnzsLe",
    "prediction": "jelly",
    "actual": "hole"
  },
  "WZt7xFyvPGqx93xZmhCFb7": {
    "question_id": "WZt7xFyvPGqx93xZmhCFb7",
    "prediction": "welcome",
    "actual": "green"
  },
  "WapXzWUgE3zgx5n3fVGUjS": {
    "question_id": "WapXzWUgE3zgx5n3fVGUjS",
    "prediction": "torn",
    "actual": "hole punch"
  },
  "WgS2856ezvnQAZMmfrUitJ": {
    "question_id": "WgS2856ezvnQAZMmfrUitJ",
    "prediction": "mud",
    "actual": "snow"
  },
  "WhPka9j3UV3XKdiqHbupMJ": {
    "question_id": "WhPka9j3UV3XKdiqHbupMJ",
    "prediction": "right elephant",
    "actual": "long-haired person"
  },
  "WiVE6Ym7B7ZgEZQjBUsA5N": {
    "question_id": "WiVE6Ym7B7ZgEZQjBUsA5N",
    "prediction": "batters box",
    "actual": "batting tee"
  },
  "WnCzZybnZ7YyuDvJ62YLyt": {
    "question_id": "WnCzZybnZ7YyuDvJ62YLyt",
    "prediction": "pilots",
    "actual": "airport"
  },
  "WojdRVndpCBeqpSk3roFjk": {
    "question_id": "WojdRVndpCBeqpSk3roFjk",
    "prediction": "led",
    "actual": "compact fluorescent"
  },
  "Wz68Xn6EZYE34pM3RG2zNH": {
    "question_id": "Wz68Xn6EZYE34pM3RG2zNH",
    "prediction": "umpire",
    "actual": "pitcher"
  },
  "XAvbeZ5Rqjf9hb6eDnVNhQ": {
    "question_id": "XAvbeZ5Rqjf9hb6eDnVNhQ",
    "prediction": "summer",
    "actual": "fall"
  },
  "XJXTjtpd7XoK9uTnTUkHSW": {
    "question_id": "XJXTjtpd7XoK9uTnTUkHSW",
    "prediction": "50",
    "actual": "30"
  },
  "XMnwGhrkndZXRyKaXNYkAv": {
    "question_id": "XMnwGhrkndZXRyKaXNYkAv",
    "prediction": "amazon",
    "actual": "usps"
  },
  "XSdfYndeSP25Dm2T5e5Bd4": {
    "question_id": "XSdfYndeSP25Dm2T5e5Bd4",
    "prediction": "wasps",
    "actual": "sheep"
  },
  "XYmNkcLb88NVASUfFkcMXC": {
    "question_id": "XYmNkcLb88NVASUfFkcMXC",
    "prediction": "water",
    "actual": "alcohol"
  },
  "XZFLgzvvF4CfTaEbBLCkDV": {
    "question_id": "XZFLgzvvF4CfTaEbBLCkDV",
    "prediction": "september",
    "actual": "june"
  },
  "XaVW3KQGzwUPCJeYwr99F6": {
    "question_id": "XaVW3KQGzwUPCJeYwr99F6",
    "prediction": "decorations",
    "actual": "exhibition"
  },
  "XfKzDoDZwVcQqTPF6xzjbs": {
    "question_id": "XfKzDoDZwVcQqTPF6xzjbs",
    "prediction": "parking",
    "actual": "speeding"
  },
  "XkEu3gmYW23qTivgmHP3fN": {
    "question_id": "XkEu3gmYW23qTivgmHP3fN",
    "prediction": "stop",
    "actual": "go"
  },
  "XogitwSQqMuD3ABqp25hgF": {
    "question_id": "XogitwSQqMuD3ABqp25hgF",
    "prediction": "valet",
    "actual": "parallel"
  },
  "XpWyazzxv9nAYHcqKswwD7": {
    "question_id": "XpWyazzxv9nAYHcqKswwD7",
    "prediction": "scissors",
    "actual": "bottle"
  },
  "XsmK9BGTpRCeMYeF7Lq43Q": {
    "question_id": "XsmK9BGTpRCeMYeF7Lq43Q",
    "prediction": "heelflip",
    "actual": "rail grind"
  },
  "YRPvUijZr6hbuQgiyVDRqE": {
    "question_id": "YRPvUijZr6hbuQgiyVDRqE",
    "prediction": "single exposed",
    "actual": "double exposed"
  },
  "Yf5ytZ8Hnk3NwYSf6YmBnB": {
    "question_id": "Yf5ytZ8Hnk3NwYSf6YmBnB",
    "prediction": "lamp",
    "actual": "laptop screen"
  },
  "YfFNHQEnioSZJwnStCSHar": {
    "question_id": "YfFNHQEnioSZJwnStCSHar",
    "prediction": "to hunt",
    "actual": "keeping captive"
  },
  "YjzdYbFMe3DLJstKyxejEm": {
    "question_id": "YjzdYbFMe3DLJstKyxejEm",
    "prediction": "drink",
    "actual": "lighter"
  },
  "YkoPwAEMfgMqGRxLyzEXpz": {
    "question_id": "YkoPwAEMfgMqGRxLyzEXpz",
    "prediction": "dinner",
    "actual": "breakfast"
  },
  "YofsNmbN6XCqNdfHTBmzNq": {
    "question_id": "YofsNmbN6XCqNdfHTBmzNq",
    "prediction": "plastic",
    "actual": "acrylic"
  },
  "Yzs9cYUUiiJWUzXRFsu3Qy": {
    "question_id": "Yzs9cYUUiiJWUzXRFsu3Qy",
    "prediction": "six",
    "actual": "zero"
  },
  "Z5m3QsQ5uikUE6AwWUufzg": {
    "question_id": "Z5m3QsQ5uikUE6AwWUufzg",
    "prediction": "kitchen",
    "actual": "large closet"
  },
  "ZBUSChQQGFWkXRQZcUxtrM": {
    "question_id": "ZBUSChQQGFWkXRQZcUxtrM",
    "prediction": "oled",
    "actual": "crt"
  },
  "ZBZcWNW8gabo3RcNZu7Awj": {
    "question_id": "ZBZcWNW8gabo3RcNZu7Awj",
    "prediction": "making dinner",
    "actual": "selling pizzas"
  },
  "ZCGhDHZtMcwGAY36U6XwQL": {
    "question_id": "ZCGhDHZtMcwGAY36U6XwQL",
    "prediction": "blue color",
    "actual": "white car"
  },
  "ZH4XEMQDqCEqeyqX8ruMqf": {
    "question_id": "ZH4XEMQDqCEqeyqX8ruMqf",
    "prediction": "having lunch",
    "actual": "tea party"
  },
  "ZVKndGxjdDtnrmsRUfRPxX": {
    "question_id": "ZVKndGxjdDtnrmsRUfRPxX",
    "prediction": "angus",
    "actual": "hereford"
  },
  "ZWw8aaWWifdcZdMU7Pmgcg": {
    "question_id": "ZWw8aaWWifdcZdMU7Pmgcg",
    "prediction": "nineteen",
    "actual": "seventeen"
  },
  "ZYdDiWXC3SqAFxW7ANe8Tk": {
    "question_id": "ZYdDiWXC3SqAFxW7ANe8Tk",
    "prediction": "swan",
    "actual": "albatross"
  },
  "ZdLaJyLJrM3UyQfks4vPz4": {
    "question_id": "ZdLaJyLJrM3UyQfks4vPz4",
    "prediction": "vitamin store",
    "actual": "convenience store"
  },
  "ZeUzimMiTU6aJb3tFM7ie3": {
    "question_id": "ZeUzimMiTU6aJb3tFM7ie3",
    "prediction": "arctic",
    "actual": "tropical"
  },
  "ZjapTLh575MHGLJLdT5wkE": {
    "question_id": "ZjapTLh575MHGLJLdT5wkE",
    "prediction": "hunting",
    "actual": "smoking"
  },
  "Zkx2Q6dT8tpX5CaHAVoLzA": {
    "question_id": "Zkx2Q6dT8tpX5CaHAVoLzA",
    "prediction": "cat",
    "actual": "plant"
  },
  "ZtyPK2Y2iMngTE2jBMJQpP": {
    "question_id": "ZtyPK2Y2iMngTE2jBMJQpP",
    "prediction": "diesel",
    "actual": "electric"
  },
  "a2NwsGL4TDKVjb89XHSn5i": {
    "question_id": "a2NwsGL4TDKVjb89XHSn5i",
    "prediction": "chess",
    "actual": "draughts"
  },
  "a8KA5MV9JnCTqyHCeKCfEW": {
    "question_id": "a8KA5MV9JnCTqyHCeKCfEW",
    "prediction": "egg yolk",
    "actual": "sky"
  },
  "aC77EkAro3tybKmAJPUAH4": {
    "question_id": "aC77EkAro3tybKmAJPUAH4",
    "prediction": "skates",
    "actual": "safety"
  },
  "aDVS7CNLi2et7Uf7kEEZeQ": {
    "question_id": "aDVS7CNLi2et7Uf7kEEZeQ",
    "prediction": "teasing",
    "actual": "for food"
  },
  "aJHeEgCPQ2LCEwtsZWbd9Q": {
    "question_id": "aJHeEgCPQ2LCEwtsZWbd9Q",
    "prediction": "signs",
    "actual": "crane"
  },
  "aX3pLQW2CigHrJVVMETaey": {
    "question_id": "aX3pLQW2CigHrJVVMETaey",
    "prediction": "65",
    "actual": "30"
  },
  "aXNsPe9LnRuqorhKQ9McLC": {
    "question_id": "aXNsPe9LnRuqorhKQ9McLC",
    "prediction": "11",
    "actual": "one"
  },
  "adCKLgHUzBBhEmMyf8s8tW": {
    "question_id": "adCKLgHUzBBhEmMyf8s8tW",
    "prediction": "cheese",
    "actual": "fruit"
  },
  "akDNCt5XCGvjw33C3ong5d": {
    "question_id": "akDNCt5XCGvjw33C3ong5d",
    "prediction": "brunch",
    "actual": "dinner"
  },
  "aoGyPaA6ZWkaQSZYXwdyEw": {
    "question_id": "aoGyPaA6ZWkaQSZYXwdyEw",
    "prediction": "corvette",
    "actual": "mustang"
  },
  "awiLcr766TJkZENT7kBLBR": {
    "question_id": "awiLcr766TJkZENT7kBLBR",
    "prediction": "strike",
    "actual": "nothing"
  },
  "axQQHVN8GNWTHu4B4fzqaF": {
    "question_id": "axQQHVN8GNWTHu4B4fzqaF",
    "prediction": "standing",
    "actual": "squatting"
  },
  "b2photCPzvgmyTJXLzEgbW": {
    "question_id": "b2photCPzvgmyTJXLzEgbW",
    "prediction": "yellow",
    "actual": "cream"
  },
  "b5XoCkzFXxELg4R5SP4uEf": {
    "question_id": "b5XoCkzFXxELg4R5SP4uEf",
    "prediction": "frisbee",
    "actual": "ring toss"
  },
  "b6tZAg7f28UHbins7nWcpo": {
    "question_id": "b6tZAg7f28UHbins7nWcpo",
    "prediction": "boiled",
    "actual": "roasted"
  },
  "bAZ4e6x3iLpkJMi8joS9mw": {
    "question_id": "bAZ4e6x3iLpkJMi8joS9mw",
    "prediction": "hairless",
    "actual": "fluffy"
  },
  "bCewJfNy7SdgVeNaQrbTN9": {
    "question_id": "bCewJfNy7SdgVeNaQrbTN9",
    "prediction": "glass",
    "actual": "clay"
  },
  "bTGQFiRVpf3sA2KURQcTQU": {
    "question_id": "bTGQFiRVpf3sA2KURQcTQU",
    "prediction": "boat",
    "actual": "train"
  },
  "bfr2EuyWxuSqeL23qocAe4": {
    "question_id": "bfr2EuyWxuSqeL23qocAe4",
    "prediction": "steel",
    "actual": "wood"
  },
  "bgFM5EQ66AGQWorBoJzymJ": {
    "question_id": "bgFM5EQ66AGQWorBoJzymJ",
    "prediction": "five",
    "actual": "three"
  },
  "bkDub4yWQqeZVboUxpBCAd": {
    "question_id": "bkDub4yWQqeZVboUxpBCAd",
    "prediction": "bedroom",
    "actual": "restroom"
  },
  "bp87frxTcBx6bA7KtzDFp7": {
    "question_id": "bp87frxTcBx6bA7KtzDFp7",
    "prediction": "trail",
    "actual": "street"
  },
  "bsEAp6tE9zHfcQ2ZASJYbZ": {
    "question_id": "bsEAp6tE9zHfcQ2ZASJYbZ",
    "prediction": "fighting predators",
    "actual": "eating leaves"
  },
  "bt6WFDHUBaFadif2oq3h4k": {
    "question_id": "bt6WFDHUBaFadif2oq3h4k",
    "prediction": "eating",
    "actual": "running"
  },
  "c7bJDbwpd27BqNaJzK9ubb": {
    "question_id": "c7bJDbwpd27BqNaJzK9ubb",
    "prediction": "to dry",
    "actual": "to sell"
  },
  "cHj9fNtX8oN4JATDhDUC4T": {
    "question_id": "cHj9fNtX8oN4JATDhDUC4T",
    "prediction": "dog",
    "actual": "human"
  },
  "caoMCyFq9e2eNFohbFzEWN": {
    "question_id": "caoMCyFq9e2eNFohbFzEWN",
    "prediction": "stop",
    "actual": "go"
  },
  "chXZTHvYp7pFsdQhLyAC9F": {
    "question_id": "chXZTHvYp7pFsdQhLyAC9F",
    "prediction": "tennis lesson",
    "actual": "tennis competition"
  },
  "ciMU7f8NdZMAwQJDmPrmcH": {
    "question_id": "ciMU7f8NdZMAwQJDmPrmcH",
    "prediction": "bengal",
    "actual": "tuna"
  },
  "ckEWdFtXTjmNaM5gGbqQH4": {
    "question_id": "ckEWdFtXTjmNaM5gGbqQH4",
    "prediction": "run",
    "actual": "eat"
  },
  "cmDRUcNRtcvVpHzURp8W45": {
    "question_id": "cmDRUcNRtcvVpHzURp8W45",
    "prediction": "malfunctioning",
    "actual": "late night"
  },
  "cmnswk6vTNcnbewMUPmnv8": {
    "question_id": "cmnswk6vTNcnbewMUPmnv8",
    "prediction": "depressed",
    "actual": "happy"
  },
  "cpFBV7cMfv53fdwaaWiWGt": {
    "question_id": "cpFBV7cMfv53fdwaaWiWGt",
    "prediction": "laundry",
    "actual": "kitchen"
  },
  "crFTuf4oK8K3SqFqWe7d8X": {
    "question_id": "crFTuf4oK8K3SqFqWe7d8X",
    "prediction": "green",
    "actual": "orange"
  },
  "cw76LXiDncor4xpkaWcaDX": {
    "question_id": "cw76LXiDncor4xpkaWcaDX",
    "prediction": "foxes",
    "actual": "cats"
  },
  "dGNtvZFEJbcK6dbZNuPfPq": {
    "question_id": "dGNtvZFEJbcK6dbZNuPfPq",
    "prediction": "pooing",
    "actual": "playing"
  },
  "dTa8nkCw9jfvKMzHmdvYCT": {
    "question_id": "dTa8nkCw9jfvKMzHmdvYCT",
    "prediction": "floor",
    "actual": "ceiling"
  },
  "dYPm6FoCySuwWSw7pPbTKC": {
    "question_id": "dYPm6FoCySuwWSw7pPbTKC",
    "prediction": "sandcastles",
    "actual": "snowman"
  },
  "da6PS4adVsfrcADUNQ8GMx": {
    "question_id": "da6PS4adVsfrcADUNQ8GMx",
    "prediction": "four",
    "actual": "two"
  },
  "ddjEou8vsFUmvEAvgXxh8n": {
    "question_id": "ddjEou8vsFUmvEAvgXxh8n",
    "prediction": "referees",
    "actual": "photographers"
  },
  "dgiMniYGqfUmHnVDLJdayu": {
    "question_id": "dgiMniYGqfUmHnVDLJdayu",
    "prediction": "fedora",
    "actual": "baseball cap"
  },
  "dohJioF4j23dw6b8AgCxqx": {
    "question_id": "dohJioF4j23dw6b8AgCxqx",
    "prediction": "backhand",
    "actual": "forehand"
  },
  "dqTfuzYZnbZ4MTNFc9Zkeb": {
    "question_id": "dqTfuzYZnbZ4MTNFc9Zkeb",
    "prediction": "daisy",
    "actual": "pointsettia"
  },
  "dsj5pM6cKMWbpv8viqkUyN": {
    "question_id": "dsj5pM6cKMWbpv8viqkUyN",
    "prediction": "parking",
    "actual": "roundabout"
  },
  "dwxReu6Xio6pQQxjps3Xtj": {
    "question_id": "dwxReu6Xio6pQQxjps3Xtj",
    "prediction": "camera",
    "actual": "phone"
  },
  "e2tBLmwDciwSoY7nqUsS2D": {
    "question_id": "e2tBLmwDciwSoY7nqUsS2D",
    "prediction": "climbing",
    "actual": "propulsion"
  },
  "e7mX2aASmkZwAXRiHbK6QZ": {
    "question_id": "e7mX2aASmkZwAXRiHbK6QZ",
    "prediction": "70",
    "actual": "60"
  },
  "eEb8jhgNYqiJED63DeAKVT": {
    "question_id": "eEb8jhgNYqiJED63DeAKVT",
    "prediction": "left person",
    "actual": "right person"
  },
  "eNrkV5MyWHSeR6F7jbf3Fm": {
    "question_id": "eNrkV5MyWHSeR6F7jbf3Fm",
    "prediction": "books",
    "actual": "remote controls"
  },
  "eVSP3pkyjc7WXrz4KPd2rz": {
    "question_id": "eVSP3pkyjc7WXrz4KPd2rz",
    "prediction": "feet",
    "actual": "teeth"
  },
  "ec8EjipayMWjJLnwsWsrD3": {
    "question_id": "ec8EjipayMWjJLnwsWsrD3",
    "prediction": "wakeboard",
    "actual": "surfboard"
  },
  "ee4bPHg93VdP6dqmUAGtbg": {
    "question_id": "ee4bPHg93VdP6dqmUAGtbg",
    "prediction": "bmw",
    "actual": "volvo"
  },
  "efPGEhVYzatJbs8HcmV9rW": {
    "question_id": "efPGEhVYzatJbs8HcmV9rW",
    "prediction": "wedding",
    "actual": "home"
  },
  "eiLeNz2CFKYS7AFZDXrKEM": {
    "question_id": "eiLeNz2CFKYS7AFZDXrKEM",
    "prediction": "family",
    "actual": "class"
  },
  "eiTuwtpwaP6LXCBDdhRfUU": {
    "question_id": "eiTuwtpwaP6LXCBDdhRfUU",
    "prediction": "oven",
    "actual": "grill"
  },
  "eknnNjTPL6m3PBzaxLZbbh": {
    "question_id": "eknnNjTPL6m3PBzaxLZbbh",
    "prediction": "bookshelf",
    "actual": "table"
  },
  "f5nsFmeqGkf4zfaSVk4ocX": {
    "question_id": "f5nsFmeqGkf4zfaSVk4ocX",
    "prediction": "mother",
    "actual": "daughter"
  },
  "fANoeH2ASUFa5ZeVzBYwjF": {
    "question_id": "fANoeH2ASUFa5ZeVzBYwjF",
    "prediction": "chatting",
    "actual": "eating"
  },
  "fBq7g59duqhmbqAtjWY5xf": {
    "question_id": "fBq7g59duqhmbqAtjWY5xf",
    "prediction": "mcdonald's",
    "actual": "dr. pepper"
  },
  "fLRvDM4xG4ag8n4JC6CUQz": {
    "question_id": "fLRvDM4xG4ag8n4JC6CUQz",
    "prediction": "backpack",
    "actual": "teddy bear"
  },
  "fQxikBu5n7M2LWh5xV2BAb": {
    "question_id": "fQxikBu5n7M2LWh5xV2BAb",
    "prediction": "kickflip",
    "actual": "grind"
  },
  "fUKdZK7FEHkWsjtLTeajkn": {
    "question_id": "fUKdZK7FEHkWsjtLTeajkn",
    "prediction": "detroit",
    "actual": "seattle"
  },
  "fVBJLwGMCV6Dq9cEaGyrq3": {
    "question_id": "fVBJLwGMCV6Dq9cEaGyrq3",
    "prediction": "flat screen",
    "actual": "console"
  },
  "fVxFwdk685zsCqsk7PvKM3": {
    "question_id": "fVxFwdk685zsCqsk7PvKM3",
    "prediction": "top",
    "actual": "bottom"
  },
  "fpgzreGfZFZQjPFocePhFo": {
    "question_id": "fpgzreGfZFZQjPFocePhFo",
    "prediction": "fog",
    "actual": "snow"
  },
  "fxWzXTapRBT3NJNiL9yuX6": {
    "question_id": "fxWzXTapRBT3NJNiL9yuX6",
    "prediction": "handicapped",
    "actual": "blind"
  },
  "g6FBm6c3vQifeHApcPidEZ": {
    "question_id": "g6FBm6c3vQifeHApcPidEZ",
    "prediction": "store",
    "actual": "garage"
  },
  "gBMjiGJJSm7nuM2hmvxURC": {
    "question_id": "gBMjiGJJSm7nuM2hmvxURC",
    "prediction": "orange juice",
    "actual": "wine"
  },
  "gHLMqJkY93TUV94a7tLpoR": {
    "question_id": "gHLMqJkY93TUV94a7tLpoR",
    "prediction": "blow",
    "actual": "town"
  },
  "gR5qY6Tpgq26YAbGrZAwwJ": {
    "question_id": "gR5qY6Tpgq26YAbGrZAwwJ",
    "prediction": "lakeshore",
    "actual": "island"
  },
  "gXBksm4FiAGgUDw3a3EUaF": {
    "question_id": "gXBksm4FiAGgUDw3a3EUaF",
    "prediction": "car",
    "actual": "motorbike"
  },
  "gaHwkDQUiMLveSnrXFQMms": {
    "question_id": "gaHwkDQUiMLveSnrXFQMms",
    "prediction": "end",
    "actual": "crosswalk"
  },
  "gbDHb3RPHzKdwPsEQP6vxs": {
    "question_id": "gbDHb3RPHzKdwPsEQP6vxs",
    "prediction": "canada",
    "actual": "us"
  },
  "gfHjDx5E9L9QMsbgnxSFdm": {
    "question_id": "gfHjDx5E9L9QMsbgnxSFdm",
    "prediction": "honda",
    "actual": "volkswagen"
  },
  "guwEPSB4oc6X2txXJJsomW": {
    "question_id": "guwEPSB4oc6X2txXJJsomW",
    "prediction": "drought",
    "actual": "wind"
  },
  "gzytVm5g6vXWY8VDF7tSEr": {
    "question_id": "gzytVm5g6vXWY8VDF7tSEr",
    "prediction": "bend",
    "actual": "diagonal"
  },
  "h74gXxfogmocHgcRdcoHEg": {
    "question_id": "h74gXxfogmocHgcRdcoHEg",
    "prediction": "carrots",
    "actual": "pineapple"
  },
  "hECCUB8FXovMC5nNPG2itn": {
    "question_id": "hECCUB8FXovMC5nNPG2itn",
    "prediction": "37",
    "actual": "14"
  },
  "hGPYsdTTBmP2uYYGodPkkt": {
    "question_id": "hGPYsdTTBmP2uYYGodPkkt",
    "prediction": "motorcycle",
    "actual": "horse"
  },
  "hLHsuNu5R8Hf8xat2DzcDb": {
    "question_id": "hLHsuNu5R8Hf8xat2DzcDb",
    "prediction": "skyscraper",
    "actual": "government"
  },
  "hTNJXskvyVHvfhYb7Mdp7X": {
    "question_id": "hTNJXskvyVHvfhYb7Mdp7X",
    "prediction": "horse carriage",
    "actual": "truck"
  },
  "hUddfx4tZ3KGtSWFbGphnh": {
    "question_id": "hUddfx4tZ3KGtSWFbGphnh",
    "prediction": "quartet",
    "actual": "trio"
  },
  "hUuZHj9U6dgD53jRBVVYfk": {
    "question_id": "hUuZHj9U6dgD53jRBVVYfk",
    "prediction": "creamer",
    "actual": "sugar"
  },
  "hZV5fCospVTsaMc27Rbvc4": {
    "question_id": "hZV5fCospVTsaMc27Rbvc4",
    "prediction": "car",
    "actual": "bulldozer"
  },
  "hdZWqnfnTxgxXMZ4AJSWtM": {
    "question_id": "hdZWqnfnTxgxXMZ4AJSWtM",
    "prediction": "messy",
    "actual": "tidy"
  },
  "hgamoABdWM75WAPWU2rCdT": {
    "question_id": "hgamoABdWM75WAPWU2rCdT",
    "prediction": "woman",
    "actual": "horses"
  },
  "hrbVpGvQvzUsT7sFzWQWXu": {
    "question_id": "hrbVpGvQvzUsT7sFzWQWXu",
    "prediction": "literature",
    "actual": "film"
  },
  "hrzBKUpTCF5Bp7uvJbjv9Z": {
    "question_id": "hrzBKUpTCF5Bp7uvJbjv9Z",
    "prediction": "green",
    "actual": "purple"
  },
  "hxRkeGBLz5CdxgnXSgiiH7": {
    "question_id": "hxRkeGBLz5CdxgnXSgiiH7",
    "prediction": "stompers",
    "actual": "hooves"
  },
  "i2ZhyTn4CzHyVxCjM6JFP5": {
    "question_id": "i2ZhyTn4CzHyVxCjM6JFP5",
    "prediction": "vegetables",
    "actual": "fruit"
  },
  "iepNGdTWvJFnPbHVTuKmLw": {
    "question_id": "iepNGdTWvJFnPbHVTuKmLw",
    "prediction": "trimaran",
    "actual": "sailing vessel"
  },
  "ijeUcdVFHVYtTABEpPYJCR": {
    "question_id": "ijeUcdVFHVYtTABEpPYJCR",
    "prediction": "for warmth",
    "actual": "uniform"
  },
  "iriWmuGxQfwS4Uj8UE2ojD": {
    "question_id": "iriWmuGxQfwS4Uj8UE2ojD",
    "prediction": "zoo",
    "actual": "wild"
  },
  "isR9iC8cxoXvYQYBacRuzc": {
    "question_id": "isR9iC8cxoXvYQYBacRuzc",
    "prediction": "yellow",
    "actual": "green"
  },
  "j3G4tBe5ga2sVPS2yWYbFM": {
    "question_id": "j3G4tBe5ga2sVPS2yWYbFM",
    "prediction": "serve",
    "actual": "return serve"
  },
  "j4usZ4NoJf62hcBq4GCBc7": {
    "question_id": "j4usZ4NoJf62hcBq4GCBc7",
    "prediction": "mexican",
    "actual": "asian"
  },
  "jDicosLUWpypTQmQkRhC4W": {
    "question_id": "jDicosLUWpypTQmQkRhC4W",
    "prediction": "fedora",
    "actual": "top"
  },
  "jENRJNFPp8S9aqLGkRfkiU": {
    "question_id": "jENRJNFPp8S9aqLGkRfkiU",
    "prediction": "zoo",
    "actual": "home"
  },
  "jJtrzZ4RRXKH8SSVmgw8tp": {
    "question_id": "jJtrzZ4RRXKH8SSVmgw8tp",
    "prediction": "zoo",
    "actual": "wild"
  },
  "jKMHHLCYMYAARWrY2r4KHW": {
    "question_id": "jKMHHLCYMYAARWrY2r4KHW",
    "prediction": "left",
    "actual": "right"
  },
  "jMvTvShVbt7rP82s3rRXxf": {
    "question_id": "jMvTvShVbt7rP82s3rRXxf",
    "prediction": "glass",
    "actual": "paper"
  },
  "jT7i37wypejYFkuDY3xLLg": {
    "question_id": "jT7i37wypejYFkuDY3xLLg",
    "prediction": "printer",
    "actual": "pen"
  },
  "jZ6AjasusNaTDooYZHPv6L": {
    "question_id": "jZ6AjasusNaTDooYZHPv6L",
    "prediction": "class",
    "actual": "formal"
  },
  "jnEMGAZLdvFn9ZgBYUbAUX": {
    "question_id": "jnEMGAZLdvFn9ZgBYUbAUX",
    "prediction": "fall asleep",
    "actual": "wake up"
  },
  "jvRoVpT79gh4dBU94qtsK8": {
    "question_id": "jvRoVpT79gh4dBU94qtsK8",
    "prediction": "phone",
    "actual": "microwave"
  },
  "k3XafzjyDZn8GCzcH9BE5g": {
    "question_id": "k3XafzjyDZn8GCzcH9BE5g",
    "prediction": "eight",
    "actual": "six"
  },
  "k8WjRvSCus9iQjUV6mPbCQ": {
    "question_id": "k8WjRvSCus9iQjUV6mPbCQ",
    "prediction": "bomb squad",
    "actual": "stella artois"
  },
  "kHb4MjmU3bZTRY5qJSrZe7": {
    "question_id": "kHb4MjmU3bZTRY5qJSrZe7",
    "prediction": "backhand",
    "actual": "forehand"
  },
  "kLeQDtR5HUh6L8dbvEzhGe": {
    "question_id": "kLeQDtR5HUh6L8dbvEzhGe",
    "prediction": "refrigerator",
    "actual": "stove/oven"
  },
  "kZWuYe4HefJH33d7GCb4Tk": {
    "question_id": "kZWuYe4HefJH33d7GCb4Tk",
    "prediction": "italian",
    "actual": "japanese"
  },
  "khkvYrTt2t5MTJyJvBNiDR": {
    "question_id": "khkvYrTt2t5MTJyJvBNiDR",
    "prediction": "pepper",
    "actual": "tomato"
  },
  "kpuykmWTony3CofsE8S8Dt": {
    "question_id": "kpuykmWTony3CofsE8S8Dt",
    "prediction": "los angeles",
    "actual": "new york"
  },
  "kqVKk7x35jEP3uXnZR3wBf": {
    "question_id": "kqVKk7x35jEP3uXnZR3wBf",
    "prediction": "fixing",
    "actual": "driving"
  },
  "kqxqUW6zqryU2Cu2oz46fH": {
    "question_id": "kqxqUW6zqryU2Cu2oz46fH",
    "prediction": "horse shoes",
    "actual": "stirrups"
  },
  "ksqkKgifofmUwDS94V5ggP": {
    "question_id": "ksqkKgifofmUwDS94V5ggP",
    "prediction": "sauce",
    "actual": "sandwich pick"
  },
  "kyKhGsfSaSgAxrLEqyWgqq": {
    "question_id": "kyKhGsfSaSgAxrLEqyWgqq",
    "prediction": "seagull",
    "actual": "sandpiper"
  },
  "m4BSqisXuHjv98qLTDT2NE": {
    "question_id": "m4BSqisXuHjv98qLTDT2NE",
    "prediction": "sauteing",
    "actual": "baking"
  },
  "m5WdqTRtUoKxbPMBxJRUtg": {
    "question_id": "m5WdqTRtUoKxbPMBxJRUtg",
    "prediction": "pedestrians",
    "actual": "parking"
  },
  "m7QwuD24FiwpWgFgkzBb7M": {
    "question_id": "m7QwuD24FiwpWgFgkzBb7M",
    "prediction": "man",
    "actual": "woman"
  },
  "m8XZ5DnesmzfsjwMhMsbfe": {
    "question_id": "m8XZ5DnesmzfsjwMhMsbfe",
    "prediction": "pepperoni",
    "actual": "sauce"
  },
  "mDPZ2AJQQx7b6CASimGgGD": {
    "question_id": "mDPZ2AJQQx7b6CASimGgGD",
    "prediction": "grocery store",
    "actual": "pharmacy"
  },
  "mEmUcZuHB6GamJkfCAwtsD": {
    "question_id": "mEmUcZuHB6GamJkfCAwtsD",
    "prediction": "mountains",
    "actual": "hills"
  },
  "mQ4rtN2j9oECfTdyWEczjX": {
    "question_id": "mQ4rtN2j9oECfTdyWEczjX",
    "prediction": "cheering",
    "actual": "stretching"
  },
  "mQJZ2QZgUf2uzSoLNyFn8w": {
    "question_id": "mQJZ2QZgUf2uzSoLNyFn8w",
    "prediction": "motors",
    "actual": "dogs"
  },
  "mWHEDu3pfYCy9FwrW5Qkt2": {
    "question_id": "mWHEDu3pfYCy9FwrW5Qkt2",
    "prediction": "plastic",
    "actual": "leather"
  },
  "mXqJFvpNahd3xSBSMLqk9M": {
    "question_id": "mXqJFvpNahd3xSBSMLqk9M",
    "prediction": "ketchup",
    "actual": "sauce"
  },
  "ma7Jzg4NKgXtp5cBVh4kFP": {
    "question_id": "ma7Jzg4NKgXtp5cBVh4kFP",
    "prediction": "living room",
    "actual": "hotel"
  },
  "mdsQntNbjZRukzkyyHaD8T": {
    "question_id": "mdsQntNbjZRukzkyyHaD8T",
    "prediction": "chop it",
    "actual": "peel it"
  },
  "minwD4A8mxqhLxMHjfniKy": {
    "question_id": "minwD4A8mxqhLxMHjfniKy",
    "prediction": "chicken",
    "actual": "doughnuts"
  },
  "mjCY6VtSoZiKbBKKx3YuLZ": {
    "question_id": "mjCY6VtSoZiKbBKKx3YuLZ",
    "prediction": "to kiss",
    "actual": "to eat"
  },
  "mo9chSC5Km6Nu3Dg3mwrX6": {
    "question_id": "mo9chSC5Km6Nu3Dg3mwrX6",
    "prediction": "andruw jones",
    "actual": "pavel datsyuk"
  },
  "moDoPYYpw2bSfSdDnFnut9": {
    "question_id": "moDoPYYpw2bSfSdDnFnut9",
    "prediction": "ham",
    "actual": "hot dog"
  },
  "mxJ9HhWF4QbrG97rdsY7Pe": {
    "question_id": "mxJ9HhWF4QbrG97rdsY7Pe",
    "prediction": "backyard",
    "actual": "forest"
  },
  "n2aTnUjkSkZPZEWK8S6T9Q": {
    "question_id": "n2aTnUjkSkZPZEWK8S6T9Q",
    "prediction": "travel reverse",
    "actual": "turn right"
  },
  "n3pP3X6CbTGfsNu52Eujfm": {
    "question_id": "n3pP3X6CbTGfsNu52Eujfm",
    "prediction": "paper",
    "actual": "bases"
  },
  "n94Br4ZABpt9F8AeBnAaQK": {
    "question_id": "n94Br4ZABpt9F8AeBnAaQK",
    "prediction": "computer",
    "actual": "camera"
  },
  "nKwQobxEKFkMGtc8DcQ5Ju": {
    "question_id": "nKwQobxEKFkMGtc8DcQ5Ju",
    "prediction": "one",
    "actual": "two"
  },
  "nPTyUSa2BpdW7QXX7eKxpv": {
    "question_id": "nPTyUSa2BpdW7QXX7eKxpv",
    "prediction": "six",
    "actual": "four"
  },
  "nPhzzycXaUKH9UGFjCjsKQ": {
    "question_id": "nPhzzycXaUKH9UGFjCjsKQ",
    "prediction": "two",
    "actual": "four"
  },
  "nRteor62jdHkABoiGEqDoS": {
    "question_id": "nRteor62jdHkABoiGEqDoS",
    "prediction": "speeding ticket",
    "actual": "plate number"
  },
  "nWKHkqWrAhfXG7eRWGX8B5": {
    "question_id": "nWKHkqWrAhfXG7eRWGX8B5",
    "prediction": "court",
    "actual": "match"
  },
  "ngQSEzXpxxTNJ4mVQxD9JM": {
    "question_id": "ngQSEzXpxxTNJ4mVQxD9JM",
    "prediction": "bench",
    "actual": "red couch"
  },
  "nhdJhq3kPGKBKMx4FCvXUs": {
    "question_id": "nhdJhq3kPGKBKMx4FCvXUs",
    "prediction": "country club",
    "actual": "park"
  },
  "nidoPGHJpvjJLkJWzxWUng": {
    "question_id": "nidoPGHJpvjJLkJWzxWUng",
    "prediction": "cargo",
    "actual": "passenger"
  },
  "njzRWp6op4a49j3UtEjEFo": {
    "question_id": "njzRWp6op4a49j3UtEjEFo",
    "prediction": "graduation",
    "actual": "pizza party"
  },
  "nkstSbXoxcYyHbvBbKvZtV": {
    "question_id": "nkstSbXoxcYyHbvBbKvZtV",
    "prediction": "praying mantis",
    "actual": "sting ray"
  },
  "nqDVieEVdjDt3CELi7g5Zh": {
    "question_id": "nqDVieEVdjDt3CELi7g5Zh",
    "prediction": "email",
    "actual": "phones"
  },
  "ntQQ9FVL9GKUoT2WvCWiHD": {
    "question_id": "ntQQ9FVL9GKUoT2WvCWiHD",
    "prediction": "rope",
    "actual": "wire ties"
  },
  "nz5BRooQteeNkQ2by7nGyU": {
    "question_id": "nz5BRooQteeNkQ2by7nGyU",
    "prediction": "dip",
    "actual": "mtn dew"
  },
  "o7eySiU8AwFHu3Lgp5xoK9": {
    "question_id": "o7eySiU8AwFHu3Lgp5xoK9",
    "prediction": "flip trick",
    "actual": "handplant"
  },
  "o9RMCCdLoYDGb6oR8Z3yvi": {
    "question_id": "o9RMCCdLoYDGb6oR8Z3yvi",
    "prediction": "sand",
    "actual": "grass"
  },
  "o9UdSvT8pgAVAQCkm8XPdz": {
    "question_id": "o9UdSvT8pgAVAQCkm8XPdz",
    "prediction": "ocean",
    "actual": "canal"
  },
  "oAL5LQnAH9sB2oMiAmxsbq": {
    "question_id": "oAL5LQnAH9sB2oMiAmxsbq",
    "prediction": "stir-fry",
    "actual": "fruit salad"
  },
  "oNbHrnMXrskfw3TXzZ2QUp": {
    "question_id": "oNbHrnMXrskfw3TXzZ2QUp",
    "prediction": "pepperoni pizza",
    "actual": "cheese pizza"
  },
  "oUJexrTXPEKNEATboAHaAA": {
    "question_id": "oUJexrTXPEKNEATboAHaAA",
    "prediction": "dinner",
    "actual": "breakfast"
  },
  "CijjLDFS7tQM9TcoWMr2Ai": {
    "question_id": "CijjLDFS7tQM9TcoWMr2Ai",
    "prediction": "liquidation",
    "actual": "acquisition"
  },
  "DD26xWreRvVu7ZDimAYL3e": {
    "question_id": "DD26xWreRvVu7ZDimAYL3e",
    "prediction": "nineteen",
    "actual": "eleven"
  },
  "PK5o4oqyymgbmrsrLkF2Hw": {
    "question_id": "PK5o4oqyymgbmrsrLkF2Hw",
    "prediction": "nike",
    "actual": "under armor"
  },
  "UY4enMq3yMvLG5oAXZQVQL": {
    "question_id": "UY4enMq3yMvLG5oAXZQVQL",
    "prediction": "banana peppers",
    "actual": "hot peppers"
  },
  "a5oWkZ7rkxNTvRLkk3ousT": {
    "question_id": "a5oWkZ7rkxNTvRLkk3ousT",
    "prediction": "hurry",
    "actual": "no"
  },
  "c6Lei76FbsSgEKViCU2Kc5": {
    "question_id": "c6Lei76FbsSgEKViCU2Kc5",
    "prediction": "laying down",
    "actual": "jumping"
  },
  "eYDDWRpmaNrFZDRCNs6c5z": {
    "question_id": "eYDDWRpmaNrFZDRCNs6c5z",
    "prediction": "apple",
    "actual": "chanel"
  },
  "iTeGLgJNuQjkRqeTmKwWLs": {
    "question_id": "iTeGLgJNuQjkRqeTmKwWLs",
    "prediction": "b",
    "actual": "f"
  },
  "kGn5XFpkwvtJNrUnPLSzwm": {
    "question_id": "kGn5XFpkwvtJNrUnPLSzwm",
    "prediction": "umbrella",
    "actual": "t-hsirt"
  },
  "mK6UjDvYm6Wzn75aaaSEdF": {
    "question_id": "mK6UjDvYm6Wzn75aaaSEdF",
    "prediction": "getting drown",
    "actual": "being stuck"
  },
  "n3q6CBsJfobMm4vAqMGi38": {
    "question_id": "n3q6CBsJfobMm4vAqMGi38",
    "prediction": "donut",
    "actual": "bagel"
  },
  "2gD7ih9AsXq7BmRBn57jv5": {
    "question_id": "2gD7ih9AsXq7BmRBn57jv5",
    "prediction": "angus",
    "actual": "hereford"
  },
  "4XAzPXBEk6aZHFvdPTKdjH": {
    "question_id": "4XAzPXBEk6aZHFvdPTKdjH",
    "prediction": "arguing",
    "actual": "congratulating"
  },
  "4YdWSrT4x9p78GxJhf6vis": {
    "question_id": "4YdWSrT4x9p78GxJhf6vis",
    "prediction": "melted ice cream",
    "actual": "children"
  },
  "9y2mxyvd3BxHofPfXKjG67": {
    "question_id": "9y2mxyvd3BxHofPfXKjG67",
    "prediction": "time",
    "actual": "date"
  },
  "B97VhjPyWdn4pXT5SvQybF": {
    "question_id": "B97VhjPyWdn4pXT5SvQybF",
    "prediction": "sugar",
    "actual": "animals"
  },
  "CCVav8uwNeAerpwiN2jbcx": {
    "question_id": "CCVav8uwNeAerpwiN2jbcx",
    "prediction": "boiled",
    "actual": "scrambled"
  },
  "CY5ZZbpJFTLSwMbjGybzpS": {
    "question_id": "CY5ZZbpJFTLSwMbjGybzpS",
    "prediction": "attendant seats",
    "actual": "emergency exit"
  },
  "CfaSzNgDy23yuC4X55XVmn": {
    "question_id": "CfaSzNgDy23yuC4X55XVmn",
    "prediction": "sleeping",
    "actual": "playing hockey"
  },
  "Gv6voFmtsboJcuT7NppWmh": {
    "question_id": "Gv6voFmtsboJcuT7NppWmh",
    "prediction": "paint",
    "actual": "rust"
  },
  "H6tcAFjWHYBPUpyvG5PVrv": {
    "question_id": "H6tcAFjWHYBPUpyvG5PVrv",
    "prediction": "freezing",
    "actual": "cool"
  },
  "MqCKsUbTPGQJxLL75tGc5F": {
    "question_id": "MqCKsUbTPGQJxLL75tGc5F",
    "prediction": "50",
    "actual": "15"
  },
  "QH2k6NnZ5DxMLEeQQF8net": {
    "question_id": "QH2k6NnZ5DxMLEeQQF8net",
    "prediction": "banana",
    "actual": "plum"
  },
  "QqviUwQkfAndzidCzfJFKS": {
    "question_id": "QqviUwQkfAndzidCzfJFKS",
    "prediction": "transporting goods",
    "actual": "passenger seating"
  },
  "RBTyZFjfaXXGuDBCesAqcV": {
    "question_id": "RBTyZFjfaXXGuDBCesAqcV",
    "prediction": "adidas",
    "actual": "nike"
  },
  "U2c5ooPZTZY7cc6xGBcFuM": {
    "question_id": "U2c5ooPZTZY7cc6xGBcFuM",
    "prediction": "pickles",
    "actual": "salt"
  },
  "Wsm6n4QiLcUf8UEmRUCdNL": {
    "question_id": "Wsm6n4QiLcUf8UEmRUCdNL",
    "prediction": "modern",
    "actual": "victorian"
  },
  "a7EiGZsffnAC9nVsb9Y7AY": {
    "question_id": "a7EiGZsffnAC9nVsb9Y7AY",
    "prediction": "switch hitter",
    "actual": "righthanded"
  },
  "aqnbMDKEYEGFpVGpxuM6w4": {
    "question_id": "aqnbMDKEYEGFpVGpxuM6w4",
    "prediction": "crosswalk",
    "actual": "oncoming traffic"
  },
  "cEtogP8bKLXGuFtxeEqkvZ": {
    "question_id": "cEtogP8bKLXGuFtxeEqkvZ",
    "prediction": "spongebob",
    "actual": "face"
  },
  "mf7iP3eaca7zncQHvBLbEF": {
    "question_id": "mf7iP3eaca7zncQHvBLbEF",
    "prediction": "loreal",
    "actual": "head and shoulders"
  },
  "nZANMFWTuwNWznuT9RBNXr": {
    "question_id": "nZANMFWTuwNWznuT9RBNXr",
    "prediction": "deer",
    "actual": "pedestrians"
  }
}