{
  "2GhdXLaZFBYHSip4rvYKfK": {
    "question_id": "2GhdXLaZFBYHSip4rvYKfK",
    "prediction": "devil",
    "actual": "devil"
  },
  "2PGwvdFESLvwfFCwK5pbYu": {
    "question_id": "2PGwvdFESLvwfFCwK5pbYu",
    "prediction": "denim",
    "actual": "denim"
  },
  "2sUggWn8qBk97E38wKpjN5": {
    "question_id": "2sUggWn8qBk97E38wKpjN5",
    "prediction": "afternoon",
    "actual": "afternoon"
  },
  "2yWyzYRyZuYH2ZB49WNACa": {
    "question_id": "2yWyzYRyZuYH2ZB49WNACa",
    "prediction": "frisbee",
    "actual": "frisbee"
  },
  "2zTqTkKqa89GUKLzMUkDic": {
    "question_id": "2zTqTkKqa89GUKLzMUkDic",
    "prediction": "human",
    "actual": "human"
  },
  "3R6SnZ4MRGXXvao5ARVE8e": {
    "question_id": "3R6SnZ4MRGXXvao5ARVE8e",
    "prediction": "air traffic",
    "actual": "air traffic"
  },
  "3ef8KXbKoJaJZyVmxVZMaq": {
    "question_id": "3ef8KXbKoJaJZyVmxVZMaq",
    "prediction": "happy birthday",
    "actual": "happy birthday"
  },
  "49CisPCc2LiA5TUAdHZgXe": {
    "question_id": "49CisPCc2LiA5TUAdHZgXe",
    "prediction": "dog",
    "actual": "dog"
  },
  "4BFN6MtJcaFzpccm3UwZva": {
    "question_id": "4BFN6MtJcaFzpccm3UwZva",
    "prediction": "bathroom",
    "actual": "bathroom"
  },
  "4PvLY9C3GyARH3WSGYbYFq": {
    "question_id": "4PvLY9C3GyARH3WSGYbYFq",
    "prediction": "asian",
    "actual": "asian"
  },
  "4UrYfZMUToiF5f7GK6eMaz": {
    "question_id": "4UrYfZMUToiF5f7GK6eMaz",
    "prediction": "visibility",
    "actual": "visibility"
  },
  "4YvFMFoDw46kzXhajSgc9W": {
    "question_id": "4YvFMFoDw46kzXhajSgc9W",
    "prediction": "to eat",
    "actual": "to eat"
  },
  "4Z7WvuLTj7VUpVtLL2W2g7": {
    "question_id": "4Z7WvuLTj7VUpVtLL2W2g7",
    "prediction": "bathroom",
    "actual": "bathroom"
  },
  "4mgcpzD4d6adkPQP7cxg54": {
    "question_id": "4mgcpzD4d6adkPQP7cxg54",
    "prediction": "new york",
    "actual": "new york"
  },
  "4wVv7CDVuQNaz7LLHDg89t": {
    "question_id": "4wVv7CDVuQNaz7LLHDg89t",
    "prediction": "bicycle",
    "actual": "bicycle"
  },
  "5AhBQW2ucGSwJbPTtXHTFd": {
    "question_id": "5AhBQW2ucGSwJbPTtXHTFd",
    "prediction": "cars",
    "actual": "cars"
  },
  "5LTzpByXwsWGViYAXqiVEX": {
    "question_id": "5LTzpByXwsWGViYAXqiVEX",
    "prediction": "tennis balls",
    "actual": "tennis balls"
  },
  "5NysKUokKJcrFfUcBbr9Vo": {
    "question_id": "5NysKUokKJcrFfUcBbr9Vo",
    "prediction": "crashing",
    "actual": "crashing"
  },
  "5SgmGLJtR47rB539V4Jwt6": {
    "question_id": "5SgmGLJtR47rB539V4Jwt6",
    "prediction": "visibility",
    "actual": "visibility"
  },
  "5Y5u3gnReRQbzkRnGw5ywd": {
    "question_id": "5Y5u3gnReRQbzkRnGw5ywd",
    "prediction": "stone",
    "actual": "stone"
  },
  "5aRkxnYoakzDQFyDGb9qJ2": {
    "question_id": "5aRkxnYoakzDQFyDGb9qJ2",
    "prediction": "jessica biel",
    "actual": "jessica biel"
  },
  "5gQSkSh2eK3ZZ8bEyweBiA": {
    "question_id": "5gQSkSh2eK3ZZ8bEyweBiA",
    "prediction": "travel",
    "actual": "travel"
  },
  "5oBisjqVjcXEXGkd2uKPDe": {
    "question_id": "5oBisjqVjcXEXGkd2uKPDe",
    "prediction": "phone",
    "actual": "phone"
  },
  "65Sfsx6hqdJ5UqNWLB3RCG": {
    "question_id": "65Sfsx6hqdJ5UqNWLB3RCG",
    "prediction": "wild",
    "actual": "wild"
  },
  "66abRGQG535WgzgU5Ue9ru": {
    "question_id": "66abRGQG535WgzgU5Ue9ru",
    "prediction": "home",
    "actual": "home"
  },
  "6QuPF6pNBjs3DEXQh4AQt4": {
    "question_id": "6QuPF6pNBjs3DEXQh4AQt4",
    "prediction": "to eat",
    "actual": "to eat"
  },
  "6YyPKdGwhA3LJkUpL3p9F6": {
    "question_id": "6YyPKdGwhA3LJkUpL3p9F6",
    "prediction": "skating",
    "actual": "skating"
  },
  "6fCWweqmigW6UaiyaHq4Sy": {
    "question_id": "6fCWweqmigW6UaiyaHq4Sy",
    "prediction": "position",
    "actual": "position"
  },
  "6kpEuXnXz4ghWMLLBcRjmf": {
    "question_id": "6kpEuXnXz4ghWMLLBcRjmf",
    "prediction": "parking",
    "actual": "parking"
  },
  "6kv3CWDoRDsm2DnUCHRgmk": {
    "question_id": "6kv3CWDoRDsm2DnUCHRgmk",
    "prediction": "home",
    "actual": "home"
  },
  "6phsfhJ9iw5j6nYTpVBd9A": {
    "question_id": "6phsfhJ9iw5j6nYTpVBd9A",
    "prediction": "grandparents",
    "actual": "grandparents"
  },
  "6vnibNuMQyy5nWAxNEGTgj": {
    "question_id": "6vnibNuMQyy5nWAxNEGTgj",
    "prediction": "alcohol",
    "actual": "alcohol"
  },
  "6xTMCHe4ABbm6NDntoEkLJ": {
    "question_id": "6xTMCHe4ABbm6NDntoEkLJ",
    "prediction": "palm tree",
    "actual": "palm tree"
  },
  "73ixwXaUcqfgsJYLzCABWC": {
    "question_id": "73ixwXaUcqfgsJYLzCABWC",
    "prediction": "kite",
    "actual": "kite"
  },
  "7CWwGUgRqbPEiGcZEzFVEF": {
    "question_id": "7CWwGUgRqbPEiGcZEzFVEF",
    "prediction": "feline",
    "actual": "feline"
  },
  "7KNmiZTYRQBHMJKJ9zkAjR": {
    "question_id": "7KNmiZTYRQBHMJKJ9zkAjR",
    "prediction": "red light",
    "actual": "red light"
  },
  "7L2zGA6XFJrPCfLJCwBrww": {
    "question_id": "7L2zGA6XFJrPCfLJCwBrww",
    "prediction": "grazing",
    "actual": "grazing"
  },
  "7RjA6a3CFR8w5fVRc8Arji": {
    "question_id": "7RjA6a3CFR8w5fVRc8Arji",
    "prediction": "vegetarian",
    "actual": "vegetarian"
  },
  "7pAKkw446jdqTk9peDKjyY": {
    "question_id": "7pAKkw446jdqTk9peDKjyY",
    "prediction": "basement",
    "actual": "basement"
  },
  "82bLyanbdDeEq6mkVa3YGM": {
    "question_id": "82bLyanbdDeEq6mkVa3YGM",
    "prediction": "usa",
    "actual": "usa"
  },
  "86vHZcPAsgzHoG4VL93xqr": {
    "question_id": "86vHZcPAsgzHoG4VL93xqr",
    "prediction": "red",
    "actual": "red"
  },
  "8KqQoveNzvvZSgxxPeepUY": {
    "question_id": "8KqQoveNzvvZSgxxPeepUY",
    "prediction": "red bus",
    "actual": "red bus"
  },
  "8MrFkkmRAk7E8ccS8FPZ8S": {
    "question_id": "8MrFkkmRAk7E8ccS8FPZ8S",
    "prediction": "to ride",
    "actual": "to ride"
  },
  "8PZriuWuwokXCriqVBZwSJ": {
    "question_id": "8PZriuWuwokXCriqVBZwSJ",
    "prediction": "train tracks",
    "actual": "train tracks"
  },
  "8Qivn8LXSmWYmn7zgKGiw4": {
    "question_id": "8Qivn8LXSmWYmn7zgKGiw4",
    "prediction": "speakers",
    "actual": "speakers"
  },
  "8SzR5UpGtrsFWoxheZ9SkE": {
    "question_id": "8SzR5UpGtrsFWoxheZ9SkE",
    "prediction": "nintendo wii",
    "actual": "nintendo wii"
  },
  "8enBCTrMj57db8JVq9wyPq": {
    "question_id": "8enBCTrMj57db8JVq9wyPq",
    "prediction": "orange slices",
    "actual": "orange slices"
  },
  "8qqTsLQFXdEDT9oeVgZekp": {
    "question_id": "8qqTsLQFXdEDT9oeVgZekp",
    "prediction": "water",
    "actual": "water"
  },
  "8vzpRWS6dDNrFCouzebMm9": {
    "question_id": "8vzpRWS6dDNrFCouzebMm9",
    "prediction": "nintendo wii",
    "actual": "nintendo wii"
  },
  "93rpK9LLNQ8xmAPrEGm3rv": {
    "question_id": "93rpK9LLNQ8xmAPrEGm3rv",
    "prediction": "stone",
    "actual": "stone"
  },
  "99VEZ5bvSGBLWtkpJiAAXg": {
    "question_id": "99VEZ5bvSGBLWtkpJiAAXg",
    "prediction": "eating",
    "actual": "eating"
  },
  "9KA8dr22Hiveh2s9JwvPLZ": {
    "question_id": "9KA8dr22Hiveh2s9JwvPLZ",
    "prediction": "ear",
    "actual": "ear"
  },
  "9R9Ef5J6eaJzSHvUEkBkgq": {
    "question_id": "9R9Ef5J6eaJzSHvUEkBkgq",
    "prediction": "rooster",
    "actual": "rooster"
  },
  "9ZB4WcL9Sbo3L6ZPkaqzKY": {
    "question_id": "9ZB4WcL9Sbo3L6ZPkaqzKY",
    "prediction": "three",
    "actual": "three"
  },
  "9m5dBgT3PJrhWRCDg9ee2z": {
    "question_id": "9m5dBgT3PJrhWRCDg9ee2z",
    "prediction": "passenger",
    "actual": "passenger"
  },
  "9sqHw3RioVzmBGcxbMqBDM": {
    "question_id": "9sqHw3RioVzmBGcxbMqBDM",
    "prediction": "brown",
    "actual": "brown"
  },
  "9zfgVSEG4hrKHfuoe4tHqx": {
    "question_id": "9zfgVSEG4hrKHfuoe4tHqx",
    "prediction": "spend time",
    "actual": "spend time"
  },
  "A3zGJC9ryU4EkHzywEGdJn": {
    "question_id": "A3zGJC9ryU4EkHzywEGdJn",
    "prediction": "red wine",
    "actual": "red wine"
  },
  "A7MATFYMiNxpWLN7ucoWmS": {
    "question_id": "A7MATFYMiNxpWLN7ucoWmS",
    "prediction": "basement",
    "actual": "basement"
  },
  "A9Pk4Az2eRMuSEgB8GnUBU": {
    "question_id": "A9Pk4Az2eRMuSEgB8GnUBU",
    "prediction": "thriller fiction",
    "actual": "thriller fiction"
  },
  "ADSaLsXSNftfMMYWMKKqCS": {
    "question_id": "ADSaLsXSNftfMMYWMKKqCS",
    "prediction": "right",
    "actual": "right"
  },
  "AR5jScMLqmYDjzmKHxKzMT": {
    "question_id": "AR5jScMLqmYDjzmKHxKzMT",
    "prediction": "holiday dinner",
    "actual": "holiday dinner"
  },
  "AYNy264QNVzJ6rgeCkW4SU": {
    "question_id": "AYNy264QNVzJ6rgeCkW4SU",
    "prediction": "throw ball",
    "actual": "throw ball"
  },
  "AhrmUB8LFNXLkpiLGaaAuY": {
    "question_id": "AhrmUB8LFNXLkpiLGaaAuY",
    "prediction": "reach",
    "actual": "reach"
  },
  "AyYa5v5HCXAjDeLXgP2CN5": {
    "question_id": "AyYa5v5HCXAjDeLXgP2CN5",
    "prediction": "coats",
    "actual": "coats"
  },
  "B725pHrrknZKDAqoLBjeof": {
    "question_id": "B725pHrrknZKDAqoLBjeof",
    "prediction": "apple",
    "actual": "apple"
  },
  "BSgG9C63esRw6W3Tw6rBbu": {
    "question_id": "BSgG9C63esRw6W3Tw6rBbu",
    "prediction": "skateboard",
    "actual": "skateboard"
  },
  "BaNWccWHEXHgtdo2h5795T": {
    "question_id": "BaNWccWHEXHgtdo2h5795T",
    "prediction": "traffic",
    "actual": "traffic"
  },
  "BpLgWvp3a7WEzrsmnpQBWT": {
    "question_id": "BpLgWvp3a7WEzrsmnpQBWT",
    "prediction": "string",
    "actual": "string"
  },
  "Bq4zFDne6edPRs7sBBMEad": {
    "question_id": "Bq4zFDne6edPRs7sBBMEad",
    "prediction": "oranges",
    "actual": "oranges"
  },
  "Bu9pF6sWajjGr6XDi4rb63": {
    "question_id": "Bu9pF6sWajjGr6XDi4rb63",
    "prediction": "trees",
    "actual": "trees"
  },
  "C5KFJtK2qiQ2gMC5WNsdnB": {
    "question_id": "C5KFJtK2qiQ2gMC5WNsdnB",
    "prediction": "customers",
    "actual": "customers"
  },
  "C9AXp35Pm8iw5MANqbWmyR": {
    "question_id": "C9AXp35Pm8iw5MANqbWmyR",
    "prediction": "game",
    "actual": "game"
  },
  "CMPt5xfqSyHQoFockxCWux": {
    "question_id": "CMPt5xfqSyHQoFockxCWux",
    "prediction": "rain",
    "actual": "rain"
  },
  "CTrTbwL2BtnQqY9vjiEiFF": {
    "question_id": "CTrTbwL2BtnQqY9vjiEiFF",
    "prediction": "wine",
    "actual": "wine"
  },
  "CYVZymNaQk6gd79AKNefqh": {
    "question_id": "CYVZymNaQk6gd79AKNefqh",
    "prediction": "up",
    "actual": "up"
  },
  "CcD6HgxREVqanqLnSysBTr": {
    "question_id": "CcD6HgxREVqanqLnSysBTr",
    "prediction": "sweet",
    "actual": "sweet"
  },
  "D6q9dXSUpTBgDkWi7e7dYS": {
    "question_id": "D6q9dXSUpTBgDkWi7e7dYS",
    "prediction": "banana split",
    "actual": "banana split"
  },
  "DMGGczBdJRXHqZitoXSjSy": {
    "question_id": "DMGGczBdJRXHqZitoXSjSy",
    "prediction": "to grind",
    "actual": "to grind"
  },
  "DR94rYWve8KwpGjAtovqZt": {
    "question_id": "DR94rYWve8KwpGjAtovqZt",
    "prediction": "spiderman",
    "actual": "spiderman"
  },
  "DTAw9Vu8CLWbzUAg6m8okx": {
    "question_id": "DTAw9Vu8CLWbzUAg6m8okx",
    "prediction": "bag",
    "actual": "bag"
  },
  "DbTAWKt7kZTzG8Xsa36K6R": {
    "question_id": "DbTAWKt7kZTzG8Xsa36K6R",
    "prediction": "food",
    "actual": "food"
  },
  "DcKwtSxfdjTch9RvAuEpNH": {
    "question_id": "DcKwtSxfdjTch9RvAuEpNH",
    "prediction": "residential",
    "actual": "residential"
  },
  "E2Vuut5upXHFFVxEk8kHvM": {
    "question_id": "E2Vuut5upXHFFVxEk8kHvM",
    "prediction": "class",
    "actual": "class"
  },
  "E6vGrKzLTzqabYt55Ksc2N": {
    "question_id": "E6vGrKzLTzqabYt55Ksc2N",
    "prediction": "absolutely no",
    "actual": "absolutely no"
  },
  "E9Tea7kyCg7eW4bPeT5W83": {
    "question_id": "E9Tea7kyCg7eW4bPeT5W83",
    "prediction": "beer",
    "actual": "beer"
  },
  "EAHmczQURaep8SJkvhYCje": {
    "question_id": "EAHmczQURaep8SJkvhYCje",
    "prediction": "fence",
    "actual": "fence"
  },
  "EBfqBBCf7yRtTtGhsc52Td": {
    "question_id": "EBfqBBCf7yRtTtGhsc52Td",
    "prediction": "stripes",
    "actual": "stripes"
  },
  "EER9xudvx7aG37Zbaewxkw": {
    "question_id": "EER9xudvx7aG37Zbaewxkw",
    "prediction": "pepsi",
    "actual": "pepsi"
  },
  "Ed662HvZeisV6Mzxs2S6bj": {
    "question_id": "Ed662HvZeisV6Mzxs2S6bj",
    "prediction": "travel",
    "actual": "travel"
  },
  "EdDpJngBTrp6Bje83yQqDc": {
    "question_id": "EdDpJngBTrp6Bje83yQqDc",
    "prediction": "sun",
    "actual": "sun"
  },
  "EmU9DKov4EwRDaZuKvzAXj": {
    "question_id": "EmU9DKov4EwRDaZuKvzAXj",
    "prediction": "beer",
    "actual": "beer"
  },
  "EpwwuobLzGLWhnbXAjbw2x": {
    "question_id": "EpwwuobLzGLWhnbXAjbw2x",
    "prediction": "don't walk",
    "actual": "don't walk"
  },
  "EueF8ShbQJHpynE7TdNGRG": {
    "question_id": "EueF8ShbQJHpynE7TdNGRG",
    "prediction": "shoes",
    "actual": "shoes"
  },
  "Eyzb8SKxYzzJuegL3tkwga": {
    "question_id": "Eyzb8SKxYzzJuegL3tkwga",
    "prediction": "cotton",
    "actual": "cotton"
  },
  "F92aSsSv7ZAtXnGBVREhqq": {
    "question_id": "F92aSsSv7ZAtXnGBVREhqq",
    "prediction": "breakfast",
    "actual": "breakfast"
  },
  "FG6kmHCaikmwGGpw9RhpSD": {
    "question_id": "FG6kmHCaikmwGGpw9RhpSD",
    "prediction": "employee",
    "actual": "employee"
  },
  "FHmsKMqftMV2bbhT63TCep": {
    "question_id": "FHmsKMqftMV2bbhT63TCep",
    "prediction": "knife",
    "actual": "knife"
  },
  "FQuJEPNnrznkjkvyN4UbUR": {
    "question_id": "FQuJEPNnrznkjkvyN4UbUR",
    "prediction": "new york",
    "actual": "new york"
  },
  "FWFywCJZaAGVJa2FAuwqyP": {
    "question_id": "FWFywCJZaAGVJa2FAuwqyP",
    "prediction": "polo",
    "actual": "polo"
  },
  "FWokXQxyNdSctoKKriQTqh": {
    "question_id": "FWokXQxyNdSctoKKriQTqh",
    "prediction": "rain",
    "actual": "rain"
  },
  "FpJmgAqdqfRjUe6axsFMhs": {
    "question_id": "FpJmgAqdqfRjUe6axsFMhs",
    "prediction": "cooling",
    "actual": "cooling"
  },
  "Fq7RXZuYTk7pKt4gf6Fvm4": {
    "question_id": "Fq7RXZuYTk7pKt4gf6Fvm4",
    "prediction": "to catch",
    "actual": "to catch"
  },
  "FrMujHaugfA8T2uMPEkckf": {
    "question_id": "FrMujHaugfA8T2uMPEkckf",
    "prediction": "ocean",
    "actual": "ocean"
  },
  "FtGwEGsss4Cqe38LrFBgj3": {
    "question_id": "FtGwEGsss4Cqe38LrFBgj3",
    "prediction": "home",
    "actual": "home"
  },
  "Fv2hy4qfFdd847B3xEcPz3": {
    "question_id": "Fv2hy4qfFdd847B3xEcPz3",
    "prediction": "grassy",
    "actual": "grassy"
  },
  "G9KXrAd6oRksj8Jqd5hcyo": {
    "question_id": "G9KXrAd6oRksj8Jqd5hcyo",
    "prediction": "serve",
    "actual": "serve"
  },
  "GDYFtTMthQh2SHrVrKvynR": {
    "question_id": "GDYFtTMthQh2SHrVrKvynR",
    "prediction": "balls",
    "actual": "balls"
  },
  "GDwYLbrCSgTVjTMSuJQFgX": {
    "question_id": "GDwYLbrCSgTVjTMSuJQFgX",
    "prediction": "green",
    "actual": "green"
  },
  "GhbDi6TH7F8tykDJvovapH": {
    "question_id": "GhbDi6TH7F8tykDJvovapH",
    "prediction": "time lapse",
    "actual": "time lapse"
  },
  "GoBun4WYj2oK6vRihjfEGv": {
    "question_id": "GoBun4WYj2oK6vRihjfEGv",
    "prediction": "red wine",
    "actual": "red wine"
  },
  "GzEbcQExF4cHmrhk7rdnce": {
    "question_id": "GzEbcQExF4cHmrhk7rdnce",
    "prediction": "nintendo wii",
    "actual": "nintendo wii"
  },
  "GzwDohFGAzDgkHBGFKfCTF": {
    "question_id": "GzwDohFGAzDgkHBGFKfCTF",
    "prediction": "keypad",
    "actual": "keypad"
  },
  "H5BWeWuYriU6bmUwUPKtGE": {
    "question_id": "H5BWeWuYriU6bmUwUPKtGE",
    "prediction": "glass",
    "actual": "glass"
  },
  "H5ij2UADeZudHffAeLzw6z": {
    "question_id": "H5ij2UADeZudHffAeLzw6z",
    "prediction": "apple",
    "actual": "apple"
  },
  "HJh9bXtpMyBNmsmBa6CH4p": {
    "question_id": "HJh9bXtpMyBNmsmBa6CH4p",
    "prediction": "two",
    "actual": "two"
  },
  "HM4obw9fQyb3aPheZjgtqq": {
    "question_id": "HM4obw9fQyb3aPheZjgtqq",
    "prediction": "visibility",
    "actual": "visibility"
  },
  "HPZPYitwJBDrLAkkGa9AJ5": {
    "question_id": "HPZPYitwJBDrLAkkGa9AJ5",
    "prediction": "adidas",
    "actual": "adidas"
  },
  "HmwKHh89ZFtLUWCExGKoLw": {
    "question_id": "HmwKHh89ZFtLUWCExGKoLw",
    "prediction": "hello",
    "actual": "hello"
  },
  "Hnor848pYZFWrEeYWfuYCF": {
    "question_id": "Hnor848pYZFWrEeYWfuYCF",
    "prediction": "coffee",
    "actual": "coffee"
  },
  "J6Kwvdi26GWFDHeADMXSWW": {
    "question_id": "J6Kwvdi26GWFDHeADMXSWW",
    "prediction": "helium",
    "actual": "helium"
  },
  "JJPVhVK8EvZNsddZMETh6v": {
    "question_id": "JJPVhVK8EvZNsddZMETh6v",
    "prediction": "weekend",
    "actual": "weekend"
  },
  "JK2iuDmUfAfGyyNaUnWZgK": {
    "question_id": "JK2iuDmUfAfGyyNaUnWZgK",
    "prediction": "fish eye",
    "actual": "fish eye"
  },
  "JUxJmYmJuhcFMBwKdHRTj9": {
    "question_id": "JUxJmYmJuhcFMBwKdHRTj9",
    "prediction": "historical european",
    "actual": "historical european"
  },
  "JYWg9aVznMs3k9DbgYYj5a": {
    "question_id": "JYWg9aVznMs3k9DbgYYj5a",
    "prediction": "corporation",
    "actual": "corporation"
  },
  "JwnCRZQToshydgQiSHz6Qk": {
    "question_id": "JwnCRZQToshydgQiSHz6Qk",
    "prediction": "fireplace",
    "actual": "fireplace"
  },
  "JzruB6ybwPgmhZ5euNweVS": {
    "question_id": "JzruB6ybwPgmhZ5euNweVS",
    "prediction": "cellular",
    "actual": "cellular"
  },
  "K7FEvSfPCq94Y7Uzwvju4J": {
    "question_id": "K7FEvSfPCq94Y7Uzwvju4J",
    "prediction": "dunkin coffee",
    "actual": "dunkin coffee"
  },
  "KADU4VuTNvJcaxfcuSWg5s": {
    "question_id": "KADU4VuTNvJcaxfcuSWg5s",
    "prediction": "ipod",
    "actual": "ipod"
  },
  "KDt9uiMSWXdfqZg8DkfQYP": {
    "question_id": "KDt9uiMSWXdfqZg8DkfQYP",
    "prediction": "sleep",
    "actual": "sleep"
  },
  "KYHbG5z9mj4H4dAJbzLuQ4": {
    "question_id": "KYHbG5z9mj4H4dAJbzLuQ4",
    "prediction": "dress",
    "actual": "dress"
  },
  "KatNcK2tJQ8nr2oasRaXoD": {
    "question_id": "KatNcK2tJQ8nr2oasRaXoD",
    "prediction": "run",
    "actual": "run"
  },
  "Kg2epvxdD43djHjdN3HBEw": {
    "question_id": "Kg2epvxdD43djHjdN3HBEw",
    "prediction": "market",
    "actual": "market"
  },
  "KpXGPyoqZUqo76FaqZuNXF": {
    "question_id": "KpXGPyoqZUqo76FaqZuNXF",
    "prediction": "hotel",
    "actual": "hotel"
  },
  "KqEeneEUHVnoFj9nRYLS3u": {
    "question_id": "KqEeneEUHVnoFj9nRYLS3u",
    "prediction": "white",
    "actual": "white"
  },
  "KwuvnUibgJ9zWpif3UzUtJ": {
    "question_id": "KwuvnUibgJ9zWpif3UzUtJ",
    "prediction": "ground",
    "actual": "ground"
  },
  "KxDzK3TmVjHrd7PVRGf6AP": {
    "question_id": "KxDzK3TmVjHrd7PVRGf6AP",
    "prediction": "cutting food",
    "actual": "cutting food"
  },
  "LGdv7ZFDA5bxdGaYw5XSLZ": {
    "question_id": "LGdv7ZFDA5bxdGaYw5XSLZ",
    "prediction": "camouflage",
    "actual": "camouflage"
  },
  "LHVciAWegjMeYHxTjEpTPc": {
    "question_id": "LHVciAWegjMeYHxTjEpTPc",
    "prediction": "beach",
    "actual": "beach"
  },
  "LHmjT6smJB8ZerDLp4DJuy": {
    "question_id": "LHmjT6smJB8ZerDLp4DJuy",
    "prediction": "home",
    "actual": "home"
  },
  "LYvkz5jUWHpZYkZ8VhxESf": {
    "question_id": "LYvkz5jUWHpZYkZ8VhxESf",
    "prediction": "to rest",
    "actual": "to rest"
  },
  "M3yABkFk8uMPsVkecGAnZR": {
    "question_id": "M3yABkFk8uMPsVkecGAnZR",
    "prediction": "stir",
    "actual": "stir"
  },
  "M46zwhVtTDuYcfKTvw5Bsk": {
    "question_id": "M46zwhVtTDuYcfKTvw5Bsk",
    "prediction": "balls",
    "actual": "balls"
  },
  "M4bEQ9vKhFhuWXb9nEf76d": {
    "question_id": "M4bEQ9vKhFhuWXb9nEf76d",
    "prediction": "eating",
    "actual": "eating"
  },
  "M7GYpdBrUzhDxznbhPebAi": {
    "question_id": "M7GYpdBrUzhDxznbhPebAi",
    "prediction": "red stripe",
    "actual": "red stripe"
  },
  "MDyjdP8Esi9N3eEpLVuwx7": {
    "question_id": "MDyjdP8Esi9N3eEpLVuwx7",
    "prediction": "protection",
    "actual": "protection"
  },
  "MFcz9WFowTCRnWEpVdEfiJ": {
    "question_id": "MFcz9WFowTCRnWEpVdEfiJ",
    "prediction": "snow",
    "actual": "snow"
  },
  "MLS7svNqmdHua7qB2dvKuq": {
    "question_id": "MLS7svNqmdHua7qB2dvKuq",
    "prediction": "wimbledon",
    "actual": "wimbledon"
  },
  "MXNuoDzTufsnkH3TEQS9P3": {
    "question_id": "MXNuoDzTufsnkH3TEQS9P3",
    "prediction": "warmth",
    "actual": "warmth"
  },
  "MYWA3eAGfavXR4ehMz22fV": {
    "question_id": "MYWA3eAGfavXR4ehMz22fV",
    "prediction": "to race",
    "actual": "to race"
  },
  "MdawSWWcrGZdyq4yMLZRMN": {
    "question_id": "MdawSWWcrGZdyq4yMLZRMN",
    "prediction": "sidewalk",
    "actual": "sidewalk"
  },
  "MrMKrCttovt9tvMyUYZytj": {
    "question_id": "MrMKrCttovt9tvMyUYZytj",
    "prediction": "travel",
    "actual": "travel"
  },
  "MuwkW3j4kYfEZXwWuicLjv": {
    "question_id": "MuwkW3j4kYfEZXwWuicLjv",
    "prediction": "crust",
    "actual": "crust"
  },
  "MvjdGpXqcdaADbsGwjo2Bm": {
    "question_id": "MvjdGpXqcdaADbsGwjo2Bm",
    "prediction": "ski poles",
    "actual": "ski poles"
  },
  "NFMXerxQWMSQACyqHarJre": {
    "question_id": "NFMXerxQWMSQACyqHarJre",
    "prediction": "battery",
    "actual": "battery"
  },
  "NMaWJvLKEHntrF2zNxigMq": {
    "question_id": "NMaWJvLKEHntrF2zNxigMq",
    "prediction": "body surf",
    "actual": "body surf"
  },
  "NYcTJoQKwAGgyi4FB5gAt8": {
    "question_id": "NYcTJoQKwAGgyi4FB5gAt8",
    "prediction": "to travel",
    "actual": "to travel"
  },
  "NmKj6PbaycvbudUKgRzibs": {
    "question_id": "NmKj6PbaycvbudUKgRzibs",
    "prediction": "home",
    "actual": "home"
  },
  "NsLGudV3NNLiYhGjCqbw78": {
    "question_id": "NsLGudV3NNLiYhGjCqbw78",
    "prediction": "laughing",
    "actual": "laughing"
  },
  "NzFEWXcTYWqgrRXUnqVK6h": {
    "question_id": "NzFEWXcTYWqgrRXUnqVK6h",
    "prediction": "gift",
    "actual": "gift"
  },
  "P6oCrLWLEpt8yyJ6x9AbAd": {
    "question_id": "P6oCrLWLEpt8yyJ6x9AbAd",
    "prediction": "cologne germany",
    "actual": "cologne germany"
  },
  "P849UYcdPdpuMhsTCbyCuu": {
    "question_id": "P849UYcdPdpuMhsTCbyCuu",
    "prediction": "jockeys",
    "actual": "jockeys"
  },
  "Q5hfYjQnaxng9vg7QmEqa5": {
    "question_id": "Q5hfYjQnaxng9vg7QmEqa5",
    "prediction": "siblings",
    "actual": "siblings"
  },
  "Q6BuYZYZySn9YZXf8iBwXD": {
    "question_id": "Q6BuYZYZySn9YZXf8iBwXD",
    "prediction": "two",
    "actual": "two"
  },
  "Qn9fw2mFC5bWG7CjQvir9s": {
    "question_id": "Qn9fw2mFC5bWG7CjQvir9s",
    "prediction": "stop",
    "actual": "stop"
  },
  "Qpu4P46aupMV73vp2wmEGk": {
    "question_id": "Qpu4P46aupMV73vp2wmEGk",
    "prediction": "bar",
    "actual": "bar"
  },
  "QsW8sBQzRc4Zsxds7WwTJ7": {
    "question_id": "QsW8sBQzRc4Zsxds7WwTJ7",
    "prediction": "backyard",
    "actual": "backyard"
  },
  "R9V95LVNMqbNuxcHhqktUJ": {
    "question_id": "R9V95LVNMqbNuxcHhqktUJ",
    "prediction": "chess",
    "actual": "chess"
  },
  "RFLRY32jbKYv8NBsmVtX7x": {
    "question_id": "RFLRY32jbKYv8NBsmVtX7x",
    "prediction": "water",
    "actual": "water"
  },
  "ReDe96f2774vpupY23aBCH": {
    "question_id": "ReDe96f2774vpupY23aBCH",
    "prediction": "pete rose",
    "actual": "pete rose"
  },
  "RhZ5i6awC44Si9nVyCzBst": {
    "question_id": "RhZ5i6awC44Si9nVyCzBst",
    "prediction": "pulling it",
    "actual": "pulling it"
  },
  "RktS7Pmjx4EvyCUjQB5TSr": {
    "question_id": "RktS7Pmjx4EvyCUjQB5TSr",
    "prediction": "mousepad",
    "actual": "mousepad"
  },
  "RwpxKDcMF2E4fdhCjCJNEN": {
    "question_id": "RwpxKDcMF2E4fdhCjCJNEN",
    "prediction": "eat",
    "actual": "eat"
  },
  "RxPKF64GYxeyCLiP32aKf5": {
    "question_id": "RxPKF64GYxeyCLiP32aKf5",
    "prediction": "illinois",
    "actual": "illinois"
  },
  "SA8eYDyzQYZXZRykahrGmf": {
    "question_id": "SA8eYDyzQYZXZRykahrGmf",
    "prediction": "left hand",
    "actual": "left hand"
  },
  "Sd9FAqZwhabNaWzRUftozo": {
    "question_id": "Sd9FAqZwhabNaWzRUftozo",
    "prediction": "love us",
    "actual": "love us"
  },
  "SgSpH9dKik4F3kZ9pu2EbH": {
    "question_id": "SgSpH9dKik4F3kZ9pu2EbH",
    "prediction": "donuts",
    "actual": "donuts"
  },
  "SgqV4mnErEwU75PNQtwqpo": {
    "question_id": "SgqV4mnErEwU75PNQtwqpo",
    "prediction": "buildings",
    "actual": "buildings"
  },
  "SpnBQjkqymWyZ5gEzPTwKu": {
    "question_id": "SpnBQjkqymWyZ5gEzPTwKu",
    "prediction": "cow",
    "actual": "cow"
  },
  "TCXSs2iG5qmduZYmRir2cK": {
    "question_id": "TCXSs2iG5qmduZYmRir2cK",
    "prediction": "fresh",
    "actual": "fresh"
  },
  "TU3Jt6U4vLxsHp26fpMWW8": {
    "question_id": "TU3Jt6U4vLxsHp26fpMWW8",
    "prediction": "charcuterie",
    "actual": "charcuterie"
  },
  "TgSTm8wMoywwfop8P7MVSd": {
    "question_id": "TgSTm8wMoywwfop8P7MVSd",
    "prediction": "dry",
    "actual": "dry"
  },
  "TgnxoGn2URnSnsnWhniwQ9": {
    "question_id": "TgnxoGn2URnSnsnWhniwQ9",
    "prediction": "dogs",
    "actual": "dogs"
  },
  "TorF8s9TxEizB8N2ETkwc7": {
    "question_id": "TorF8s9TxEizB8N2ETkwc7",
    "prediction": "boarding",
    "actual": "boarding"
  },
  "TsqMjNDdEXguXzN7puUbW5": {
    "question_id": "TsqMjNDdEXguXzN7puUbW5",
    "prediction": "plastic",
    "actual": "plastic"
  },
  "U3vN2kLcHwnX4WfdNGnvxW": {
    "question_id": "U3vN2kLcHwnX4WfdNGnvxW",
    "prediction": "sea",
    "actual": "sea"
  },
  "ULSq2sLPjbuZY3B2Z6mYjb": {
    "question_id": "ULSq2sLPjbuZY3B2Z6mYjb",
    "prediction": "eat food",
    "actual": "eat food"
  },
  "UPhByDxcyegyWfhgbrkTZD": {
    "question_id": "UPhByDxcyegyWfhgbrkTZD",
    "prediction": "cell phone",
    "actual": "cell phone"
  },
  "US64WDYHmJ3UBhFuwDmcWM": {
    "question_id": "US64WDYHmJ3UBhFuwDmcWM",
    "prediction": "police officer",
    "actual": "police officer"
  },
  "UUjWA8SQGxcai53mEXndiA": {
    "question_id": "UUjWA8SQGxcai53mEXndiA",
    "prediction": "churning water",
    "actual": "churning water"
  },
  "UXBfDe6BkYdbApxVPSdmVo": {
    "question_id": "UXBfDe6BkYdbApxVPSdmVo",
    "prediction": "yogurt",
    "actual": "yogurt"
  },
  "UYqcgLGSbQXzeDLUj6rZej": {
    "question_id": "UYqcgLGSbQXzeDLUj6rZej",
    "prediction": "tusk",
    "actual": "tusk"
  },
  "UcsK83RofE8rYDQoLmWhwK": {
    "question_id": "UcsK83RofE8rYDQoLmWhwK",
    "prediction": "car wash",
    "actual": "car wash"
  },
  "UrWnWqFNL2XNxWBvkt3nLp": {
    "question_id": "UrWnWqFNL2XNxWBvkt3nLp",
    "prediction": "ax",
    "actual": "ax"
  },
  "V4VjJ3eNtgQnM7ZvF2S3iL": {
    "question_id": "V4VjJ3eNtgQnM7ZvF2S3iL",
    "prediction": "mother",
    "actual": "mother"
  },
  "VEYdFufFnzaDwFg4HBBcYY": {
    "question_id": "VEYdFufFnzaDwFg4HBBcYY",
    "prediction": "standing",
    "actual": "standing"
  },
  "VF8AXcb7aXEHcTu4ZWtQf6": {
    "question_id": "VF8AXcb7aXEHcTu4ZWtQf6",
    "prediction": "restaurant",
    "actual": "restaurant"
  },
  "VJLpcbF24BNNeHBGBKQp8K": {
    "question_id": "VJLpcbF24BNNeHBGBKQp8K",
    "prediction": "protection",
    "actual": "protection"
  },
  "VKDkZzDN4KTFxGbh2KrgSf": {
    "question_id": "VKDkZzDN4KTFxGbh2KrgSf",
    "prediction": "china",
    "actual": "china"
  },
  "VPtWDzT5r9wYAo4xWxHy97": {
    "question_id": "VPtWDzT5r9wYAo4xWxHy97",
    "prediction": "donald duck",
    "actual": "donald duck"
  },
  "VSvCeQz6PNuzX6hYisMLe4": {
    "question_id": "VSvCeQz6PNuzX6hYisMLe4",
    "prediction": "sitting",
    "actual": "sitting"
  },
  "VZg6oeEVpweNk9fihBXS8m": {
    "question_id": "VZg6oeEVpweNk9fihBXS8m",
    "prediction": "checkerboard",
    "actual": "checkerboard"
  },
  "Va5KLsXWHujm6DtfGdHssS": {
    "question_id": "Va5KLsXWHujm6DtfGdHssS",
    "prediction": "afternoon",
    "actual": "afternoon"
  },
  "VnvcXjkeZTbMsRfQZwQXUF": {
    "question_id": "VnvcXjkeZTbMsRfQZwQXUF",
    "prediction": "reading",
    "actual": "reading"
  },
  "W45wAtdznJWCkxES23Ymmb": {
    "question_id": "W45wAtdznJWCkxES23Ymmb",
    "prediction": "hot sauce",
    "actual": "hot sauce"
  },
  "W9gwHYkWiZQ9fTUbF6rJUt": {
    "question_id": "W9gwHYkWiZQ9fTUbF6rJUt",
    "prediction": "australia",
    "actual": "australia"
  },
  "WC8XQmunFHgUyN44J9vNQu": {
    "question_id": "WC8XQmunFHgUyN44J9vNQu",
    "prediction": "rail",
    "actual": "rail"
  },
  "WHkq5C8BiaowwnmsHGAxgf": {
    "question_id": "WHkq5C8BiaowwnmsHGAxgf",
    "prediction": "cheese",
    "actual": "cheese"
  },
  "WRniXpa5KWfR7D85cwFASi": {
    "question_id": "WRniXpa5KWfR7D85cwFASi",
    "prediction": "nintendo wii",
    "actual": "nintendo wii"
  },
  "WdswpNeyj4t9nbTqRVKKT9": {
    "question_id": "WdswpNeyj4t9nbTqRVKKT9",
    "prediction": "stir frying",
    "actual": "stir frying"
  },
  "WnCzZybnZ7YyuDvJ62YLyt": {
    "question_id": "WnCzZybnZ7YyuDvJ62YLyt",
    "prediction": "airport",
    "actual": "airport"
  },
  "WojdRVndpCBeqpSk3roFjk": {
    "question_id": "WojdRVndpCBeqpSk3roFjk",
    "prediction": "compact fluorescent",
    "actual": "compact fluorescent"
  },
  "Wug9d3qD8PXM2ugMWrbNA5": {
    "question_id": "Wug9d3qD8PXM2ugMWrbNA5",
    "prediction": "light",
    "actual": "light"
  },
  "Wz68Xn6EZYE34pM3RG2zNH": {
    "question_id": "Wz68Xn6EZYE34pM3RG2zNH",
    "prediction": "pitcher",
    "actual": "pitcher"
  },
  "XKjvNP3RonaQcJbF2oreHb": {
    "question_id": "XKjvNP3RonaQcJbF2oreHb",
    "prediction": "striped",
    "actual": "striped"
  },
  "XLheqq6ar6y8HxdmSZokoi": {
    "question_id": "XLheqq6ar6y8HxdmSZokoi",
    "prediction": "parade",
    "actual": "parade"
  },
  "XSdfYndeSP25Dm2T5e5Bd4": {
    "question_id": "XSdfYndeSP25Dm2T5e5Bd4",
    "prediction": "sheep",
    "actual": "sheep"
  },
  "XaVW3KQGzwUPCJeYwr99F6": {
    "question_id": "XaVW3KQGzwUPCJeYwr99F6",
    "prediction": "exhibition",
    "actual": "exhibition"
  },
  "XcYCdxp4Javwyxx6cihuSz": {
    "question_id": "XcYCdxp4Javwyxx6cihuSz",
    "prediction": "railroad",
    "actual": "railroad"
  },
  "XfKzDoDZwVcQqTPF6xzjbs": {
    "question_id": "XfKzDoDZwVcQqTPF6xzjbs",
    "prediction": "speeding",
    "actual": "speeding"
  },
  "XogitwSQqMuD3ABqp25hgF": {
    "question_id": "XogitwSQqMuD3ABqp25hgF",
    "prediction": "parallel",
    "actual": "parallel"
  },
  "XsmK9BGTpRCeMYeF7Lq43Q": {
    "question_id": "XsmK9BGTpRCeMYeF7Lq43Q",
    "prediction": "rail grind",
    "actual": "rail grind"
  },
  "Xw5HiN4AhQ2Nniw8ZD6LYB": {
    "question_id": "Xw5HiN4AhQ2Nniw8ZD6LYB",
    "prediction": "clown fish",
    "actual": "clown fish"
  },
  "YGzsjNW5NAbf7tFQeufc4e": {
    "question_id": "YGzsjNW5NAbf7tFQeufc4e",
    "prediction": "tusks",
    "actual": "tusks"
  },
  "YibQmkwXJ4TPVqZjhqmV9r": {
    "question_id": "YibQmkwXJ4TPVqZjhqmV9r",
    "prediction": "powdered sugar",
    "actual": "powdered sugar"
  },
  "YkmMkPR5sqwoebanrtJNBw": {
    "question_id": "YkmMkPR5sqwoebanrtJNBw",
    "prediction": "wire",
    "actual": "wire"
  },
  "YoMKzbxjcp5XHZrxcqj3Pn": {
    "question_id": "YoMKzbxjcp5XHZrxcqj3Pn",
    "prediction": "traffic light",
    "actual": "traffic light"
  },
  "Yzs9cYUUiiJWUzXRFsu3Qy": {
    "question_id": "Yzs9cYUUiiJWUzXRFsu3Qy",
    "prediction": "zero",
    "actual": "zero"
  },
  "ZBUSChQQGFWkXRQZcUxtrM": {
    "question_id": "ZBUSChQQGFWkXRQZcUxtrM",
    "prediction": "crt",
    "actual": "crt"
  },
  "ZDyf8aLqsUSUVCTRMk6zAu": {
    "question_id": "ZDyf8aLqsUSUVCTRMk6zAu",
    "prediction": "legos",
    "actual": "legos"
  },
  "ZH4XEMQDqCEqeyqX8ruMqf": {
    "question_id": "ZH4XEMQDqCEqeyqX8ruMqf",
    "prediction": "tea party",
    "actual": "tea party"
  },
  "ZVHGXacRAzycGJbvaZL6WW": {
    "question_id": "ZVHGXacRAzycGJbvaZL6WW",
    "prediction": "lake",
    "actual": "lake"
  },
  "ZVihanJCkC9cEENhpyucEn": {
    "question_id": "ZVihanJCkC9cEENhpyucEn",
    "prediction": "weather",
    "actual": "weather"
  },
  "ZXpemwU9BnGkBEdj8f6tqD": {
    "question_id": "ZXpemwU9BnGkBEdj8f6tqD",
    "prediction": "ski down",
    "actual": "ski down"
  },
  "ZdLaJyLJrM3UyQfks4vPz4": {
    "question_id": "ZdLaJyLJrM3UyQfks4vPz4",
    "prediction": "convenience store",
    "actual": "convenience store"
  },
  "ZeUzimMiTU6aJb3tFM7ie3": {
    "question_id": "ZeUzimMiTU6aJb3tFM7ie3",
    "prediction": "tropical",
    "actual": "tropical"
  },
  "ZfTC6zzHXSMikD2CDbSrJn": {
    "question_id": "ZfTC6zzHXSMikD2CDbSrJn",
    "prediction": "plaid",
    "actual": "plaid"
  },
  "ZjapTLh575MHGLJLdT5wkE": {
    "question_id": "ZjapTLh575MHGLJLdT5wkE",
    "prediction": "smoking",
    "actual": "smoking"
  },
  "ZthUeysacKx2CVGPpNKxe4": {
    "question_id": "ZthUeysacKx2CVGPpNKxe4",
    "prediction": "sarong",
    "actual": "sarong"
  },
  "aAEJFGA3xJLXv4gMXqCd84": {
    "question_id": "aAEJFGA3xJLXv4gMXqCd84",
    "prediction": "eye protection",
    "actual": "eye protection"
  },
  "aDVS7CNLi2et7Uf7kEEZeQ": {
    "question_id": "aDVS7CNLi2et7Uf7kEEZeQ",
    "prediction": "for food",
    "actual": "for food"
  },
  "admjQXJJsLpbcEdRVyvVsf": {
    "question_id": "admjQXJJsLpbcEdRVyvVsf",
    "prediction": "dirt",
    "actual": "dirt"
  },
  "avHqQqojSySkp7zg2o7afF": {
    "question_id": "avHqQqojSySkp7zg2o7afF",
    "prediction": "trees",
    "actual": "trees"
  },
  "bTGQFiRVpf3sA2KURQcTQU": {
    "question_id": "bTGQFiRVpf3sA2KURQcTQU",
    "prediction": "train",
    "actual": "train"
  },
  "bTRUSAypEjzP5XWNW954RK": {
    "question_id": "bTRUSAypEjzP5XWNW954RK",
    "prediction": "residential",
    "actual": "residential"
  },
  "bWUR6AzW6CejWi3EG2PZfT": {
    "question_id": "bWUR6AzW6CejWi3EG2PZfT",
    "prediction": "beer",
    "actual": "beer"
  },
  "bezNeT66zH5bmV9XRsGhcf": {
    "question_id": "bezNeT66zH5bmV9XRsGhcf",
    "prediction": "mountain",
    "actual": "mountain"
  },
  "bf5TyZHVCjmFbsBP9o7qMq": {
    "question_id": "bf5TyZHVCjmFbsBP9o7qMq",
    "prediction": "same color",
    "actual": "same color"
  },
  "bp87frxTcBx6bA7KtzDFp7": {
    "question_id": "bp87frxTcBx6bA7KtzDFp7",
    "prediction": "street",
    "actual": "street"
  },
  "bqgrwRMbZtGzixs99Lommf": {
    "question_id": "bqgrwRMbZtGzixs99Lommf",
    "prediction": "skateboard",
    "actual": "skateboard"
  },
  "bsEAp6tE9zHfcQ2ZASJYbZ": {
    "question_id": "bsEAp6tE9zHfcQ2ZASJYbZ",
    "prediction": "eating leaves",
    "actual": "eating leaves"
  },
  "bt6WFDHUBaFadif2oq3h4k": {
    "question_id": "bt6WFDHUBaFadif2oq3h4k",
    "prediction": "running",
    "actual": "running"
  },
  "c4kK8bzsKvVyN2KzoAkKpT": {
    "question_id": "c4kK8bzsKvVyN2KzoAkKpT",
    "prediction": "love",
    "actual": "love"
  },
  "c7bJDbwpd27BqNaJzK9ubb": {
    "question_id": "c7bJDbwpd27BqNaJzK9ubb",
    "prediction": "to sell",
    "actual": "to sell"
  },
  "cJWo8W7BsstCU73xdVW3zF": {
    "question_id": "cJWo8W7BsstCU73xdVW3zF",
    "prediction": "printing",
    "actual": "printing"
  },
  "cRGhffFZWNyQviWrJPmRCg": {
    "question_id": "cRGhffFZWNyQviWrJPmRCg",
    "prediction": "two",
    "actual": "two"
  },
  "ccZR5KJLUyDM8CqyvVVWbj": {
    "question_id": "ccZR5KJLUyDM8CqyvVVWbj",
    "prediction": "square",
    "actual": "square"
  },
  "ciMU7f8NdZMAwQJDmPrmcH": {
    "question_id": "ciMU7f8NdZMAwQJDmPrmcH",
    "prediction": "tuna",
    "actual": "tuna"
  },
  "ckEWdFtXTjmNaM5gGbqQH4": {
    "question_id": "ckEWdFtXTjmNaM5gGbqQH4",
    "prediction": "eat",
    "actual": "eat"
  },
  "cmDRUcNRtcvVpHzURp8W45": {
    "question_id": "cmDRUcNRtcvVpHzURp8W45",
    "prediction": "late night",
    "actual": "late night"
  },
  "cpFBV7cMfv53fdwaaWiWGt": {
    "question_id": "cpFBV7cMfv53fdwaaWiWGt",
    "prediction": "kitchen",
    "actual": "kitchen"
  },
  "crFTuf4oK8K3SqFqWe7d8X": {
    "question_id": "crFTuf4oK8K3SqFqWe7d8X",
    "prediction": "orange",
    "actual": "orange"
  },
  "da6PS4adVsfrcADUNQ8GMx": {
    "question_id": "da6PS4adVsfrcADUNQ8GMx",
    "prediction": "two",
    "actual": "two"
  },
  "dgiMniYGqfUmHnVDLJdayu": {
    "question_id": "dgiMniYGqfUmHnVDLJdayu",
    "prediction": "baseball cap",
    "actual": "baseball cap"
  },
  "dhJDsvTigyVh6W3kHQcMLa": {
    "question_id": "dhJDsvTigyVh6W3kHQcMLa",
    "prediction": "baby",
    "actual": "baby"
  },
  "e7mX2aASmkZwAXRiHbK6QZ": {
    "question_id": "e7mX2aASmkZwAXRiHbK6QZ",
    "prediction": "60",
    "actual": "60"
  },
  "eB3RtTTsyXa6YKzPMrm4kd": {
    "question_id": "eB3RtTTsyXa6YKzPMrm4kd",
    "prediction": "red wine",
    "actual": "red wine"
  },
  "eDZFWUyFe832NMLpecBV63": {
    "question_id": "eDZFWUyFe832NMLpecBV63",
    "prediction": "picture taking",
    "actual": "picture taking"
  },
  "eJTAScNwDH8iedN247LDBV": {
    "question_id": "eJTAScNwDH8iedN247LDBV",
    "prediction": "tie",
    "actual": "tie"
  },
  "eVSP3pkyjc7WXrz4KPd2rz": {
    "question_id": "eVSP3pkyjc7WXrz4KPd2rz",
    "prediction": "teeth",
    "actual": "teeth"
  },
  "edgUrxZbEmJboFbFUdBdCm": {
    "question_id": "edgUrxZbEmJboFbFUdBdCm",
    "prediction": "baseball bat",
    "actual": "baseball bat"
  },
  "eiLeNz2CFKYS7AFZDXrKEM": {
    "question_id": "eiLeNz2CFKYS7AFZDXrKEM",
    "prediction": "class",
    "actual": "class"
  },
  "eknnNjTPL6m3PBzaxLZbbh": {
    "question_id": "eknnNjTPL6m3PBzaxLZbbh",
    "prediction": "table",
    "actual": "table"
  },
  "et6akpyxHvFPfKyPNtNzSi": {
    "question_id": "et6akpyxHvFPfKyPNtNzSi",
    "prediction": "cellular",
    "actual": "cellular"
  },
  "f5nsFmeqGkf4zfaSVk4ocX": {
    "question_id": "f5nsFmeqGkf4zfaSVk4ocX",
    "prediction": "daughter",
    "actual": "daughter"
  },
  "f64sjY8tRYzCoYyGq2fyem": {
    "question_id": "f64sjY8tRYzCoYyGq2fyem",
    "prediction": "food",
    "actual": "food"
  },
  "f6veAkmc4fZwqbVmqZxs7z": {
    "question_id": "f6veAkmc4fZwqbVmqZxs7z",
    "prediction": "back seat",
    "actual": "back seat"
  },
  "f98CKzuCeHPRkbQSvQ8DWn": {
    "question_id": "f98CKzuCeHPRkbQSvQ8DWn",
    "prediction": "to sell",
    "actual": "to sell"
  },
  "fLRvDM4xG4ag8n4JC6CUQz": {
    "question_id": "fLRvDM4xG4ag8n4JC6CUQz",
    "prediction": "teddy bear",
    "actual": "teddy bear"
  },
  "fQxikBu5n7M2LWh5xV2BAb": {
    "question_id": "fQxikBu5n7M2LWh5xV2BAb",
    "prediction": "grind",
    "actual": "grind"
  },
  "fUKdZK7FEHkWsjtLTeajkn": {
    "question_id": "fUKdZK7FEHkWsjtLTeajkn",
    "prediction": "seattle",
    "actual": "seattle"
  },
  "fVBJLwGMCV6Dq9cEaGyrq3": {
    "question_id": "fVBJLwGMCV6Dq9cEaGyrq3",
    "prediction": "console",
    "actual": "console"
  },
  "fVuz8FFvFG4BEFRwzT5Ppg": {
    "question_id": "fVuz8FFvFG4BEFRwzT5Ppg",
    "prediction": "balance",
    "actual": "balance"
  },
  "fZVNJLSu2SxMramndCnER8": {
    "question_id": "fZVNJLSu2SxMramndCnER8",
    "prediction": "tennis ball",
    "actual": "tennis ball"
  },
  "fc9QkXjzTTYvw5oAqRj6H4": {
    "question_id": "fc9QkXjzTTYvw5oAqRj6H4",
    "prediction": "flock",
    "actual": "flock"
  },
  "feGFfp3nMKyVUYRboCosh9": {
    "question_id": "feGFfp3nMKyVUYRboCosh9",
    "prediction": "food",
    "actual": "food"
  },
  "fgF7yNqEPZiNszHnQZKkxU": {
    "question_id": "fgF7yNqEPZiNszHnQZKkxU",
    "prediction": "glasses",
    "actual": "glasses"
  },
  "fpgzreGfZFZQjPFocePhFo": {
    "question_id": "fpgzreGfZFZQjPFocePhFo",
    "prediction": "snow",
    "actual": "snow"
  },
  "g7xtDFAVrWx9w6DHFgcKkz": {
    "question_id": "g7xtDFAVrWx9w6DHFgcKkz",
    "prediction": "bike lane",
    "actual": "bike lane"
  },
  "gHLMqJkY93TUV94a7tLpoR": {
    "question_id": "gHLMqJkY93TUV94a7tLpoR",
    "prediction": "town",
    "actual": "town"
  },
  "gaKyGVP3dVZGGtonfcuK6r": {
    "question_id": "gaKyGVP3dVZGGtonfcuK6r",
    "prediction": "london",
    "actual": "london"
  },
  "gcedAQnUFuSzQFGSnjixym": {
    "question_id": "gcedAQnUFuSzQFGSnjixym",
    "prediction": "cocoa",
    "actual": "cocoa"
  },
  "geoznuKRiPX5hf2he5EgpS": {
    "question_id": "geoznuKRiPX5hf2he5EgpS",
    "prediction": "three",
    "actual": "three"
  },
  "h4zCFQx6fTvww2Z3rzcq9K": {
    "question_id": "h4zCFQx6fTvww2Z3rzcq9K",
    "prediction": "art",
    "actual": "art"
  },
  "hAnVoSeXQksd6ZjSYMBFpA": {
    "question_id": "hAnVoSeXQksd6ZjSYMBFpA",
    "prediction": "skiing",
    "actual": "skiing"
  },
  "hB2doqSEEeky2XNUEHdz79": {
    "question_id": "hB2doqSEEeky2XNUEHdz79",
    "prediction": "field",
    "actual": "field"
  },
  "hECCUB8FXovMC5nNPG2itn": {
    "question_id": "hECCUB8FXovMC5nNPG2itn",
    "prediction": "14",
    "actual": "14"
  },
  "hJe5wYuE8Qr9uuzc9zahBx": {
    "question_id": "hJe5wYuE8Qr9uuzc9zahBx",
    "prediction": "passenger",
    "actual": "passenger"
  },
  "hTNJXskvyVHvfhYb7Mdp7X": {
    "question_id": "hTNJXskvyVHvfhYb7Mdp7X",
    "prediction": "truck",
    "actual": "truck"
  },
  "hUuZHj9U6dgD53jRBVVYfk": {
    "question_id": "hUuZHj9U6dgD53jRBVVYfk",
    "prediction": "sugar",
    "actual": "sugar"
  },
  "hVFNQ63oXdszJvNvWDLoHt": {
    "question_id": "hVFNQ63oXdszJvNvWDLoHt",
    "prediction": "laying",
    "actual": "laying"
  },
  "hikczeyros8C4QajTVYThj": {
    "question_id": "hikczeyros8C4QajTVYThj",
    "prediction": "frisbee",
    "actual": "frisbee"
  },
  "hmfuC58r3K4Yg7EkMxJXXb": {
    "question_id": "hmfuC58r3K4Yg7EkMxJXXb",
    "prediction": "potato",
    "actual": "potato"
  },
  "hnKD5XstcaNYe6tjb6vCPe": {
    "question_id": "hnKD5XstcaNYe6tjb6vCPe",
    "prediction": "office",
    "actual": "office"
  },
  "hxRkeGBLz5CdxgnXSgiiH7": {
    "question_id": "hxRkeGBLz5CdxgnXSgiiH7",
    "prediction": "hooves",
    "actual": "hooves"
  },
  "i2ZhyTn4CzHyVxCjM6JFP5": {
    "question_id": "i2ZhyTn4CzHyVxCjM6JFP5",
    "prediction": "fruit",
    "actual": "fruit"
  },
  "ijeUcdVFHVYtTABEpPYJCR": {
    "question_id": "ijeUcdVFHVYtTABEpPYJCR",
    "prediction": "uniform",
    "actual": "uniform"
  },
  "iq9BaDbmL7bZfnXELtibFz": {
    "question_id": "iq9BaDbmL7bZfnXELtibFz",
    "prediction": "imac",
    "actual": "imac"
  },
  "iriWmuGxQfwS4Uj8UE2ojD": {
    "question_id": "iriWmuGxQfwS4Uj8UE2ojD",
    "prediction": "wild",
    "actual": "wild"
  },
  "j4usZ4NoJf62hcBq4GCBc7": {
    "question_id": "j4usZ4NoJf62hcBq4GCBc7",
    "prediction": "asian",
    "actual": "asian"
  },
  "j5j6LUEzw383spcNXi7XhT": {
    "question_id": "j5j6LUEzw383spcNXi7XhT",
    "prediction": "skateboard",
    "actual": "skateboard"
  },
  "jE3TsyErJ4eD8rPhTzBzb6": {
    "question_id": "jE3TsyErJ4eD8rPhTzBzb6",
    "prediction": "staring",
    "actual": "staring"
  },
  "jJtrzZ4RRXKH8SSVmgw8tp": {
    "question_id": "jJtrzZ4RRXKH8SSVmgw8tp",
    "prediction": "wild",
    "actual": "wild"
  },
  "jQLQXdTab2NMEr4CHskSjQ": {
    "question_id": "jQLQXdTab2NMEr4CHskSjQ",
    "prediction": "motorcycle",
    "actual": "motorcycle"
  },
  "jRxbsCVJxNtUMvsEBfpTaE": {
    "question_id": "jRxbsCVJxNtUMvsEBfpTaE",
    "prediction": "tank car",
    "actual": "tank car"
  },
  "jT7i37wypejYFkuDY3xLLg": {
    "question_id": "jT7i37wypejYFkuDY3xLLg",
    "prediction": "pen",
    "actual": "pen"
  },
  "jVXbihURQxsHwkTVByGBKj": {
    "question_id": "jVXbihURQxsHwkTVByGBKj",
    "prediction": "surfboard",
    "actual": "surfboard"
  },
  "jbdEbFFZDtMSrD3h32SFAp": {
    "question_id": "jbdEbFFZDtMSrD3h32SFAp",
    "prediction": "to catch",
    "actual": "to catch"
  },
  "jfuLWvGbtvRTnLYAPEE8pi": {
    "question_id": "jfuLWvGbtvRTnLYAPEE8pi",
    "prediction": "two",
    "actual": "two"
  },
  "jqhSWKF72XwtaJGZH7XbS9": {
    "question_id": "jqhSWKF72XwtaJGZH7XbS9",
    "prediction": "two",
    "actual": "two"
  },
  "jyrnj3VZZGHVf5gYxzYmxA": {
    "question_id": "jyrnj3VZZGHVf5gYxzYmxA",
    "prediction": "wine tasting",
    "actual": "wine tasting"
  },
  "k8WjRvSCus9iQjUV6mPbCQ": {
    "question_id": "k8WjRvSCus9iQjUV6mPbCQ",
    "prediction": "stella artois",
    "actual": "stella artois"
  },
  "k8y3RfpAYmSuXDkcpiDQrx": {
    "question_id": "k8y3RfpAYmSuXDkcpiDQrx",
    "prediction": "laughing",
    "actual": "laughing"
  },
  "kZWuYe4HefJH33d7GCb4Tk": {
    "question_id": "kZWuYe4HefJH33d7GCb4Tk",
    "prediction": "japanese",
    "actual": "japanese"
  },
  "kgUHGxPt2H4SrR5Nb9be44": {
    "question_id": "kgUHGxPt2H4SrR5Nb9be44",
    "prediction": "shirt",
    "actual": "shirt"
  },
  "kqVKk7x35jEP3uXnZR3wBf": {
    "question_id": "kqVKk7x35jEP3uXnZR3wBf",
    "prediction": "driving",
    "actual": "driving"
  },
  "m4BSqisXuHjv98qLTDT2NE": {
    "question_id": "m4BSqisXuHjv98qLTDT2NE",
    "prediction": "baking",
    "actual": "baking"
  },
  "m4HzZ8497MsdVCT3HWMJA2": {
    "question_id": "m4HzZ8497MsdVCT3HWMJA2",
    "prediction": "mobile",
    "actual": "mobile"
  },
  "m5WdqTRtUoKxbPMBxJRUtg": {
    "question_id": "m5WdqTRtUoKxbPMBxJRUtg",
    "prediction": "parking",
    "actual": "parking"
  },
  "mEmUcZuHB6GamJkfCAwtsD": {
    "question_id": "mEmUcZuHB6GamJkfCAwtsD",
    "prediction": "hills",
    "actual": "hills"
  },
  "mQ5TJVLswrNGGP3La64Erc": {
    "question_id": "mQ5TJVLswrNGGP3La64Erc",
    "prediction": "grazing",
    "actual": "grazing"
  },
  "mWHEDu3pfYCy9FwrW5Qkt2": {
    "question_id": "mWHEDu3pfYCy9FwrW5Qkt2",
    "prediction": "leather",
    "actual": "leather"
  },
  "mXqJFvpNahd3xSBSMLqk9M": {
    "question_id": "mXqJFvpNahd3xSBSMLqk9M",
    "prediction": "sauce",
    "actual": "sauce"
  },
  "mcfejYn8zoagoF5VgNuR2F": {
    "question_id": "mcfejYn8zoagoF5VgNuR2F",
    "prediction": "red wine",
    "actual": "red wine"
  },
  "mhLhbPavrBpfdknacMN7GL": {
    "question_id": "mhLhbPavrBpfdknacMN7GL",
    "prediction": "home",
    "actual": "home"
  },
  "miQ67PB4K4pA5v37BoLda9": {
    "question_id": "miQ67PB4K4pA5v37BoLda9",
    "prediction": "cook",
    "actual": "cook"
  },
  "mjCY6VtSoZiKbBKKx3YuLZ": {
    "question_id": "mjCY6VtSoZiKbBKKx3YuLZ",
    "prediction": "to eat",
    "actual": "to eat"
  },
  "mxJ9HhWF4QbrG97rdsY7Pe": {
    "question_id": "mxJ9HhWF4QbrG97rdsY7Pe",
    "prediction": "forest",
    "actual": "forest"
  },
  "myZ67NZGoYaNEa8kADF8rV": {
    "question_id": "myZ67NZGoYaNEa8kADF8rV",
    "prediction": "fall season",
    "actual": "fall season"
  },
  "n2aTnUjkSkZPZEWK8S6T9Q": {
    "question_id": "n2aTnUjkSkZPZEWK8S6T9Q",
    "prediction": "turn right",
    "actual": "turn right"
  },
  "nVg8yTiMtqm4VmDPRDPhLB": {
    "question_id": "nVg8yTiMtqm4VmDPRDPhLB",
    "prediction": "drying hair",
    "actual": "drying hair"
  },
  "nejsAgBentBTfKxMaELBsr": {
    "question_id": "nejsAgBentBTfKxMaELBsr",
    "prediction": "write",
    "actual": "write"
  },
  "njzRWp6op4a49j3UtEjEFo": {
    "question_id": "njzRWp6op4a49j3UtEjEFo",
    "prediction": "pizza party",
    "actual": "pizza party"
  },
  "nkstSbXoxcYyHbvBbKvZtV": {
    "question_id": "nkstSbXoxcYyHbvBbKvZtV",
    "prediction": "sting ray",
    "actual": "sting ray"
  },
  "nzNFFqRxL3q4gJf2iXRMtT": {
    "question_id": "nzNFFqRxL3q4gJf2iXRMtT",
    "prediction": "glove",
    "actual": "glove"
  },
  "o7YUWt5CppEBSMU9tUszUZ": {
    "question_id": "o7YUWt5CppEBSMU9tUszUZ",
    "prediction": "rain",
    "actual": "rain"
  },
  "o9RMCCdLoYDGb6oR8Z3yvi": {
    "question_id": "o9RMCCdLoYDGb6oR8Z3yvi",
    "prediction": "grass",
    "actual": "grass"
  },
  "oJD9cm8E2JFszgzyPjaVgn": {
    "question_id": "oJD9cm8E2JFszgzyPjaVgn",
    "prediction": "siblings",
    "actual": "siblings"
  },
  "578p2wBoYH5uozEuVypCEw": {
    "question_id": "578p2wBoYH5uozEuVypCEw",
    "prediction": "elephant",
    "actual": "elephant"
  },
  "QfzADtoknvheZQ3r9o4XWa": {
    "question_id": "QfzADtoknvheZQ3r9o4XWa",
    "prediction": "in shape",
    "actual": "in shape"
  },
  "UY4enMq3yMvLG5oAXZQVQL": {
    "question_id": "UY4enMq3yMvLG5oAXZQVQL",
    "prediction": "hot peppers",
    "actual": "hot peppers"
  },
  "Y4KDhiu2MeKojYumTWRevx": {
    "question_id": "Y4KDhiu2MeKojYumTWRevx",
    "prediction": "jetway",
    "actual": "jetway"
  },
  "YgiqkypFRQHVYHqieDPN9u": {
    "question_id": "YgiqkypFRQHVYHqieDPN9u",
    "prediction": "grip",
    "actual": "grip"
  },
  "b6kMEJD9bLnsJksyGqZgcR": {
    "question_id": "b6kMEJD9bLnsJksyGqZgcR",
    "prediction": "united states",
    "actual": "united states"
  },
  "n3q6CBsJfobMm4vAqMGi38": {
    "question_id": "n3q6CBsJfobMm4vAqMGi38",
    "prediction": "bagel",
    "actual": "bagel"
  },
  "3wvvpLQuiKWmKy5RHKESEC": {
    "question_id": "3wvvpLQuiKWmKy5RHKESEC",
    "prediction": "herding",
    "actual": "herding"
  },
  "4YdWSrT4x9p78GxJhf6vis": {
    "question_id": "4YdWSrT4x9p78GxJhf6vis",
    "prediction": "children",
    "actual": "children"
  },
  "6GNHDAUJnk4GUrW6x4AJwF": {
    "question_id": "6GNHDAUJnk4GUrW6x4AJwF",
    "prediction": "grass",
    "actual": "grass"
  },
  "A4pTVyj6FszUQtpyuwuEs2": {
    "question_id": "A4pTVyj6FszUQtpyuwuEs2",
    "prediction": "food",
    "actual": "food"
  },
  "ANzKkT7BMAmz62TWUSbPNn": {
    "question_id": "ANzKkT7BMAmz62TWUSbPNn",
    "prediction": "home run",
    "actual": "home run"
  },
  "F8Df2XjGi87XQBkJNa79Ka": {
    "question_id": "F8Df2XjGi87XQBkJNa79Ka",
    "prediction": "bakery",
    "actual": "bakery"
  },
  "KGhKWAGTj6kUsxSUHDH8t5": {
    "question_id": "KGhKWAGTj6kUsxSUHDH8t5",
    "prediction": "candle",
    "actual": "candle"
  },
  "KMF7Ym9gSvVVJ5QoLtTpt6": {
    "question_id": "KMF7Ym9gSvVVJ5QoLtTpt6",
    "prediction": "ball",
    "actual": "ball"
  },
  "Kn65sKCZq6EBQWNdQB469p": {
    "question_id": "Kn65sKCZq6EBQWNdQB469p",
    "prediction": "banana",
    "actual": "banana"
  },
  "MqCKsUbTPGQJxLL75tGc5F": {
    "question_id": "MqCKsUbTPGQJxLL75tGc5F",
    "prediction": "15",
    "actual": "15"
  },
  "QqviUwQkfAndzidCzfJFKS": {
    "question_id": "QqviUwQkfAndzidCzfJFKS",
    "prediction": "passenger seating",
    "actual": "passenger seating"
  },
  "RAq5ExoFdoDbbU97rvFYfZ": {
    "question_id": "RAq5ExoFdoDbbU97rvFYfZ",
    "prediction": "dodgers",
    "actual": "dodgers"
  },
  "RBTyZFjfaXXGuDBCesAqcV": {
    "question_id": "RBTyZFjfaXXGuDBCesAqcV",
    "prediction": "nike",
    "actual": "nike"
  },
  "WmFJXxTJibdaLUQiLHKPNg": {
    "question_id": "WmFJXxTJibdaLUQiLHKPNg",
    "prediction": "prevent slipping",
    "actual": "prevent slipping"
  },
  "XPhow2MD6num6LkVWv2WDC": {
    "question_id": "XPhow2MD6num6LkVWv2WDC",
    "prediction": "wish",
    "actual": "wish"
  },
  "Zg7XNQn9CZt3jkATUMXFhp": {
    "question_id": "Zg7XNQn9CZt3jkATUMXFhp",
    "prediction": "ponytail",
    "actual": "ponytail"
  },
  "cEtogP8bKLXGuFtxeEqkvZ": {
    "question_id": "cEtogP8bKLXGuFtxeEqkvZ",
    "prediction": "face",
    "actual": "face"
  },
  "iGmzkJ63JuV4MwnQo2B6Jb": {
    "question_id": "iGmzkJ63JuV4MwnQo2B6Jb",
    "prediction": "emergency brake",
    "actual": "emergency brake"
  },
  "mf7iP3eaca7zncQHvBLbEF": {
    "question_id": "mf7iP3eaca7zncQHvBLbEF",
    "prediction": "head and shoulders",
    "actual": "head and shoulders"
  }
}