{
  "22jbM6gDxdaMaunuzgrsBB": {
    "question_id": "22jbM6gDxdaMaunuzgrsBB",
    "prediction": "toothpick",
    "actual": "cigarette"
  },
  "2Br4bJfKY7SQM9DECrqqeG": {
    "question_id": "2Br4bJfKY7SQM9DECrqqeG",
    "prediction": "frozen",
    "actual": "dirty"
  },
  "2P5mVJc5a6DcCN9opV92FJ": {
    "question_id": "2P5mVJc5a6DcCN9opV92FJ",
    "prediction": "leaping",
    "actual": "crouching"
  },
  "2PGwvdFESLvwfFCwK5pbYu": {
    "question_id": "2PGwvdFESLvwfFCwK5pbYu",
    "prediction": "linen",
    "actual": "denim"
  },
  "2U3SiXdyEgJBHNThL4YbPz": {
    "question_id": "2U3SiXdyEgJBHNThL4YbPz",
    "prediction": "fork",
    "actual": "candle"
  },
  "2YfYkRjcnnsVzjycPehWPA": {
    "question_id": "2YfYkRjcnnsVzjycPehWPA",
    "prediction": "radish",
    "actual": "grapes"
  },
  "2etjUMchktfSY5fgGg5msL": {
    "question_id": "2etjUMchktfSY5fgGg5msL",
    "prediction": "pills",
    "actual": "cough drops"
  },
  "2sUggWn8qBk97E38wKpjN5": {
    "question_id": "2sUggWn8qBk97E38wKpjN5",
    "prediction": "dawn",
    "actual": "afternoon"
  },
  "2vGs6CLETM2BJPstdHjku9": {
    "question_id": "2vGs6CLETM2BJPstdHjku9",
    "prediction": "eat",
    "actual": "jump"
  },
  "3SKKn3bQ4xhiDpkesifdod": {
    "question_id": "3SKKn3bQ4xhiDpkesifdod",
    "prediction": "usa",
    "actual": "japan"
  },
  "3X8TsFBRS7mBsBbyFDzRdb": {
    "question_id": "3X8TsFBRS7mBsBbyFDzRdb",
    "prediction": "prosciutto",
    "actual": "pepperoni"
  },
  "3asRExdxmWQtJw4sv49AGZ": {
    "question_id": "3asRExdxmWQtJw4sv49AGZ",
    "prediction": "open doors",
    "actual": "closed doors"
  },
  "3hvf4MjtcgpFznUWS5bbvj": {
    "question_id": "3hvf4MjtcgpFznUWS5bbvj",
    "prediction": "basketball",
    "actual": "baseball"
  },
  "3vbWi2p7C9SSUHWSdbMYbE": {
    "question_id": "3vbWi2p7C9SSUHWSdbMYbE",
    "prediction": "wii tennis",
    "actual": "wii boxing"
  },
  "3w3DT989GgT6yjqurjvmt6": {
    "question_id": "3w3DT989GgT6yjqurjvmt6",
    "prediction": "slide",
    "actual": "bunt"
  },
  "4C2cZitDfGX5ytw6YTcxiL": {
    "question_id": "4C2cZitDfGX5ytw6YTcxiL",
    "prediction": "pantry",
    "actual": "sink"
  },
  "4H7KMfvPvCTSvtf8Uyp55D": {
    "question_id": "4H7KMfvPvCTSvtf8Uyp55D",
    "prediction": "batting",
    "actual": "storage"
  },
  "4U4iSWxvXv9RtE6V9KpxJo": {
    "question_id": "4U4iSWxvXv9RtE6V9KpxJo",
    "prediction": "decoration",
    "actual": "call letters"
  },
  "4cdYbJFFeKXJr6LbKgcxTa": {
    "question_id": "4cdYbJFFeKXJr6LbKgcxTa",
    "prediction": "suburban",
    "actual": "city"
  },
  "4dnt6ahNTCENKrvBhExyvV": {
    "question_id": "4dnt6ahNTCENKrvBhExyvV",
    "prediction": "yes",
    "actual": "absolutely no"
  },
  "4j6bW4ChHncMKUnmnGAQQ2": {
    "question_id": "4j6bW4ChHncMKUnmnGAQQ2",
    "prediction": "gaming",
    "actual": "academic"
  },
  "4t5DcDdFbw5x9PVRKis5AQ": {
    "question_id": "4t5DcDdFbw5x9PVRKis5AQ",
    "prediction": "gin",
    "actual": "milkshake"
  },
  "4xBq7ak8qCE92z8vddKXtu": {
    "question_id": "4xBq7ak8qCE92z8vddKXtu",
    "prediction": "east",
    "actual": "west"
  },
  "5AhBQW2ucGSwJbPTtXHTFd": {
    "question_id": "5AhBQW2ucGSwJbPTtXHTFd",
    "prediction": "trains",
    "actual": "cars"
  },
  "5QURaRC8e3HjPpYC2GrX4u": {
    "question_id": "5QURaRC8e3HjPpYC2GrX4u",
    "prediction": "banana peppers",
    "actual": "mushrooms"
  },
  "5TbBvzzr5N35YUs7yBd7Ah": {
    "question_id": "5TbBvzzr5N35YUs7yBd7Ah",
    "prediction": "ground",
    "actual": "chain"
  },
  "5XBmJitjSm9g7SQqNxYpe7": {
    "question_id": "5XBmJitjSm9g7SQqNxYpe7",
    "prediction": "counter",
    "actual": "island"
  },
  "5Y5u3gnReRQbzkRnGw5ywd": {
    "question_id": "5Y5u3gnReRQbzkRnGw5ywd",
    "prediction": "asphalt",
    "actual": "stone"
  },
  "5aXXZiPUcUzScs2do5tjYs": {
    "question_id": "5aXXZiPUcUzScs2do5tjYs",
    "prediction": "sprinkled",
    "actual": "piping tip"
  },
  "5cNGmGcUxJP7rwHnc6BXrs": {
    "question_id": "5cNGmGcUxJP7rwHnc6BXrs",
    "prediction": "cabin",
    "actual": "restroom"
  },
  "5jGPL4u8JFHkLyQCG354uG": {
    "question_id": "5jGPL4u8JFHkLyQCG354uG",
    "prediction": "flag",
    "actual": "kite"
  },
  "5oBisjqVjcXEXGkd2uKPDe": {
    "question_id": "5oBisjqVjcXEXGkd2uKPDe",
    "prediction": "tablet",
    "actual": "phone"
  },
  "5wfUGvXtyEw22kABjGaHxT": {
    "question_id": "5wfUGvXtyEw22kABjGaHxT",
    "prediction": "mushrooms",
    "actual": "fish"
  },
  "5z9Zmf4GRKoCa7igqv4Ef7": {
    "question_id": "5z9Zmf4GRKoCa7igqv4Ef7",
    "prediction": "instruments",
    "actual": "clothing"
  },
  "65Sfsx6hqdJ5UqNWLB3RCG": {
    "question_id": "65Sfsx6hqdJ5UqNWLB3RCG",
    "prediction": "zoo",
    "actual": "wild"
  },
  "6HizsyvwUgduwabP2dWha5": {
    "question_id": "6HizsyvwUgduwabP2dWha5",
    "prediction": "more buildings",
    "actual": "sunlight"
  },
  "6fCWweqmigW6UaiyaHq4Sy": {
    "question_id": "6fCWweqmigW6UaiyaHq4Sy",
    "prediction": "first baseman",
    "actual": "position"
  },
  "6kgVidVJRysLz6Rx3eNBZi": {
    "question_id": "6kgVidVJRysLz6Rx3eNBZi",
    "prediction": "office",
    "actual": "home"
  },
  "6kv3CWDoRDsm2DnUCHRgmk": {
    "question_id": "6kv3CWDoRDsm2DnUCHRgmk",
    "prediction": "office",
    "actual": "home"
  },
  "6ony7mfRzE7tEhj5udEe5u": {
    "question_id": "6ony7mfRzE7tEhj5udEe5u",
    "prediction": "car show",
    "actual": "art show"
  },
  "6pLYuYn5suAGgoBgJ4Z6HC": {
    "question_id": "6pLYuYn5suAGgoBgJ4Z6HC",
    "prediction": "training horse",
    "actual": "show performance"
  },
  "73kd5sUo4zXkApi6v4X8Qc": {
    "question_id": "73kd5sUo4zXkApi6v4X8Qc",
    "prediction": "italian",
    "actual": "mexican"
  },
  "764XKetFB6T3wsiABqc79e": {
    "question_id": "764XKetFB6T3wsiABqc79e",
    "prediction": "rectangles",
    "actual": "triangles"
  },
  "7CWwGUgRqbPEiGcZEzFVEF": {
    "question_id": "7CWwGUgRqbPEiGcZEzFVEF",
    "prediction": "rodent",
    "actual": "feline"
  },
  "7CrtnvrK5CTs6c9RC8WgPB": {
    "question_id": "7CrtnvrK5CTs6c9RC8WgPB",
    "prediction": "ford",
    "actual": "dodge"
  },
  "7KNmiZTYRQBHMJKJ9zkAjR": {
    "question_id": "7KNmiZTYRQBHMJKJ9zkAjR",
    "prediction": "road accident",
    "actual": "red light"
  },
  "7NbKNXQWBYJ8HTRo2J8CoU": {
    "question_id": "7NbKNXQWBYJ8HTRo2J8CoU",
    "prediction": "tie",
    "actual": "vest"
  },
  "7VodQFaYKxhUwQ5tpFSkRo": {
    "question_id": "7VodQFaYKxhUwQ5tpFSkRo",
    "prediction": "juice",
    "actual": "liquer"
  },
  "7Wj97TEQc4fnsxvvsbnUXH": {
    "question_id": "7Wj97TEQc4fnsxvvsbnUXH",
    "prediction": "chicken",
    "actual": "carrot"
  },
  "7ZA9sk8eRjBsisqK4EgQM2": {
    "question_id": "7ZA9sk8eRjBsisqK4EgQM2",
    "prediction": "dog",
    "actual": "woman"
  },
  "7dxcZiZowsAK34QswVhXy3": {
    "question_id": "7dxcZiZowsAK34QswVhXy3",
    "prediction": "below freezing",
    "actual": "hot"
  },
  "7jkWRB4pt8ZordP6wDAvbT": {
    "question_id": "7jkWRB4pt8ZordP6wDAvbT",
    "prediction": "radio",
    "actual": "tv"
  },
  "86vHZcPAsgzHoG4VL93xqr": {
    "question_id": "86vHZcPAsgzHoG4VL93xqr",
    "prediction": "both",
    "actual": "red"
  },
  "87sGM3r7nnhwncMAKMtbuo": {
    "question_id": "87sGM3r7nnhwncMAKMtbuo",
    "prediction": "jacket",
    "actual": "laptop"
  },
  "8MrFkkmRAk7E8ccS8FPZ8S": {
    "question_id": "8MrFkkmRAk7E8ccS8FPZ8S",
    "prediction": "to groom",
    "actual": "to ride"
  },
  "8Qivn8LXSmWYmn7zgKGiw4": {
    "question_id": "8Qivn8LXSmWYmn7zgKGiw4",
    "prediction": "cars",
    "actual": "speakers"
  },
  "8dWqzZJR3MvHHSGAAzAEJy": {
    "question_id": "8dWqzZJR3MvHHSGAAzAEJy",
    "prediction": "travel",
    "actual": "investments"
  },
  "8enBCTrMj57db8JVq9wyPq": {
    "question_id": "8enBCTrMj57db8JVq9wyPq",
    "prediction": "chocolate",
    "actual": "orange slices"
  },
  "8k5Wnk4jb9ZzTN8EHrqNS3": {
    "question_id": "8k5Wnk4jb9ZzTN8EHrqNS3",
    "prediction": "pens",
    "actual": "tissues"
  },
  "8pfeZwe43HT9mMjVmdZhzm": {
    "question_id": "8pfeZwe43HT9mMjVmdZhzm",
    "prediction": "three",
    "actual": "four"
  },
  "8qqTsLQFXdEDT9oeVgZekp": {
    "question_id": "8qqTsLQFXdEDT9oeVgZekp",
    "prediction": "mud",
    "actual": "water"
  },
  "8spFMseWd5TyYXt4LygCE5": {
    "question_id": "8spFMseWd5TyYXt4LygCE5",
    "prediction": "three",
    "actual": "one"
  },
  "8tjSG5kCpUsF7QaQsPoJcG": {
    "question_id": "8tjSG5kCpUsF7QaQsPoJcG",
    "prediction": "riverton",
    "actual": "omaha"
  },
  "8uQHFZsgJwvQPuvYs7reMA": {
    "question_id": "8uQHFZsgJwvQPuvYs7reMA",
    "prediction": "turning right",
    "actual": "turning left"
  },
  "8vuMQFQGMNiU6TcoNUNe2U": {
    "question_id": "8vuMQFQGMNiU6TcoNUNe2U",
    "prediction": "street sign",
    "actual": "advertisement"
  },
  "8w7GuH4PjCommJcwHaGge6": {
    "question_id": "8w7GuH4PjCommJcwHaGge6",
    "prediction": "stadium",
    "actual": "terminal"
  },
  "8xMtKKAZ5RHWjwMgCuYjWV": {
    "question_id": "8xMtKKAZ5RHWjwMgCuYjWV",
    "prediction": "deep dish",
    "actual": "margarita"
  },
  "92HRqF8nimMzat2iydhLAj": {
    "question_id": "92HRqF8nimMzat2iydhLAj",
    "prediction": "kicking",
    "actual": "skateboarding"
  },
  "93rpK9LLNQ8xmAPrEGm3rv": {
    "question_id": "93rpK9LLNQ8xmAPrEGm3rv",
    "prediction": "thatch",
    "actual": "stone"
  },
  "9J5n2f4j4R4B9t3c6MPSi3": {
    "question_id": "9J5n2f4j4R4B9t3c6MPSi3",
    "prediction": "rice",
    "actual": "turkey"
  },
  "9KA8dr22Hiveh2s9JwvPLZ": {
    "question_id": "9KA8dr22Hiveh2s9JwvPLZ",
    "prediction": "rump",
    "actual": "ear"
  },
  "9PGPr3vxBAb9jyWDiR9ous": {
    "question_id": "9PGPr3vxBAb9jyWDiR9ous",
    "prediction": "compaq",
    "actual": "hp"
  },
  "9R6ddmMNiye654hqqPZ2eE": {
    "question_id": "9R6ddmMNiye654hqqPZ2eE",
    "prediction": "water retainment",
    "actual": "prevent fire"
  },
  "9R9Ef5J6eaJzSHvUEkBkgq": {
    "question_id": "9R9Ef5J6eaJzSHvUEkBkgq",
    "prediction": "panda",
    "actual": "rooster"
  },
  "9TbmZ3Qq4paDv4AUeXpLEm": {
    "question_id": "9TbmZ3Qq4paDv4AUeXpLEm",
    "prediction": "wind",
    "actual": "paint"
  },
  "9Vcrsyxf2zbSBauWavQbju": {
    "question_id": "9Vcrsyxf2zbSBauWavQbju",
    "prediction": "left",
    "actual": "middle"
  },
  "9WmbdtPjrRDvD7yeHYr55d": {
    "question_id": "9WmbdtPjrRDvD7yeHYr55d",
    "prediction": "zigzag",
    "actual": "polka dots"
  },
  "9agpK8NJBKhb2vcWiKXRi7": {
    "question_id": "9agpK8NJBKhb2vcWiKXRi7",
    "prediction": "champagne",
    "actual": "water"
  },
  "9v2zVc4N5db5pVtYvrVEeD": {
    "question_id": "9v2zVc4N5db5pVtYvrVEeD",
    "prediction": "paper",
    "actual": "money"
  },
  "9zfgVSEG4hrKHfuoe4tHqx": {
    "question_id": "9zfgVSEG4hrKHfuoe4tHqx",
    "prediction": "reduce stress",
    "actual": "spend time"
  },
  "A2yJNQmbyDNtQEq4b2EZWx": {
    "question_id": "A2yJNQmbyDNtQEq4b2EZWx",
    "prediction": "uber",
    "actual": "flying"
  },
  "A3zGJC9ryU4EkHzywEGdJn": {
    "question_id": "A3zGJC9ryU4EkHzywEGdJn",
    "prediction": "white wine",
    "actual": "red wine"
  },
  "A9Pk4Az2eRMuSEgB8GnUBU": {
    "question_id": "A9Pk4Az2eRMuSEgB8GnUBU",
    "prediction": "biography",
    "actual": "thriller fiction"
  },
  "ADSaLsXSNftfMMYWMKKqCS": {
    "question_id": "ADSaLsXSNftfMMYWMKKqCS",
    "prediction": "under",
    "actual": "right"
  },
  "AQQMsV5n7NGgths6DjtJcH": {
    "question_id": "AQQMsV5n7NGgths6DjtJcH",
    "prediction": "hard",
    "actual": "soft"
  },
  "AScfHhLUR7uPGS4TV6VpbN": {
    "question_id": "AScfHhLUR7uPGS4TV6VpbN",
    "prediction": "to ride",
    "actual": "to restrain"
  },
  "Ar8D5FwKT47LcGDqJXXLjK": {
    "question_id": "Ar8D5FwKT47LcGDqJXXLjK",
    "prediction": "display them",
    "actual": "eat them"
  },
  "AvSkehQk4bMedgX65PDsAj": {
    "question_id": "AvSkehQk4bMedgX65PDsAj",
    "prediction": "red board",
    "actual": "white board"
  },
  "AyYa5v5HCXAjDeLXgP2CN5": {
    "question_id": "AyYa5v5HCXAjDeLXgP2CN5",
    "prediction": "pictures",
    "actual": "coats"
  },
  "B89EaRFhsoHzAy55JKCZJJ": {
    "question_id": "B89EaRFhsoHzAy55JKCZJJ",
    "prediction": "eight",
    "actual": "90"
  },
  "B9XREx57Gw3BhJfjEg9yib": {
    "question_id": "B9XREx57Gw3BhJfjEg9yib",
    "prediction": "cargo bus",
    "actual": "public transport"
  },
  "BECCJDkBDxrjtJNK7NGXQH": {
    "question_id": "BECCJDkBDxrjtJNK7NGXQH",
    "prediction": "tomato",
    "actual": "carrot"
  },
  "BJxwGHyivgHAjykCUoSUXo": {
    "question_id": "BJxwGHyivgHAjykCUoSUXo",
    "prediction": "roadside stand",
    "actual": "grocery store"
  },
  "BRxXgf2dHwtY3SuRcmvv8Q": {
    "question_id": "BRxXgf2dHwtY3SuRcmvv8Q",
    "prediction": "truck trailer",
    "actual": "orange tractor"
  },
  "BUpdAEWaMUZK8AKRzy3vBQ": {
    "question_id": "BUpdAEWaMUZK8AKRzy3vBQ",
    "prediction": "other kids",
    "actual": "parents"
  },
  "BWmRhAFKF4KHK6QqPKS5Q3": {
    "question_id": "BWmRhAFKF4KHK6QqPKS5Q3",
    "prediction": "water",
    "actual": "trash"
  },
  "BaNWccWHEXHgtdo2h5795T": {
    "question_id": "BaNWccWHEXHgtdo2h5795T",
    "prediction": "directional",
    "actual": "traffic"
  },
  "Bja27MQDKfkiPDd5iSER6Q": {
    "question_id": "Bja27MQDKfkiPDd5iSER6Q",
    "prediction": "fouled",
    "actual": "missed"
  },
  "BpLgWvp3a7WEzrsmnpQBWT": {
    "question_id": "BpLgWvp3a7WEzrsmnpQBWT",
    "prediction": "battery",
    "actual": "string"
  },
  "Bu9pF6sWajjGr6XDi4rb63": {
    "question_id": "Bu9pF6sWajjGr6XDi4rb63",
    "prediction": "logs",
    "actual": "trees"
  },
  "BuWxzrpFRXqSj8UjZannxM": {
    "question_id": "BuWxzrpFRXqSj8UjZannxM",
    "prediction": "cake",
    "actual": "pacifier"
  },
  "Bw5zPLf2EX7MjMakQbxdAV": {
    "question_id": "Bw5zPLf2EX7MjMakQbxdAV",
    "prediction": "political rally",
    "actual": "drinking"
  },
  "BwNg9mG4uXsALtLg2ztFgz": {
    "question_id": "BwNg9mG4uXsALtLg2ztFgz",
    "prediction": "baking powder",
    "actual": "yeast"
  },
  "C4iGaNrPm4zXWRgxL2XdRF": {
    "question_id": "C4iGaNrPm4zXWRgxL2XdRF",
    "prediction": "elevenses",
    "actual": "tea"
  },
  "C5KFJtK2qiQ2gMC5WNsdnB": {
    "question_id": "C5KFJtK2qiQ2gMC5WNsdnB",
    "prediction": "family members",
    "actual": "customers"
  },
  "C9AXp35Pm8iw5MANqbWmyR": {
    "question_id": "C9AXp35Pm8iw5MANqbWmyR",
    "prediction": "robot",
    "actual": "game"
  },
  "CKSUnA8f2e4FZyu5pXFuhm": {
    "question_id": "CKSUnA8f2e4FZyu5pXFuhm",
    "prediction": "three",
    "actual": "four"
  },
  "CKoy38QkqTRSirL8yyeimY": {
    "question_id": "CKoy38QkqTRSirL8yyeimY",
    "prediction": "porcelain",
    "actual": "disposable"
  },
  "CRvFM9oRe3ELNUegmzDKHv": {
    "question_id": "CRvFM9oRe3ELNUegmzDKHv",
    "prediction": "swim",
    "actual": "fly"
  },
  "CVVWeSyTpmWdozRWra6qbu": {
    "question_id": "CVVWeSyTpmWdozRWra6qbu",
    "prediction": "farm",
    "actual": "city"
  },
  "CYVZymNaQk6gd79AKNefqh": {
    "question_id": "CYVZymNaQk6gd79AKNefqh",
    "prediction": "down",
    "actual": "up"
  },
  "CZgeF3Cuso4bf9DbbmxZan": {
    "question_id": "CZgeF3Cuso4bf9DbbmxZan",
    "prediction": "woman",
    "actual": "man"
  },
  "CcD6HgxREVqanqLnSysBTr": {
    "question_id": "CcD6HgxREVqanqLnSysBTr",
    "prediction": "meaty",
    "actual": "sweet"
  },
  "ChoLNyVYCocjeYqDJQYMoe": {
    "question_id": "ChoLNyVYCocjeYqDJQYMoe",
    "prediction": "waterskiing",
    "actual": "waterboarding"
  },
  "Cr6fmmEARGDPSbQvpNN4xY": {
    "question_id": "Cr6fmmEARGDPSbQvpNN4xY",
    "prediction": "six",
    "actual": "none"
  },
  "CuqeFPuPUXRxjKnTomsz4x": {
    "question_id": "CuqeFPuPUXRxjKnTomsz4x",
    "prediction": "13",
    "actual": "21"
  },
  "D5wkZcANAvQPLDQHLMV2TQ": {
    "question_id": "D5wkZcANAvQPLDQHLMV2TQ",
    "prediction": "movie",
    "actual": "talk show"
  },
  "D7y9SSbRuVzVfJGiAinTx3": {
    "question_id": "D7y9SSbRuVzVfJGiAinTx3",
    "prediction": "snow shovelling",
    "actual": "pushing off"
  },
  "DAEcXR5DWNgEcEVRqA4xFS": {
    "question_id": "DAEcXR5DWNgEcEVRqA4xFS",
    "prediction": "store bread",
    "actual": "watch tv"
  },
  "DC3qACi5rhmWU8XzM5Vdvy": {
    "question_id": "DC3qACi5rhmWU8XzM5Vdvy",
    "prediction": "black car",
    "actual": "white van"
  },
  "DMGGczBdJRXHqZitoXSjSy": {
    "question_id": "DMGGczBdJRXHqZitoXSjSy",
    "prediction": "to roll",
    "actual": "to grind"
  },
  "DNGTUpUeLqmbKUNNns3kZs": {
    "question_id": "DNGTUpUeLqmbKUNNns3kZs",
    "prediction": "17inch",
    "actual": "16 inch"
  },
  "DPtUMrxDbLP2nQ9yUdmvkT": {
    "question_id": "DPtUMrxDbLP2nQ9yUdmvkT",
    "prediction": "three",
    "actual": "two"
  },
  "DRjvqC85oQS6p6Q6fz6CdY": {
    "question_id": "DRjvqC85oQS6p6Q6fz6CdY",
    "prediction": "110",
    "actual": "1000"
  },
  "DTAw9Vu8CLWbzUAg6m8okx": {
    "question_id": "DTAw9Vu8CLWbzUAg6m8okx",
    "prediction": "phones",
    "actual": "bag"
  },
  "DYEPfA4NaMDK8Dj5qW7AAE": {
    "question_id": "DYEPfA4NaMDK8Dj5qW7AAE",
    "prediction": "outside",
    "actual": "living room"
  },
  "DbQuf7wY2JtaK4aonapJXt": {
    "question_id": "DbQuf7wY2JtaK4aonapJXt",
    "prediction": "boxing",
    "actual": "singing"
  },
  "DcKwtSxfdjTch9RvAuEpNH": {
    "question_id": "DcKwtSxfdjTch9RvAuEpNH",
    "prediction": "commercial",
    "actual": "residential"
  },
  "DjXHKc7B4xBT6qMsDFXXjt": {
    "question_id": "DjXHKc7B4xBT6qMsDFXXjt",
    "prediction": "birthday",
    "actual": "tea lights"
  },
  "DpnK7HeBvBiVtVRCiDJxED": {
    "question_id": "DpnK7HeBvBiVtVRCiDJxED",
    "prediction": "green",
    "actual": "yellow"
  },
  "Dy2TUremDDZAAQrkx5oPnB": {
    "question_id": "Dy2TUremDDZAAQrkx5oPnB",
    "prediction": "flashlight",
    "actual": "candle"
  },
  "E2Vuut5upXHFFVxEk8kHvM": {
    "question_id": "E2Vuut5upXHFFVxEk8kHvM",
    "prediction": "work",
    "actual": "class"
  },
  "EAYTJseBUauGLMkCTZdhtU": {
    "question_id": "EAYTJseBUauGLMkCTZdhtU",
    "prediction": "girl",
    "actual": "girl man"
  },
  "EBfqBBCf7yRtTtGhsc52Td": {
    "question_id": "EBfqBBCf7yRtTtGhsc52Td",
    "prediction": "solid color",
    "actual": "stripes"
  },
  "EDFzCznf6oQmdpV8T8S7vU": {
    "question_id": "EDFzCznf6oQmdpV8T8S7vU",
    "prediction": "four",
    "actual": "three"
  },
  "EER9xudvx7aG37Zbaewxkw": {
    "question_id": "EER9xudvx7aG37Zbaewxkw",
    "prediction": "sprite",
    "actual": "pepsi"
  },
  "EF29EeN2WxPcuEMDavijXb": {
    "question_id": "EF29EeN2WxPcuEMDavijXb",
    "prediction": "air",
    "actual": "road"
  },
  "EJ5nAfveNYp6rFYz46Dqkw": {
    "question_id": "EJ5nAfveNYp6rFYz46Dqkw",
    "prediction": "racquet",
    "actual": "screen"
  },
  "EZr7FwVY2S7FggmHpHxCZK": {
    "question_id": "EZr7FwVY2S7FggmHpHxCZK",
    "prediction": "steel",
    "actual": "clay"
  },
  "EbanZVDGxGTAinaVAiseKZ": {
    "question_id": "EbanZVDGxGTAinaVAiseKZ",
    "prediction": "two",
    "actual": "four"
  },
  "Ed662HvZeisV6Mzxs2S6bj": {
    "question_id": "Ed662HvZeisV6Mzxs2S6bj",
    "prediction": "purse",
    "actual": "travel"
  },
  "EdDpJngBTrp6Bje83yQqDc": {
    "question_id": "EdDpJngBTrp6Bje83yQqDc",
    "prediction": "rain",
    "actual": "sun"
  },
  "EgJwLz3i9LPpmSLpFLRjMM": {
    "question_id": "EgJwLz3i9LPpmSLpFLRjMM",
    "prediction": "earmuffs",
    "actual": "headphones"
  },
  "EmU9DKov4EwRDaZuKvzAXj": {
    "question_id": "EmU9DKov4EwRDaZuKvzAXj",
    "prediction": "soda",
    "actual": "beer"
  },
  "EohV983PdD4udviqEUgU3D": {
    "question_id": "EohV983PdD4udviqEUgU3D",
    "prediction": "four",
    "actual": "three"
  },
  "EpwwuobLzGLWhnbXAjbw2x": {
    "question_id": "EpwwuobLzGLWhnbXAjbw2x",
    "prediction": "yield",
    "actual": "don't walk"
  },
  "EsctZHEwzyvi6A7K55acJq": {
    "question_id": "EsctZHEwzyvi6A7K55acJq",
    "prediction": "animals",
    "actual": "clothing"
  },
  "EueF8ShbQJHpynE7TdNGRG": {
    "question_id": "EueF8ShbQJHpynE7TdNGRG",
    "prediction": "none",
    "actual": "shoes"
  },
  "EyxALxGEvCyePSado4wnJL": {
    "question_id": "EyxALxGEvCyePSado4wnJL",
    "prediction": "banana",
    "actual": "orange"
  },
  "Eyzb8SKxYzzJuegL3tkwga": {
    "question_id": "Eyzb8SKxYzzJuegL3tkwga",
    "prediction": "linen",
    "actual": "cotton"
  },
  "F3q8NaAw4x5Lc7KhdgvoDy": {
    "question_id": "F3q8NaAw4x5Lc7KhdgvoDy",
    "prediction": "lap",
    "actual": "keyboard"
  },
  "FAgxg4yMBGCmnhc9FTTxyq": {
    "question_id": "FAgxg4yMBGCmnhc9FTTxyq",
    "prediction": "five",
    "actual": "two"
  },
  "FFhuFfMAy38Z7WWr6q7faA": {
    "question_id": "FFhuFfMAy38Z7WWr6q7faA",
    "prediction": "grandparent",
    "actual": "son"
  },
  "FHmsKMqftMV2bbhT63TCep": {
    "question_id": "FHmsKMqftMV2bbhT63TCep",
    "prediction": "remote",
    "actual": "knife"
  },
  "FHq2UjmQmmZbCvD4wDJwjH": {
    "question_id": "FHq2UjmQmmZbCvD4wDJwjH",
    "prediction": "protection",
    "actual": "fashion"
  },
  "FNM9a4zAgBwoRawSUrMxPB": {
    "question_id": "FNM9a4zAgBwoRawSUrMxPB",
    "prediction": "rain",
    "actual": "whale"
  },
  "FddDsTHeVp9WJYZBjLoKUi": {
    "question_id": "FddDsTHeVp9WJYZBjLoKUi",
    "prediction": "rail",
    "actual": "road"
  },
  "FeTsEoSpyGhqi8ui4i8tTy": {
    "question_id": "FeTsEoSpyGhqi8ui4i8tTy",
    "prediction": "for advertisement",
    "actual": "for reception"
  },
  "FpJmgAqdqfRjUe6axsFMhs": {
    "question_id": "FpJmgAqdqfRjUe6axsFMhs",
    "prediction": "cleaning",
    "actual": "cooling"
  },
  "FrMujHaugfA8T2uMPEkckf": {
    "question_id": "FrMujHaugfA8T2uMPEkckf",
    "prediction": "river",
    "actual": "ocean"
  },
  "FtGwEGsss4Cqe38LrFBgj3": {
    "question_id": "FtGwEGsss4Cqe38LrFBgj3",
    "prediction": "office",
    "actual": "home"
  },
  "Fu2ZLJDqhQqxBgT7KdAavf": {
    "question_id": "Fu2ZLJDqhQqxBgT7KdAavf",
    "prediction": "one",
    "actual": "two"
  },
  "Fv2hy4qfFdd847B3xEcPz3": {
    "question_id": "Fv2hy4qfFdd847B3xEcPz3",
    "prediction": "sandy",
    "actual": "grassy"
  },
  "G2yKVAzRGRB5RHtxxMsySP": {
    "question_id": "G2yKVAzRGRB5RHtxxMsySP",
    "prediction": "terra cotta",
    "actual": "porcelain"
  },
  "G5UFNWEn9cZH66apuAaxQj": {
    "question_id": "G5UFNWEn9cZH66apuAaxQj",
    "prediction": "afternoon",
    "actual": "morning"
  },
  "G9KXrAd6oRksj8Jqd5hcyo": {
    "question_id": "G9KXrAd6oRksj8Jqd5hcyo",
    "prediction": "backhand",
    "actual": "serve"
  },
  "GDwYLbrCSgTVjTMSuJQFgX": {
    "question_id": "GDwYLbrCSgTVjTMSuJQFgX",
    "prediction": "yellow",
    "actual": "green"
  },
  "GRTvSEaPgGtjRGvoED7S5E": {
    "question_id": "GRTvSEaPgGtjRGvoED7S5E",
    "prediction": "microwave",
    "actual": "teapot"
  },
  "GTZGtuDSqd76CSi8NDrEKx": {
    "question_id": "GTZGtuDSqd76CSi8NDrEKx",
    "prediction": "farm",
    "actual": "street"
  },
  "GkxEs3oBggLe4zY9XmJZaA": {
    "question_id": "GkxEs3oBggLe4zY9XmJZaA",
    "prediction": "eight",
    "actual": "ten"
  },
  "Gr2guph9meudkWEM6Gbpwr": {
    "question_id": "Gr2guph9meudkWEM6Gbpwr",
    "prediction": "wood fire",
    "actual": "gas"
  },
  "GzwDohFGAzDgkHBGFKfCTF": {
    "question_id": "GzwDohFGAzDgkHBGFKfCTF",
    "prediction": "trackpad",
    "actual": "keypad"
  },
  "GzzLtA4SHJS9ymFa6Zrw77": {
    "question_id": "GzzLtA4SHJS9ymFa6Zrw77",
    "prediction": "forehand",
    "actual": "backhand"
  },
  "H5ij2UADeZudHffAeLzw6z": {
    "question_id": "H5ij2UADeZudHffAeLzw6z",
    "prediction": "dell",
    "actual": "apple"
  },
  "H6NnKaLeBganALK78FdQq7": {
    "question_id": "H6NnKaLeBganALK78FdQq7",
    "prediction": "united kingdom",
    "actual": "united states"
  },
  "HBocRDMRkRehHhDX4BnCwq": {
    "question_id": "HBocRDMRkRehHhDX4BnCwq",
    "prediction": "tennis shoes",
    "actual": "flats"
  },
  "HGUuQneRyMcmypY3dX7XUi": {
    "question_id": "HGUuQneRyMcmypY3dX7XUi",
    "prediction": "celery sticks",
    "actual": "pickles"
  },
  "HJeQNjpkTJrL7EnPntSa4w": {
    "question_id": "HJeQNjpkTJrL7EnPntSa4w",
    "prediction": "sundial",
    "actual": "analog"
  },
  "HJh9bXtpMyBNmsmBa6CH4p": {
    "question_id": "HJh9bXtpMyBNmsmBa6CH4p",
    "prediction": "three",
    "actual": "two"
  },
  "HMuwvp694v2XuNGWtSht8h": {
    "question_id": "HMuwvp694v2XuNGWtSht8h",
    "prediction": "five",
    "actual": "nine"
  },
  "HPZPYitwJBDrLAkkGa9AJ5": {
    "question_id": "HPZPYitwJBDrLAkkGa9AJ5",
    "prediction": "sketchers",
    "actual": "adidas"
  },
  "HVw3M6ynyrfGd6UNNGLDyS": {
    "question_id": "HVw3M6ynyrfGd6UNNGLDyS",
    "prediction": "batter's box",
    "actual": "home plate"
  },
  "Hnor848pYZFWrEeYWfuYCF": {
    "question_id": "Hnor848pYZFWrEeYWfuYCF",
    "prediction": "bagels",
    "actual": "coffee"
  },
  "HtgRjokZ8ucLVCRGLEKkFS": {
    "question_id": "HtgRjokZ8ucLVCRGLEKkFS",
    "prediction": "clown",
    "actual": "heart"
  },
  "HvqzXR3y2V29n55RRarBQA": {
    "question_id": "HvqzXR3y2V29n55RRarBQA",
    "prediction": "photo opportunities",
    "actual": "safety"
  },
  "J6Kwvdi26GWFDHeADMXSWW": {
    "question_id": "J6Kwvdi26GWFDHeADMXSWW",
    "prediction": "remote",
    "actual": "helium"
  },
  "JG6LR7gqcbcDvbrwYiZbnj": {
    "question_id": "JG6LR7gqcbcDvbrwYiZbnj",
    "prediction": "to wave",
    "actual": "to balance"
  },
  "JGXXqdncT4kgE87XSYDEH8": {
    "question_id": "JGXXqdncT4kgE87XSYDEH8",
    "prediction": "restaurant",
    "actual": "house"
  },
  "JJPVhVK8EvZNsddZMETh6v": {
    "question_id": "JJPVhVK8EvZNsddZMETh6v",
    "prediction": "pta days",
    "actual": "weekend"
  },
  "JR77UNbyj38mU3p6Ku6Qn8": {
    "question_id": "JR77UNbyj38mU3p6Ku6Qn8",
    "prediction": "feta",
    "actual": "broccoli"
  },
  "JTLLmy2W6V6VETwzhkgDPh": {
    "question_id": "JTLLmy2W6V6VETwzhkgDPh",
    "prediction": "four",
    "actual": "one"
  },
  "JUxJmYmJuhcFMBwKdHRTj9": {
    "question_id": "JUxJmYmJuhcFMBwKdHRTj9",
    "prediction": "chinese businesses",
    "actual": "historical european"
  },
  "JYWg9aVznMs3k9DbgYYj5a": {
    "question_id": "JYWg9aVznMs3k9DbgYYj5a",
    "prediction": "town",
    "actual": "corporation"
  },
  "Jd5ZtcGspbFr8SHETgpt53": {
    "question_id": "Jd5ZtcGspbFr8SHETgpt53",
    "prediction": "rectangular",
    "actual": "round"
  },
  "JrdpzYcvRc7YKAyviTTEWv": {
    "question_id": "JrdpzYcvRc7YKAyviTTEWv",
    "prediction": "jockey",
    "actual": "equestrianism"
  },
  "JwnCRZQToshydgQiSHz6Qk": {
    "question_id": "JwnCRZQToshydgQiSHz6Qk",
    "prediction": "home foundation",
    "actual": "fireplace"
  },
  "K7FEvSfPCq94Y7Uzwvju4J": {
    "question_id": "K7FEvSfPCq94Y7Uzwvju4J",
    "prediction": "party store",
    "actual": "dunkin coffee"
  },
  "K7TG3WAZ6ViJaprGP2QFb3": {
    "question_id": "K7TG3WAZ6ViJaprGP2QFb3",
    "prediction": "handkerchief",
    "actual": "keys"
  },
  "K9gu6pYzJwwNr2JdCnrRyW": {
    "question_id": "K9gu6pYzJwwNr2JdCnrRyW",
    "prediction": "honeydew",
    "actual": "kiwi"
  },
  "KADU4VuTNvJcaxfcuSWg5s": {
    "question_id": "KADU4VuTNvJcaxfcuSWg5s",
    "prediction": "istarter",
    "actual": "ipod"
  },
  "KFfvmbMFji4jPLYSa72ghN": {
    "question_id": "KFfvmbMFji4jPLYSa72ghN",
    "prediction": "junior",
    "actual": "college"
  },
  "KHUiovaE2ZgBkwbt2ADbaN": {
    "question_id": "KHUiovaE2ZgBkwbt2ADbaN",
    "prediction": "happiness",
    "actual": "sadness"
  },
  "KJfQQQhNGQydZ2gdW6dv9A": {
    "question_id": "KJfQQQhNGQydZ2gdW6dv9A",
    "prediction": "wine",
    "actual": "salami"
  },
  "KUFqsDY7LxQj86DWy5PV33": {
    "question_id": "KUFqsDY7LxQj86DWy5PV33",
    "prediction": "winter",
    "actual": "summer"
  },
  "KVAeyTAfrvN8fst6NXA6MT": {
    "question_id": "KVAeyTAfrvN8fst6NXA6MT",
    "prediction": "crust",
    "actual": "mushroom"
  },
  "KeFdNUyaJPmnR7xeSiPs2u": {
    "question_id": "KeFdNUyaJPmnR7xeSiPs2u",
    "prediction": "condiments",
    "actual": "drinks"
  },
  "KgfkfPqD2aDFJjnZh69oyM": {
    "question_id": "KgfkfPqD2aDFJjnZh69oyM",
    "prediction": "head",
    "actual": "tail"
  },
  "KqEeneEUHVnoFj9nRYLS3u": {
    "question_id": "KqEeneEUHVnoFj9nRYLS3u",
    "prediction": "yellow",
    "actual": "white"
  },
  "KqHt4U8oRbES85WARzxU3R": {
    "question_id": "KqHt4U8oRbES85WARzxU3R",
    "prediction": "asia",
    "actual": "africa"
  },
  "KwuvnUibgJ9zWpif3UzUtJ": {
    "question_id": "KwuvnUibgJ9zWpif3UzUtJ",
    "prediction": "table",
    "actual": "ground"
  },
  "L6och7f34xfLQaVYszfzV7": {
    "question_id": "L6och7f34xfLQaVYszfzV7",
    "prediction": "umami",
    "actual": "sweet"
  },
  "LFz5f9J9ZvERUNtuXm7UJg": {
    "question_id": "LFz5f9J9ZvERUNtuXm7UJg",
    "prediction": "custom",
    "actual": "visibility"
  },
  "LHeFhpiVsUvAjwDNWJQPfZ": {
    "question_id": "LHeFhpiVsUvAjwDNWJQPfZ",
    "prediction": "green",
    "actual": "white"
  },
  "LHmjT6smJB8ZerDLp4DJuy": {
    "question_id": "LHmjT6smJB8ZerDLp4DJuy",
    "prediction": "office",
    "actual": "home"
  },
  "LNUVUyUrSmACQeFCKtKq6U": {
    "question_id": "LNUVUyUrSmACQeFCKtKq6U",
    "prediction": "mud",
    "actual": "wax"
  },
  "LjrjS6vsP3xXwot5D9eFiD": {
    "question_id": "LjrjS6vsP3xXwot5D9eFiD",
    "prediction": "fishing",
    "actual": "kayaking"
  },
  "LpbiGZE3yGNeqQXPc8cB7v": {
    "question_id": "LpbiGZE3yGNeqQXPc8cB7v",
    "prediction": "clip board",
    "actual": "post-its"
  },
  "LqCNzoPHep3XKouS3eUAk6": {
    "question_id": "LqCNzoPHep3XKouS3eUAk6",
    "prediction": "mirror",
    "actual": "window"
  },
  "LqQSkRfPRjbWBwDicmVt5h": {
    "question_id": "LqQSkRfPRjbWBwDicmVt5h",
    "prediction": "services",
    "actual": "clean"
  },
  "LygyAJXhmSDTBfc6cAtztt": {
    "question_id": "LygyAJXhmSDTBfc6cAtztt",
    "prediction": "bicycle",
    "actual": "motorcycle"
  },
  "MDyjdP8Esi9N3eEpLVuwx7": {
    "question_id": "MDyjdP8Esi9N3eEpLVuwx7",
    "prediction": "agility",
    "actual": "protection"
  },
  "MNd63HUuxoKR7oBz6d3zA5": {
    "question_id": "MNd63HUuxoKR7oBz6d3zA5",
    "prediction": "pocketbook",
    "actual": "purse"
  },
  "MRauFRDpB55J3mf5RKCbJH": {
    "question_id": "MRauFRDpB55J3mf5RKCbJH",
    "prediction": "washing hands",
    "actual": "taking selfie"
  },
  "MWDJi7QGHxkNj2dWNnzE6S": {
    "question_id": "MWDJi7QGHxkNj2dWNnzE6S",
    "prediction": "one",
    "actual": "was"
  },
  "MXNuoDzTufsnkH3TEQS9P3": {
    "question_id": "MXNuoDzTufsnkH3TEQS9P3",
    "prediction": "uniform",
    "actual": "warmth"
  },
  "MajM5Byv84DD34XWtgDTEu": {
    "question_id": "MajM5Byv84DD34XWtgDTEu",
    "prediction": "farm dog",
    "actual": "domestic pet"
  },
  "MdpQEymVqNWnxqPPxPXxvs": {
    "question_id": "MdpQEymVqNWnxqPPxPXxvs",
    "prediction": "c",
    "actual": "j"
  },
  "MgGUyCE42FnnjzSi8wqRBt": {
    "question_id": "MgGUyCE42FnnjzSi8wqRBt",
    "prediction": "five",
    "actual": "21"
  },
  "Mj2xTvTMWmPfD2AvR3cDQw": {
    "question_id": "Mj2xTvTMWmPfD2AvR3cDQw",
    "prediction": "horse",
    "actual": "elephant"
  },
  "MrMKrCttovt9tvMyUYZytj": {
    "question_id": "MrMKrCttovt9tvMyUYZytj",
    "prediction": "health",
    "actual": "travel"
  },
  "MuwkW3j4kYfEZXwWuicLjv": {
    "question_id": "MuwkW3j4kYfEZXwWuicLjv",
    "prediction": "toppings",
    "actual": "crust"
  },
  "N7m8txH8f6upMQuW8Ek8p8": {
    "question_id": "N7m8txH8f6upMQuW8Ek8p8",
    "prediction": "belts",
    "actual": "hats"
  },
  "NFMXerxQWMSQACyqHarJre": {
    "question_id": "NFMXerxQWMSQACyqHarJre",
    "prediction": "electricity",
    "actual": "battery"
  },
  "NFgfC2sJF3DkFgY58TDpfy": {
    "question_id": "NFgfC2sJF3DkFgY58TDpfy",
    "prediction": "forehand",
    "actual": "serve"
  },
  "NFhBeZhrxD3NQADiCfwi92": {
    "question_id": "NFhBeZhrxD3NQADiCfwi92",
    "prediction": "big red",
    "actual": "sprite"
  },
  "NQQEM9mH6viipfoP9kMC6v": {
    "question_id": "NQQEM9mH6viipfoP9kMC6v",
    "prediction": "horse riders",
    "actual": "tourists"
  },
  "NaxFfMbXiDnFeK2TDQpBpL": {
    "question_id": "NaxFfMbXiDnFeK2TDQpBpL",
    "prediction": "private enterprise",
    "actual": "educational"
  },
  "NkV76CMuvfSYK7MyjLeTKV": {
    "question_id": "NkV76CMuvfSYK7MyjLeTKV",
    "prediction": "accelerate",
    "actual": "flip"
  },
  "NqPZVF9F8iZ7nXWPUhFTXM": {
    "question_id": "NqPZVF9F8iZ7nXWPUhFTXM",
    "prediction": "vanilla",
    "actual": "carrot"
  },
  "PB2RjD5RMSqbGxT9c2cAwU": {
    "question_id": "PB2RjD5RMSqbGxT9c2cAwU",
    "prediction": "cargo",
    "actual": "mail"
  },
  "PBPtqNj8ChAWcqKW5qxQvR": {
    "question_id": "PBPtqNj8ChAWcqKW5qxQvR",
    "prediction": "square",
    "actual": "sphere"
  },
  "PCGypGVa3Wc6gUBSHQVWmR": {
    "question_id": "PCGypGVa3Wc6gUBSHQVWmR",
    "prediction": "1389",
    "actual": "1369"
  },
  "PCU3paJyftQe8M3s4T6ZVd": {
    "question_id": "PCU3paJyftQe8M3s4T6ZVd",
    "prediction": "dirt",
    "actual": "wrinkles"
  },
  "PCavtGPpEZnoW3vRUb2vbM": {
    "question_id": "PCavtGPpEZnoW3vRUb2vbM",
    "prediction": "using laptop",
    "actual": "smoking"
  },
  "PGrM6kp6herk4ducZoyUUd": {
    "question_id": "PGrM6kp6herk4ducZoyUUd",
    "prediction": "fish",
    "actual": "broccoli"
  },
  "PPFTmUK9jTLmCYzJ8UK7Bf": {
    "question_id": "PPFTmUK9jTLmCYzJ8UK7Bf",
    "prediction": "apartment",
    "actual": "museum"
  },
  "PZuvxsHTeR4DzXQN7DQR59": {
    "question_id": "PZuvxsHTeR4DzXQN7DQR59",
    "prediction": "sun shield",
    "actual": "bug shield"
  },
  "PcWKJUYhqCiRRsF9ecidXy": {
    "question_id": "PcWKJUYhqCiRRsF9ecidXy",
    "prediction": "glass",
    "actual": "wood"
  },
  "PhDYZ98CbMyiiLytoTmBh6": {
    "question_id": "PhDYZ98CbMyiiLytoTmBh6",
    "prediction": "cool",
    "actual": "heat"
  },
  "Q6BuYZYZySn9YZXf8iBwXD": {
    "question_id": "Q6BuYZYZySn9YZXf8iBwXD",
    "prediction": "seven",
    "actual": "two"
  },
  "QMRwRh6Gcy2qkWbZajGUru": {
    "question_id": "QMRwRh6Gcy2qkWbZajGUru",
    "prediction": "steel",
    "actual": "stone"
  },
  "QU5GGV7TZU2xWvdPz946Ka": {
    "question_id": "QU5GGV7TZU2xWvdPz946Ka",
    "prediction": "motor cycle",
    "actual": "bicycle"
  },
  "QWLm7RxL6afwhBVm2WiMV7": {
    "question_id": "QWLm7RxL6afwhBVm2WiMV7",
    "prediction": "backpack",
    "actual": "gloves"
  },
  "QWSFPjnNokcHAt3aUzZCTT": {
    "question_id": "QWSFPjnNokcHAt3aUzZCTT",
    "prediction": "same parking",
    "actual": "same uniform"
  },
  "QaL6hj3FGdpRMLEAiN6aFY": {
    "question_id": "QaL6hj3FGdpRMLEAiN6aFY",
    "prediction": "block sun",
    "actual": "repelling rain"
  },
  "Qn9fw2mFC5bWG7CjQvir9s": {
    "question_id": "Qn9fw2mFC5bWG7CjQvir9s",
    "prediction": "change tracks",
    "actual": "stop"
  },
  "Qqu6VC6u393vD5MFN4nLKC": {
    "question_id": "Qqu6VC6u393vD5MFN4nLKC",
    "prediction": "cake",
    "actual": "bond"
  },
  "Qs2pN4dnREpNWB3Faxrwfy": {
    "question_id": "Qs2pN4dnREpNWB3Faxrwfy",
    "prediction": "vanity",
    "actual": "two way"
  },
  "RBwzjVcACZNAqMHpPZbv4i": {
    "question_id": "RBwzjVcACZNAqMHpPZbv4i",
    "prediction": "cook food",
    "actual": "drainage"
  },
  "RE7AjTGi4wSmoqR4QYLrjB": {
    "question_id": "RE7AjTGi4wSmoqR4QYLrjB",
    "prediction": "cloud",
    "actual": "octopus"
  },
  "RFLRY32jbKYv8NBsmVtX7x": {
    "question_id": "RFLRY32jbKYv8NBsmVtX7x",
    "prediction": "gas leak",
    "actual": "water"
  },
  "ReR5LFFQDGRsrWasGqvdx4": {
    "question_id": "ReR5LFFQDGRsrWasGqvdx4",
    "prediction": "no parking",
    "actual": "pedestrian"
  },
  "Rpy3Dcuk4GLi5NsNq5Xzgt": {
    "question_id": "Rpy3Dcuk4GLi5NsNq5Xzgt",
    "prediction": "minus",
    "actual": "exclamation"
  },
  "RsfWYWW4vEUkb5XCQHUKTX": {
    "question_id": "RsfWYWW4vEUkb5XCQHUKTX",
    "prediction": "boat",
    "actual": "dock"
  },
  "Rsx7xekwpsg4ZCDwoMoePn": {
    "question_id": "Rsx7xekwpsg4ZCDwoMoePn",
    "prediction": "joan crawford",
    "actual": "kimberly elise"
  },
  "RwYJaSgNVemMYsSkVVKnxu": {
    "question_id": "RwYJaSgNVemMYsSkVVKnxu",
    "prediction": "apple",
    "actual": "red velvet"
  },
  "RxPKF64GYxeyCLiP32aKf5": {
    "question_id": "RxPKF64GYxeyCLiP32aKf5",
    "prediction": "wisconsin",
    "actual": "illinois"
  },
  "RxjgZeBYRVwq53iUfWx6pU": {
    "question_id": "RxjgZeBYRVwq53iUfWx6pU",
    "prediction": "empty oven",
    "actual": "dry hands"
  },
  "S7PYnsJCcBfWFtnzXnAayU": {
    "question_id": "S7PYnsJCcBfWFtnzXnAayU",
    "prediction": "juggle",
    "actual": "swing"
  },
  "SGt3LAcTjvTtjzjBAtJsCd": {
    "question_id": "SGt3LAcTjvTtjzjBAtJsCd",
    "prediction": "upper-right",
    "actual": "bottom-right"
  },
  "Sd9FAqZwhabNaWzRUftozo": {
    "question_id": "Sd9FAqZwhabNaWzRUftozo",
    "prediction": "eat cake",
    "actual": "love us"
  },
  "SdAdWFmnnNenYAp5iLkkSM": {
    "question_id": "SdAdWFmnnNenYAp5iLkkSM",
    "prediction": "mate",
    "actual": "drink water"
  },
  "Se8YypiBrjwXhwCmjyDjtK": {
    "question_id": "Se8YypiBrjwXhwCmjyDjtK",
    "prediction": "wildebeest",
    "actual": "flamingo"
  },
  "SgqV4mnErEwU75PNQtwqpo": {
    "question_id": "SgqV4mnErEwU75PNQtwqpo",
    "prediction": "people",
    "actual": "buildings"
  },
  "SmTPg7HCekgNrHgwnvvYFm": {
    "question_id": "SmTPg7HCekgNrHgwnvvYFm",
    "prediction": "four",
    "actual": "eight"
  },
  "SoTQafEnfUD2Y8PJj7uSH5": {
    "question_id": "SoTQafEnfUD2Y8PJj7uSH5",
    "prediction": "record player",
    "actual": "tv"
  },
  "Svs8fentMLQ8L3ApAisjeQ": {
    "question_id": "Svs8fentMLQ8L3ApAisjeQ",
    "prediction": "legume",
    "actual": "meat"
  },
  "Swg6UuWx3sV6rx6mLKYwZz": {
    "question_id": "Swg6UuWx3sV6rx6mLKYwZz",
    "prediction": "cup",
    "actual": "cooler"
  },
  "T8Mak9BHbJd5WqH2jhjBZo": {
    "question_id": "T8Mak9BHbJd5WqH2jhjBZo",
    "prediction": "ryan",
    "actual": "michael"
  },
  "TCXSs2iG5qmduZYmRir2cK": {
    "question_id": "TCXSs2iG5qmduZYmRir2cK",
    "prediction": "brackish",
    "actual": "fresh"
  },
  "TP6CLZw55zqvf7ysJUnG2B": {
    "question_id": "TP6CLZw55zqvf7ysJUnG2B",
    "prediction": "shouting",
    "actual": "microphone"
  },
  "TiHYTuQWNZA5Ui4kwswtvh": {
    "question_id": "TiHYTuQWNZA5Ui4kwswtvh",
    "prediction": "white",
    "actual": "black"
  },
  "TnkZofftZctoj8bFNzg2kH": {
    "question_id": "TnkZofftZctoj8bFNzg2kH",
    "prediction": "college students",
    "actual": "seniors"
  },
  "TsqMjNDdEXguXzN7puUbW5": {
    "question_id": "TsqMjNDdEXguXzN7puUbW5",
    "prediction": "aluminum",
    "actual": "plastic"
  },
  "UCbMvJEQ5bXNnFJMtybA48": {
    "question_id": "UCbMvJEQ5bXNnFJMtybA48",
    "prediction": "large tv",
    "actual": "computer"
  },
  "UDeVUh2hQdtougjwZfSviW": {
    "question_id": "UDeVUh2hQdtougjwZfSviW",
    "prediction": "130",
    "actual": "1220"
  },
  "UQENBDxmJ3GjGcukhY4Pz6": {
    "question_id": "UQENBDxmJ3GjGcukhY4Pz6",
    "prediction": "dog",
    "actual": "cat"
  },
  "UYMVq2rDCFNVv8gsP6dhdH": {
    "question_id": "UYMVq2rDCFNVv8gsP6dhdH",
    "prediction": "one",
    "actual": "two"
  },
  "UpTNoSajrD27GvfoAdVnsC": {
    "question_id": "UpTNoSajrD27GvfoAdVnsC",
    "prediction": "two",
    "actual": "four"
  },
  "UrWnWqFNL2XNxWBvkt3nLp": {
    "question_id": "UrWnWqFNL2XNxWBvkt3nLp",
    "prediction": "mead",
    "actual": "ax"
  },
  "V4VjJ3eNtgQnM7ZvF2S3iL": {
    "question_id": "V4VjJ3eNtgQnM7ZvF2S3iL",
    "prediction": "grandmother",
    "actual": "mother"
  },
  "V7eH795GEYSJkaUNCkCp7A": {
    "question_id": "V7eH795GEYSJkaUNCkCp7A",
    "prediction": "storing marshmallows",
    "actual": "holding pencils"
  },
  "VAgkuyL7FuecBgmyumQ6oh": {
    "question_id": "VAgkuyL7FuecBgmyumQ6oh",
    "prediction": "wind",
    "actual": "sun"
  },
  "VDb8JjxzQRA5pssoPHup4M": {
    "question_id": "VDb8JjxzQRA5pssoPHup4M",
    "prediction": "glad",
    "actual": "fun"
  },
  "VEYdFufFnzaDwFg4HBBcYY": {
    "question_id": "VEYdFufFnzaDwFg4HBBcYY",
    "prediction": "sitting",
    "actual": "standing"
  },
  "VJ43YwLMKZXTSbGAg9waNa": {
    "question_id": "VJ43YwLMKZXTSbGAg9waNa",
    "prediction": "red wine",
    "actual": "water"
  },
  "VJLpcbF24BNNeHBGBKQp8K": {
    "question_id": "VJLpcbF24BNNeHBGBKQp8K",
    "prediction": "agility",
    "actual": "protection"
  },
  "VK6PNbyq9nq3XXBfdyE6P8": {
    "question_id": "VK6PNbyq9nq3XXBfdyE6P8",
    "prediction": "poster",
    "actual": "flag"
  },
  "VKDkZzDN4KTFxGbh2KrgSf": {
    "question_id": "VKDkZzDN4KTFxGbh2KrgSf",
    "prediction": "turkey",
    "actual": "china"
  },
  "VTaZmd6DdBAihiinbqNMqk": {
    "question_id": "VTaZmd6DdBAihiinbqNMqk",
    "prediction": "three",
    "actual": "two"
  },
  "Vaycw3C7ENGUZ9YnzCz5TU": {
    "question_id": "Vaycw3C7ENGUZ9YnzCz5TU",
    "prediction": "icing",
    "actual": "water"
  },
  "VcdLhhv7e9gDP4aHuFPomY": {
    "question_id": "VcdLhhv7e9gDP4aHuFPomY",
    "prediction": "decoration",
    "actual": "protect it"
  },
  "VfFoJ6PWrs7H65Tw6eP9PS": {
    "question_id": "VfFoJ6PWrs7H65Tw6eP9PS",
    "prediction": "trackpad",
    "actual": "mouse"
  },
  "W45wAtdznJWCkxES23Ymmb": {
    "question_id": "W45wAtdznJWCkxES23Ymmb",
    "prediction": "ketchup",
    "actual": "hot sauce"
  },
  "W5p2HmLoUaWjYqMkHyhK8Q": {
    "question_id": "W5p2HmLoUaWjYqMkHyhK8Q",
    "prediction": "shortstop",
    "actual": "left field"
  },
  "W7NENqwhQdUFDHrkxS2Ch6": {
    "question_id": "W7NENqwhQdUFDHrkxS2Ch6",
    "prediction": "rain",
    "actual": "glass"
  },
  "WBdKcgLeFsoBqW8cqnzsLe": {
    "question_id": "WBdKcgLeFsoBqW8cqnzsLe",
    "prediction": "jelly",
    "actual": "hole"
  },
  "WLG7VBozfPSsZPwKjaUXYy": {
    "question_id": "WLG7VBozfPSsZPwKjaUXYy",
    "prediction": "sikhism",
    "actual": "islam"
  },
  "WTHtfRH2Df4wkMEyR93oQy": {
    "question_id": "WTHtfRH2Df4wkMEyR93oQy",
    "prediction": "south america",
    "actual": "europe"
  },
  "WZt7xFyvPGqx93xZmhCFb7": {
    "question_id": "WZt7xFyvPGqx93xZmhCFb7",
    "prediction": "welcome",
    "actual": "green"
  },
  "WapXzWUgE3zgx5n3fVGUjS": {
    "question_id": "WapXzWUgE3zgx5n3fVGUjS",
    "prediction": "scissors",
    "actual": "hole punch"
  },
  "WgS2856ezvnQAZMmfrUitJ": {
    "question_id": "WgS2856ezvnQAZMmfrUitJ",
    "prediction": "mud",
    "actual": "snow"
  },
  "WhPka9j3UV3XKdiqHbupMJ": {
    "question_id": "WhPka9j3UV3XKdiqHbupMJ",
    "prediction": "left elephant",
    "actual": "long-haired person"
  },
  "WiVE6Ym7B7ZgEZQjBUsA5N": {
    "question_id": "WiVE6Ym7B7ZgEZQjBUsA5N",
    "prediction": "batters box",
    "actual": "batting tee"
  },
  "Wug9d3qD8PXM2ugMWrbNA5": {
    "question_id": "Wug9d3qD8PXM2ugMWrbNA5",
    "prediction": "thief",
    "actual": "light"
  },
  "Wz68Xn6EZYE34pM3RG2zNH": {
    "question_id": "Wz68Xn6EZYE34pM3RG2zNH",
    "prediction": "catcher",
    "actual": "pitcher"
  },
  "XAvbeZ5Rqjf9hb6eDnVNhQ": {
    "question_id": "XAvbeZ5Rqjf9hb6eDnVNhQ",
    "prediction": "summer",
    "actual": "fall"
  },
  "XJXTjtpd7XoK9uTnTUkHSW": {
    "question_id": "XJXTjtpd7XoK9uTnTUkHSW",
    "prediction": "20",
    "actual": "30"
  },
  "XMnwGhrkndZXRyKaXNYkAv": {
    "question_id": "XMnwGhrkndZXRyKaXNYkAv",
    "prediction": "fed ex",
    "actual": "usps"
  },
  "XSdfYndeSP25Dm2T5e5Bd4": {
    "question_id": "XSdfYndeSP25Dm2T5e5Bd4",
    "prediction": "wasps",
    "actual": "sheep"
  },
  "XYmNkcLb88NVASUfFkcMXC": {
    "question_id": "XYmNkcLb88NVASUfFkcMXC",
    "prediction": "water",
    "actual": "alcohol"
  },
  "XZFLgzvvF4CfTaEbBLCkDV": {
    "question_id": "XZFLgzvvF4CfTaEbBLCkDV",
    "prediction": "july",
    "actual": "june"
  },
  "XaVW3KQGzwUPCJeYwr99F6": {
    "question_id": "XaVW3KQGzwUPCJeYwr99F6",
    "prediction": "bear fair",
    "actual": "exhibition"
  },
  "XfKzDoDZwVcQqTPF6xzjbs": {
    "question_id": "XfKzDoDZwVcQqTPF6xzjbs",
    "prediction": "parking",
    "actual": "speeding"
  },
  "XkEu3gmYW23qTivgmHP3fN": {
    "question_id": "XkEu3gmYW23qTivgmHP3fN",
    "prediction": "stop",
    "actual": "go"
  },
  "XogitwSQqMuD3ABqp25hgF": {
    "question_id": "XogitwSQqMuD3ABqp25hgF",
    "prediction": "diagonal",
    "actual": "parallel"
  },
  "XpWyazzxv9nAYHcqKswwD7": {
    "question_id": "XpWyazzxv9nAYHcqKswwD7",
    "prediction": "scissors",
    "actual": "bottle"
  },
  "XsmK9BGTpRCeMYeF7Lq43Q": {
    "question_id": "XsmK9BGTpRCeMYeF7Lq43Q",
    "prediction": "kickflip",
    "actual": "rail grind"
  },
  "Xw5HiN4AhQ2Nniw8ZD6LYB": {
    "question_id": "Xw5HiN4AhQ2Nniw8ZD6LYB",
    "prediction": "swordfish",
    "actual": "clown fish"
  },
  "YY8z6xFXJJ2nBNWWiijsHP": {
    "question_id": "YY8z6xFXJJ2nBNWWiijsHP",
    "prediction": "up",
    "actual": "toy story"
  },
  "YcY4T8d3SVHEDD4nQJBypg": {
    "question_id": "YcY4T8d3SVHEDD4nQJBypg",
    "prediction": "crust",
    "actual": "tomato"
  },
  "YjzdYbFMe3DLJstKyxejEm": {
    "question_id": "YjzdYbFMe3DLJstKyxejEm",
    "prediction": "drink",
    "actual": "lighter"
  },
  "YkoPwAEMfgMqGRxLyzEXpz": {
    "question_id": "YkoPwAEMfgMqGRxLyzEXpz",
    "prediction": "hors d'oeuvres",
    "actual": "breakfast"
  },
  "YoMKzbxjcp5XHZrxcqj3Pn": {
    "question_id": "YoMKzbxjcp5XHZrxcqj3Pn",
    "prediction": "pedestrians",
    "actual": "traffic light"
  },
  "Yzs9cYUUiiJWUzXRFsu3Qy": {
    "question_id": "Yzs9cYUUiiJWUzXRFsu3Qy",
    "prediction": "one",
    "actual": "zero"
  },
  "Z5m3QsQ5uikUE6AwWUufzg": {
    "question_id": "Z5m3QsQ5uikUE6AwWUufzg",
    "prediction": "kitchen",
    "actual": "large closet"
  },
  "ZCGhDHZtMcwGAY36U6XwQL": {
    "question_id": "ZCGhDHZtMcwGAY36U6XwQL",
    "prediction": "black color",
    "actual": "white car"
  },
  "ZVKndGxjdDtnrmsRUfRPxX": {
    "question_id": "ZVKndGxjdDtnrmsRUfRPxX",
    "prediction": "red poll",
    "actual": "hereford"
  },
  "ZWw8aaWWifdcZdMU7Pmgcg": {
    "question_id": "ZWw8aaWWifdcZdMU7Pmgcg",
    "prediction": "nineteen",
    "actual": "seventeen"
  },
  "ZYdDiWXC3SqAFxW7ANe8Tk": {
    "question_id": "ZYdDiWXC3SqAFxW7ANe8Tk",
    "prediction": "gull",
    "actual": "albatross"
  },
  "ZdLaJyLJrM3UyQfks4vPz4": {
    "question_id": "ZdLaJyLJrM3UyQfks4vPz4",
    "prediction": "trucking company",
    "actual": "convenience store"
  },
  "ZeUzimMiTU6aJb3tFM7ie3": {
    "question_id": "ZeUzimMiTU6aJb3tFM7ie3",
    "prediction": "tundra",
    "actual": "tropical"
  },
  "ZfTC6zzHXSMikD2CDbSrJn": {
    "question_id": "ZfTC6zzHXSMikD2CDbSrJn",
    "prediction": "argyle",
    "actual": "plaid"
  },
  "ZjapTLh575MHGLJLdT5wkE": {
    "question_id": "ZjapTLh575MHGLJLdT5wkE",
    "prediction": "hunting",
    "actual": "smoking"
  },
  "ZtyPK2Y2iMngTE2jBMJQpP": {
    "question_id": "ZtyPK2Y2iMngTE2jBMJQpP",
    "prediction": "diesel",
    "actual": "electric"
  },
  "a8KA5MV9JnCTqyHCeKCfEW": {
    "question_id": "a8KA5MV9JnCTqyHCeKCfEW",
    "prediction": "egg yolk",
    "actual": "sky"
  },
  "aC77EkAro3tybKmAJPUAH4": {
    "question_id": "aC77EkAro3tybKmAJPUAH4",
    "prediction": "skates",
    "actual": "safety"
  },
  "aJHeEgCPQ2LCEwtsZWbd9Q": {
    "question_id": "aJHeEgCPQ2LCEwtsZWbd9Q",
    "prediction": "video",
    "actual": "crane"
  },
  "aWbDSeQbZjRdUSg42vfGyi": {
    "question_id": "aWbDSeQbZjRdUSg42vfGyi",
    "prediction": "apollo crews",
    "actual": "paul newman"
  },
  "aXNsPe9LnRuqorhKQ9McLC": {
    "question_id": "aXNsPe9LnRuqorhKQ9McLC",
    "prediction": "11",
    "actual": "one"
  },
  "adCKLgHUzBBhEmMyf8s8tW": {
    "question_id": "adCKLgHUzBBhEmMyf8s8tW",
    "prediction": "cheese",
    "actual": "fruit"
  },
  "adYBVSLgdqCGZjjVacKNGg": {
    "question_id": "adYBVSLgdqCGZjjVacKNGg",
    "prediction": "radish",
    "actual": "onion"
  },
  "akDNCt5XCGvjw33C3ong5d": {
    "question_id": "akDNCt5XCGvjw33C3ong5d",
    "prediction": "breakfast",
    "actual": "dinner"
  },
  "aoGyPaA6ZWkaQSZYXwdyEw": {
    "question_id": "aoGyPaA6ZWkaQSZYXwdyEw",
    "prediction": "hemi",
    "actual": "mustang"
  },
  "avHqQqojSySkp7zg2o7afF": {
    "question_id": "avHqQqojSySkp7zg2o7afF",
    "prediction": "clouds",
    "actual": "trees"
  },
  "awiLcr766TJkZENT7kBLBR": {
    "question_id": "awiLcr766TJkZENT7kBLBR",
    "prediction": "ejected",
    "actual": "nothing"
  },
  "axQQHVN8GNWTHu4B4fzqaF": {
    "question_id": "axQQHVN8GNWTHu4B4fzqaF",
    "prediction": "standing",
    "actual": "squatting"
  },
  "b2photCPzvgmyTJXLzEgbW": {
    "question_id": "b2photCPzvgmyTJXLzEgbW",
    "prediction": "brown",
    "actual": "cream"
  },
  "b5XoCkzFXxELg4R5SP4uEf": {
    "question_id": "b5XoCkzFXxELg4R5SP4uEf",
    "prediction": "frisbee",
    "actual": "ring toss"
  },
  "b6tZAg7f28UHbins7nWcpo": {
    "question_id": "b6tZAg7f28UHbins7nWcpo",
    "prediction": "steamed",
    "actual": "roasted"
  },
  "bAZ4e6x3iLpkJMi8joS9mw": {
    "question_id": "bAZ4e6x3iLpkJMi8joS9mw",
    "prediction": "blue",
    "actual": "fluffy"
  },
  "bCewJfNy7SdgVeNaQrbTN9": {
    "question_id": "bCewJfNy7SdgVeNaQrbTN9",
    "prediction": "glass",
    "actual": "clay"
  },
  "bJibpiu5MQYbPEn4czsCea": {
    "question_id": "bJibpiu5MQYbPEn4czsCea",
    "prediction": "family",
    "actual": "work"
  },
  "bZont5aBGPxG5hEGcRHk4r": {
    "question_id": "bZont5aBGPxG5hEGcRHk4r",
    "prediction": "tokyo",
    "actual": "egypt"
  },
  "bf5TyZHVCjmFbsBP9o7qMq": {
    "question_id": "bf5TyZHVCjmFbsBP9o7qMq",
    "prediction": "all costumes",
    "actual": "same color"
  },
  "bfr2EuyWxuSqeL23qocAe4": {
    "question_id": "bfr2EuyWxuSqeL23qocAe4",
    "prediction": "brick",
    "actual": "wood"
  },
  "bgFM5EQ66AGQWorBoJzymJ": {
    "question_id": "bgFM5EQ66AGQWorBoJzymJ",
    "prediction": "two",
    "actual": "three"
  },
  "bkDub4yWQqeZVboUxpBCAd": {
    "question_id": "bkDub4yWQqeZVboUxpBCAd",
    "prediction": "carnival",
    "actual": "restroom"
  },
  "bsEAp6tE9zHfcQ2ZASJYbZ": {
    "question_id": "bsEAp6tE9zHfcQ2ZASJYbZ",
    "prediction": "fighting predators",
    "actual": "eating leaves"
  },
  "c7bJDbwpd27BqNaJzK9ubb": {
    "question_id": "c7bJDbwpd27BqNaJzK9ubb",
    "prediction": "to dry",
    "actual": "to sell"
  },
  "cHj9fNtX8oN4JATDhDUC4T": {
    "question_id": "cHj9fNtX8oN4JATDhDUC4T",
    "prediction": "dog",
    "actual": "human"
  },
  "cctHD6Sgao4mvCUTQ8RLkU": {
    "question_id": "cctHD6Sgao4mvCUTQ8RLkU",
    "prediction": "pantry",
    "actual": "kitchen"
  },
  "ciMU7f8NdZMAwQJDmPrmcH": {
    "question_id": "ciMU7f8NdZMAwQJDmPrmcH",
    "prediction": "tabby",
    "actual": "tuna"
  },
  "dF3yMTwwWYEDqax7b4n9VX": {
    "question_id": "dF3yMTwwWYEDqax7b4n9VX",
    "prediction": "unsure",
    "actual": "no"
  },
  "dGNtvZFEJbcK6dbZNuPfPq": {
    "question_id": "dGNtvZFEJbcK6dbZNuPfPq",
    "prediction": "pooing",
    "actual": "playing"
  },
  "dHBDGPwELp65UFhPhSZyEu": {
    "question_id": "dHBDGPwELp65UFhPhSZyEu",
    "prediction": "resting",
    "actual": "flight"
  },
  "dTa8nkCw9jfvKMzHmdvYCT": {
    "question_id": "dTa8nkCw9jfvKMzHmdvYCT",
    "prediction": "toilet",
    "actual": "ceiling"
  },
  "ddjEou8vsFUmvEAvgXxh8n": {
    "question_id": "ddjEou8vsFUmvEAvgXxh8n",
    "prediction": "tennis players",
    "actual": "photographers"
  },
  "dpTTTMowgDYptWd2YZdUT7": {
    "question_id": "dpTTTMowgDYptWd2YZdUT7",
    "prediction": "uphill",
    "actual": "downhill"
  },
  "dsj5pM6cKMWbpv8viqkUyN": {
    "question_id": "dsj5pM6cKMWbpv8viqkUyN",
    "prediction": "parking",
    "actual": "roundabout"
  },
  "dwxReu6Xio6pQQxjps3Xtj": {
    "question_id": "dwxReu6Xio6pQQxjps3Xtj",
    "prediction": "memory",
    "actual": "phone"
  },
  "dzMDeKZdrfarPRuDMg5DPE": {
    "question_id": "dzMDeKZdrfarPRuDMg5DPE",
    "prediction": "rubber",
    "actual": "tape"
  },
  "e2tBLmwDciwSoY7nqUsS2D": {
    "question_id": "e2tBLmwDciwSoY7nqUsS2D",
    "prediction": "snow shovelling",
    "actual": "propulsion"
  },
  "e52REttPVvHxGe9H9Y8iya": {
    "question_id": "e52REttPVvHxGe9H9Y8iya",
    "prediction": "france",
    "actual": "united states"
  },
  "e7kbVPy7P3pEp7pBNJNZTU": {
    "question_id": "e7kbVPy7P3pEp7pBNJNZTU",
    "prediction": "islam",
    "actual": "christianity"
  },
  "e7mX2aASmkZwAXRiHbK6QZ": {
    "question_id": "e7mX2aASmkZwAXRiHbK6QZ",
    "prediction": "70",
    "actual": "60"
  },
  "eEb8jhgNYqiJED63DeAKVT": {
    "question_id": "eEb8jhgNYqiJED63DeAKVT",
    "prediction": "middle person",
    "actual": "right person"
  },
  "eVSP3pkyjc7WXrz4KPd2rz": {
    "question_id": "eVSP3pkyjc7WXrz4KPd2rz",
    "prediction": "fork",
    "actual": "teeth"
  },
  "ec8EjipayMWjJLnwsWsrD3": {
    "question_id": "ec8EjipayMWjJLnwsWsrD3",
    "prediction": "wakeboard",
    "actual": "surfboard"
  },
  "ee4bPHg93VdP6dqmUAGtbg": {
    "question_id": "ee4bPHg93VdP6dqmUAGtbg",
    "prediction": "suzuki",
    "actual": "volvo"
  },
  "eknnNjTPL6m3PBzaxLZbbh": {
    "question_id": "eknnNjTPL6m3PBzaxLZbbh",
    "prediction": "sofa",
    "actual": "table"
  },
  "epWz8dQzRohUWmTphUjt4p": {
    "question_id": "epWz8dQzRohUWmTphUjt4p",
    "prediction": "books",
    "actual": "fire"
  },
  "es4dTSrFkgs2LEtLByV5Fk": {
    "question_id": "es4dTSrFkgs2LEtLByV5Fk",
    "prediction": "kickflip",
    "actual": "rail grind"
  },
  "et6akpyxHvFPfKyPNtNzSi": {
    "question_id": "et6akpyxHvFPfKyPNtNzSi",
    "prediction": "landline",
    "actual": "cellular"
  },
  "f64sjY8tRYzCoYyGq2fyem": {
    "question_id": "f64sjY8tRYzCoYyGq2fyem",
    "prediction": "books",
    "actual": "food"
  },
  "f6veAkmc4fZwqbVmqZxs7z": {
    "question_id": "f6veAkmc4fZwqbVmqZxs7z",
    "prediction": "front seat",
    "actual": "back seat"
  },
  "fANoeH2ASUFa5ZeVzBYwjF": {
    "question_id": "fANoeH2ASUFa5ZeVzBYwjF",
    "prediction": "chatting",
    "actual": "eating"
  },
  "fBq7g59duqhmbqAtjWY5xf": {
    "question_id": "fBq7g59duqhmbqAtjWY5xf",
    "prediction": "mcdonald's",
    "actual": "dr. pepper"
  },
  "fQFRMaUHmiyqntdRxaa8Lf": {
    "question_id": "fQFRMaUHmiyqntdRxaa8Lf",
    "prediction": "greek",
    "actual": "roman"
  },
  "fQxikBu5n7M2LWh5xV2BAb": {
    "question_id": "fQxikBu5n7M2LWh5xV2BAb",
    "prediction": "kickflip",
    "actual": "grind"
  },
  "fRsrJ35b56YXKrbbzs59pn": {
    "question_id": "fRsrJ35b56YXKrbbzs59pn",
    "prediction": "medium",
    "actual": "high"
  },
  "fUKdZK7FEHkWsjtLTeajkn": {
    "question_id": "fUKdZK7FEHkWsjtLTeajkn",
    "prediction": "spokane",
    "actual": "seattle"
  },
  "fVBJLwGMCV6Dq9cEaGyrq3": {
    "question_id": "fVBJLwGMCV6Dq9cEaGyrq3",
    "prediction": "flat screen",
    "actual": "console"
  },
  "fVxFwdk685zsCqsk7PvKM3": {
    "question_id": "fVxFwdk685zsCqsk7PvKM3",
    "prediction": "left",
    "actual": "bottom"
  },
  "fgF7yNqEPZiNszHnQZKkxU": {
    "question_id": "fgF7yNqEPZiNszHnQZKkxU",
    "prediction": "body armor",
    "actual": "glasses"
  },
  "fpgzreGfZFZQjPFocePhFo": {
    "question_id": "fpgzreGfZFZQjPFocePhFo",
    "prediction": "hail",
    "actual": "snow"
  },
  "fxWzXTapRBT3NJNiL9yuX6": {
    "question_id": "fxWzXTapRBT3NJNiL9yuX6",
    "prediction": "elderly",
    "actual": "blind"
  },
  "g6FBm6c3vQifeHApcPidEZ": {
    "question_id": "g6FBm6c3vQifeHApcPidEZ",
    "prediction": "store",
    "actual": "garage"
  },
  "gNrbLyhKYG8AMtxJTgB7E2": {
    "question_id": "gNrbLyhKYG8AMtxJTgB7E2",
    "prediction": "moving pedestrians",
    "actual": "for bikes"
  },
  "gYUipbusGScQ7oXEUejBMf": {
    "question_id": "gYUipbusGScQ7oXEUejBMf",
    "prediction": "pitching",
    "actual": "batting"
  },
  "gcedAQnUFuSzQFGSnjixym": {
    "question_id": "gcedAQnUFuSzQFGSnjixym",
    "prediction": "coffee grounds",
    "actual": "cocoa"
  },
  "geoznuKRiPX5hf2he5EgpS": {
    "question_id": "geoznuKRiPX5hf2he5EgpS",
    "prediction": "two",
    "actual": "three"
  },
  "gfHjDx5E9L9QMsbgnxSFdm": {
    "question_id": "gfHjDx5E9L9QMsbgnxSFdm",
    "prediction": "honda",
    "actual": "volkswagen"
  },
  "h74gXxfogmocHgcRdcoHEg": {
    "question_id": "h74gXxfogmocHgcRdcoHEg",
    "prediction": "carrots",
    "actual": "pineapple"
  },
  "hGPYsdTTBmP2uYYGodPkkt": {
    "question_id": "hGPYsdTTBmP2uYYGodPkkt",
    "prediction": "motorcycle",
    "actual": "horse"
  },
  "hUiYQuwqYiQH2xibX65Wss": {
    "question_id": "hUiYQuwqYiQH2xibX65Wss",
    "prediction": "butter",
    "actual": "icing"
  },
  "hUuZHj9U6dgD53jRBVVYfk": {
    "question_id": "hUuZHj9U6dgD53jRBVVYfk",
    "prediction": "creamer",
    "actual": "sugar"
  },
  "hVFNQ63oXdszJvNvWDLoHt": {
    "question_id": "hVFNQ63oXdszJvNvWDLoHt",
    "prediction": "foaming",
    "actual": "laying"
  },
  "hmfuC58r3K4Yg7EkMxJXXb": {
    "question_id": "hmfuC58r3K4Yg7EkMxJXXb",
    "prediction": "steak",
    "actual": "potato"
  },
  "hrbVpGvQvzUsT7sFzWQWXu": {
    "question_id": "hrbVpGvQvzUsT7sFzWQWXu",
    "prediction": "television",
    "actual": "film"
  },
  "i2snYhswVVyhfgxn8DcGnk": {
    "question_id": "i2snYhswVVyhfgxn8DcGnk",
    "prediction": "left person",
    "actual": "both"
  },
  "iL7gMCQ2U2vjmJWoyYc9wn": {
    "question_id": "iL7gMCQ2U2vjmJWoyYc9wn",
    "prediction": "plastic plate",
    "actual": "tin foil"
  },
  "inA8DF895bDbH7gLhXnenH": {
    "question_id": "inA8DF895bDbH7gLhXnenH",
    "prediction": "wilson",
    "actual": "nike"
  },
  "iq9BaDbmL7bZfnXELtibFz": {
    "question_id": "iq9BaDbmL7bZfnXELtibFz",
    "prediction": "dell",
    "actual": "imac"
  },
  "iriWmuGxQfwS4Uj8UE2ojD": {
    "question_id": "iriWmuGxQfwS4Uj8UE2ojD",
    "prediction": "zoo",
    "actual": "wild"
  },
  "isR9iC8cxoXvYQYBacRuzc": {
    "question_id": "isR9iC8cxoXvYQYBacRuzc",
    "prediction": "yellow",
    "actual": "green"
  },
  "j5HvFYT7fQSpvcuwoY7495": {
    "question_id": "j5HvFYT7fQSpvcuwoY7495",
    "prediction": "italy",
    "actual": "sweden"
  },
  "j9ix7Egb5KJ7PkXttbbtdC": {
    "question_id": "j9ix7Egb5KJ7PkXttbbtdC",
    "prediction": "being punished",
    "actual": "being photographed"
  },
  "jDicosLUWpypTQmQkRhC4W": {
    "question_id": "jDicosLUWpypTQmQkRhC4W",
    "prediction": "fedora",
    "actual": "top"
  },
  "jENRJNFPp8S9aqLGkRfkiU": {
    "question_id": "jENRJNFPp8S9aqLGkRfkiU",
    "prediction": "zoo",
    "actual": "home"
  },
  "jJtrzZ4RRXKH8SSVmgw8tp": {
    "question_id": "jJtrzZ4RRXKH8SSVmgw8tp",
    "prediction": "in enclosure",
    "actual": "wild"
  },
  "jKMHHLCYMYAARWrY2r4KHW": {
    "question_id": "jKMHHLCYMYAARWrY2r4KHW",
    "prediction": "left",
    "actual": "right"
  },
  "jMvTvShVbt7rP82s3rRXxf": {
    "question_id": "jMvTvShVbt7rP82s3rRXxf",
    "prediction": "metal",
    "actual": "paper"
  },
  "jT7i37wypejYFkuDY3xLLg": {
    "question_id": "jT7i37wypejYFkuDY3xLLg",
    "prediction": "printer",
    "actual": "pen"
  },
  "jZ6AjasusNaTDooYZHPv6L": {
    "question_id": "jZ6AjasusNaTDooYZHPv6L",
    "prediction": "class",
    "actual": "formal"
  },
  "jnEMGAZLdvFn9ZgBYUbAUX": {
    "question_id": "jnEMGAZLdvFn9ZgBYUbAUX",
    "prediction": "fall asleep",
    "actual": "wake up"
  },
  "jqhSWKF72XwtaJGZH7XbS9": {
    "question_id": "jqhSWKF72XwtaJGZH7XbS9",
    "prediction": "twelve",
    "actual": "two"
  },
  "jvRoVpT79gh4dBU94qtsK8": {
    "question_id": "jvRoVpT79gh4dBU94qtsK8",
    "prediction": "stereo",
    "actual": "microwave"
  },
  "k3XafzjyDZn8GCzcH9BE5g": {
    "question_id": "k3XafzjyDZn8GCzcH9BE5g",
    "prediction": "eight",
    "actual": "six"
  },
  "k8WjRvSCus9iQjUV6mPbCQ": {
    "question_id": "k8WjRvSCus9iQjUV6mPbCQ",
    "prediction": "s.f.p.d",
    "actual": "stella artois"
  },
  "kLeQDtR5HUh6L8dbvEzhGe": {
    "question_id": "kLeQDtR5HUh6L8dbvEzhGe",
    "prediction": "refrigerator",
    "actual": "stove/oven"
  },
  "kZWuYe4HefJH33d7GCb4Tk": {
    "question_id": "kZWuYe4HefJH33d7GCb4Tk",
    "prediction": "italian",
    "actual": "japanese"
  },
  "kgUHGxPt2H4SrR5Nb9be44": {
    "question_id": "kgUHGxPt2H4SrR5Nb9be44",
    "prediction": "belt",
    "actual": "shirt"
  },
  "khkvYrTt2t5MTJyJvBNiDR": {
    "question_id": "khkvYrTt2t5MTJyJvBNiDR",
    "prediction": "pepperoni",
    "actual": "tomato"
  },
  "kkSpeDk4MgZ6g4KPcyS5Lc": {
    "question_id": "kkSpeDk4MgZ6g4KPcyS5Lc",
    "prediction": "four",
    "actual": "two"
  },
  "kyKhGsfSaSgAxrLEqyWgqq": {
    "question_id": "kyKhGsfSaSgAxrLEqyWgqq",
    "prediction": "seagull",
    "actual": "sandpiper"
  },
  "m2mA48VKETDDYeJKgD5qSx": {
    "question_id": "m2mA48VKETDDYeJKgD5qSx",
    "prediction": "social",
    "actual": "family"
  },
  "m4BSqisXuHjv98qLTDT2NE": {
    "question_id": "m4BSqisXuHjv98qLTDT2NE",
    "prediction": "sauteing",
    "actual": "baking"
  },
  "m5WdqTRtUoKxbPMBxJRUtg": {
    "question_id": "m5WdqTRtUoKxbPMBxJRUtg",
    "prediction": "pedestrians",
    "actual": "parking"
  },
  "m7QwuD24FiwpWgFgkzBb7M": {
    "question_id": "m7QwuD24FiwpWgFgkzBb7M",
    "prediction": "horse",
    "actual": "woman"
  },
  "m8XZ5DnesmzfsjwMhMsbfe": {
    "question_id": "m8XZ5DnesmzfsjwMhMsbfe",
    "prediction": "pepperoni",
    "actual": "sauce"
  },
  "mAt78gqtxnGgcVGrA4tHN5": {
    "question_id": "mAt78gqtxnGgcVGrA4tHN5",
    "prediction": "twenty first",
    "actual": "twentieth"
  },
  "mTeNP8rQAWywyEL6BxJzMr": {
    "question_id": "mTeNP8rQAWywyEL6BxJzMr",
    "prediction": "cook",
    "actual": "read"
  },
  "mWHEDu3pfYCy9FwrW5Qkt2": {
    "question_id": "mWHEDu3pfYCy9FwrW5Qkt2",
    "prediction": "plastic",
    "actual": "leather"
  },
  "mXqJFvpNahd3xSBSMLqk9M": {
    "question_id": "mXqJFvpNahd3xSBSMLqk9M",
    "prediction": "mayo",
    "actual": "sauce"
  },
  "ma7Jzg4NKgXtp5cBVh4kFP": {
    "question_id": "ma7Jzg4NKgXtp5cBVh4kFP",
    "prediction": "bedroom",
    "actual": "hotel"
  },
  "mhLhbPavrBpfdknacMN7GL": {
    "question_id": "mhLhbPavrBpfdknacMN7GL",
    "prediction": "office",
    "actual": "home"
  },
  "minwD4A8mxqhLxMHjfniKy": {
    "question_id": "minwD4A8mxqhLxMHjfniKy",
    "prediction": "chicken",
    "actual": "doughnuts"
  },
  "mo9chSC5Km6Nu3Dg3mwrX6": {
    "question_id": "mo9chSC5Km6Nu3Dg3mwrX6",
    "prediction": "andruw jones",
    "actual": "pavel datsyuk"
  },
  "moDoPYYpw2bSfSdDnFnut9": {
    "question_id": "moDoPYYpw2bSfSdDnFnut9",
    "prediction": "ham",
    "actual": "hot dog"
  },
  "mxJ9HhWF4QbrG97rdsY7Pe": {
    "question_id": "mxJ9HhWF4QbrG97rdsY7Pe",
    "prediction": "backyard",
    "actual": "forest"
  },
  "n2aTnUjkSkZPZEWK8S6T9Q": {
    "question_id": "n2aTnUjkSkZPZEWK8S6T9Q",
    "prediction": "travel reverse",
    "actual": "turn right"
  },
  "n94Br4ZABpt9F8AeBnAaQK": {
    "question_id": "n94Br4ZABpt9F8AeBnAaQK",
    "prediction": "mouse",
    "actual": "camera"
  },
  "nPTyUSa2BpdW7QXX7eKxpv": {
    "question_id": "nPTyUSa2BpdW7QXX7eKxpv",
    "prediction": "six",
    "actual": "four"
  },
  "nRteor62jdHkABoiGEqDoS": {
    "question_id": "nRteor62jdHkABoiGEqDoS",
    "prediction": "tracking id",
    "actual": "plate number"
  },
  "nVg8yTiMtqm4VmDPRDPhLB": {
    "question_id": "nVg8yTiMtqm4VmDPRDPhLB",
    "prediction": "brushing teeth",
    "actual": "drying hair"
  },
  "nWKHkqWrAhfXG7eRWGX8B5": {
    "question_id": "nWKHkqWrAhfXG7eRWGX8B5",
    "prediction": "rackets",
    "actual": "match"
  },
  "nhdJhq3kPGKBKMx4FCvXUs": {
    "question_id": "nhdJhq3kPGKBKMx4FCvXUs",
    "prediction": "country club",
    "actual": "park"
  },
  "nidoPGHJpvjJLkJWzxWUng": {
    "question_id": "nidoPGHJpvjJLkJWzxWUng",
    "prediction": "cargo",
    "actual": "passenger"
  },
  "nif2rWzKpmykkka2moeA3e": {
    "question_id": "nif2rWzKpmykkka2moeA3e",
    "prediction": "fighting them",
    "actual": "riding them"
  },
  "nkstSbXoxcYyHbvBbKvZtV": {
    "question_id": "nkstSbXoxcYyHbvBbKvZtV",
    "prediction": "horse",
    "actual": "sting ray"
  },
  "nqDVieEVdjDt3CELi7g5Zh": {
    "question_id": "nqDVieEVdjDt3CELi7g5Zh",
    "prediction": "talking",
    "actual": "phones"
  },
  "nz5BRooQteeNkQ2by7nGyU": {
    "question_id": "nz5BRooQteeNkQ2by7nGyU",
    "prediction": "pizza",
    "actual": "mtn dew"
  },
  "o9RMCCdLoYDGb6oR8Z3yvi": {
    "question_id": "o9RMCCdLoYDGb6oR8Z3yvi",
    "prediction": "pebbles",
    "actual": "grass"
  },
  "oUJexrTXPEKNEATboAHaAA": {
    "question_id": "oUJexrTXPEKNEATboAHaAA",
    "prediction": "feast",
    "actual": "breakfast"
  },
  "CijjLDFS7tQM9TcoWMr2Ai": {
    "question_id": "CijjLDFS7tQM9TcoWMr2Ai",
    "prediction": "liquidation",
    "actual": "acquisition"
  },
  "DD26xWreRvVu7ZDimAYL3e": {
    "question_id": "DD26xWreRvVu7ZDimAYL3e",
    "prediction": "nineteen",
    "actual": "eleven"
  },
  "DdkfCj4NDiSSSVhqbtwCY2": {
    "question_id": "DdkfCj4NDiSSSVhqbtwCY2",
    "prediction": "style",
    "actual": "shade"
  },
  "SkThfxuJxxSm39tNSA4FmQ": {
    "question_id": "SkThfxuJxxSm39tNSA4FmQ",
    "prediction": "traffic control",
    "actual": "construction worker"
  },
  "a5oWkZ7rkxNTvRLkk3ousT": {
    "question_id": "a5oWkZ7rkxNTvRLkk3ousT",
    "prediction": "shop",
    "actual": "no"
  },
  "iTeGLgJNuQjkRqeTmKwWLs": {
    "question_id": "iTeGLgJNuQjkRqeTmKwWLs",
    "prediction": "",
    "actual": "f"
  },
  "kGn5XFpkwvtJNrUnPLSzwm": {
    "question_id": "kGn5XFpkwvtJNrUnPLSzwm",
    "prediction": "umbrella",
    "actual": "t-hsirt"
  },
  "mK6UjDvYm6Wzn75aaaSEdF": {
    "question_id": "mK6UjDvYm6Wzn75aaaSEdF",
    "prediction": "getting drown",
    "actual": "being stuck"
  },
  "2gD7ih9AsXq7BmRBn57jv5": {
    "question_id": "2gD7ih9AsXq7BmRBn57jv5",
    "prediction": "angus",
    "actual": "hereford"
  },
  "4XAzPXBEk6aZHFvdPTKdjH": {
    "question_id": "4XAzPXBEk6aZHFvdPTKdjH",
    "prediction": "arguing",
    "actual": "congratulating"
  },
  "4YdWSrT4x9p78GxJhf6vis": {
    "question_id": "4YdWSrT4x9p78GxJhf6vis",
    "prediction": "melted ice cream",
    "actual": "children"
  },
  "8a5uCKsjUC9vtK2i7Amh28": {
    "question_id": "8a5uCKsjUC9vtK2i7Amh28",
    "prediction": "septum",
    "actual": "vertical labret"
  },
  "9y2mxyvd3BxHofPfXKjG67": {
    "question_id": "9y2mxyvd3BxHofPfXKjG67",
    "prediction": "family organization",
    "actual": "date"
  },
  "A4pTVyj6FszUQtpyuwuEs2": {
    "question_id": "A4pTVyj6FszUQtpyuwuEs2",
    "prediction": "umbrellas",
    "actual": "food"
  },
  "CY5ZZbpJFTLSwMbjGybzpS": {
    "question_id": "CY5ZZbpJFTLSwMbjGybzpS",
    "prediction": "attendant seats",
    "actual": "emergency exit"
  },
  "Gv6voFmtsboJcuT7NppWmh": {
    "question_id": "Gv6voFmtsboJcuT7NppWmh",
    "prediction": "demarcations",
    "actual": "rust"
  },
  "QH2k6NnZ5DxMLEeQQF8net": {
    "question_id": "QH2k6NnZ5DxMLEeQQF8net",
    "prediction": "banana",
    "actual": "plum"
  },
  "QqviUwQkfAndzidCzfJFKS": {
    "question_id": "QqviUwQkfAndzidCzfJFKS",
    "prediction": "storing fuel",
    "actual": "passenger seating"
  },
  "R647v79wCuGwSJmeooBxyY": {
    "question_id": "R647v79wCuGwSJmeooBxyY",
    "prediction": "run forward",
    "actual": "wait"
  },
  "RBTyZFjfaXXGuDBCesAqcV": {
    "question_id": "RBTyZFjfaXXGuDBCesAqcV",
    "prediction": "umbro",
    "actual": "nike"
  },
  "U2c5ooPZTZY7cc6xGBcFuM": {
    "question_id": "U2c5ooPZTZY7cc6xGBcFuM",
    "prediction": "pickles",
    "actual": "salt"
  },
  "a7EiGZsffnAC9nVsb9Y7AY": {
    "question_id": "a7EiGZsffnAC9nVsb9Y7AY",
    "prediction": "switch hitter",
    "actual": "righthanded"
  },
  "ab8eLKrdMaUhKCHtrDknSy": {
    "question_id": "ab8eLKrdMaUhKCHtrDknSy",
    "prediction": "panhandling",
    "actual": "awaiting greenlight"
  },
  "aqnbMDKEYEGFpVGpxuM6w4": {
    "question_id": "aqnbMDKEYEGFpVGpxuM6w4",
    "prediction": "crosswalk",
    "actual": "oncoming traffic"
  },
  "cEtogP8bKLXGuFtxeEqkvZ": {
    "question_id": "cEtogP8bKLXGuFtxeEqkvZ",
    "prediction": "spongebob",
    "actual": "face"
  },
  "gurW28uKknkS6kmv6aPa6X": {
    "question_id": "gurW28uKknkS6kmv6aPa6X",
    "prediction": "faded decor",
    "actual": "ashes"
  },
  "iGmzkJ63JuV4MwnQo2B6Jb": {
    "question_id": "iGmzkJ63JuV4MwnQo2B6Jb",
    "prediction": "sunroof",
    "actual": "emergency brake"
  },
  "mf7iP3eaca7zncQHvBLbEF": {
    "question_id": "mf7iP3eaca7zncQHvBLbEF",
    "prediction": "finesse",
    "actual": "head and shoulders"
  }
}