{
  "2Br4bJfKY7SQM9DECrqqeG": {
    "question_id": "2Br4bJfKY7SQM9DECrqqeG",
    "prediction": "dirty",
    "actual": "dirty"
  },
  "2C8riXpRLX3CyM5jDz23m7": {
    "question_id": "2C8riXpRLX3CyM5jDz23m7",
    "prediction": "icing",
    "actual": "icing"
  },
  "2LCLpdpD3yy2dgH5tQbcFe": {
    "question_id": "2LCLpdpD3yy2dgH5tQbcFe",
    "prediction": "drying hair",
    "actual": "drying hair"
  },
  "2N5sYXgyFqbDnuUhJFAWr5": {
    "question_id": "2N5sYXgyFqbDnuUhJFAWr5",
    "prediction": "crowded",
    "actual": "crowded"
  },
  "2P5mVJc5a6DcCN9opV92FJ": {
    "question_id": "2P5mVJc5a6DcCN9opV92FJ",
    "prediction": "crouching",
    "actual": "crouching"
  },
  "2PGwvdFESLvwfFCwK5pbYu": {
    "question_id": "2PGwvdFESLvwfFCwK5pbYu",
    "prediction": "denim",
    "actual": "denim"
  },
  "2U3SiXdyEgJBHNThL4YbPz": {
    "question_id": "2U3SiXdyEgJBHNThL4YbPz",
    "prediction": "candle",
    "actual": "candle"
  },
  "2oPzCyj5FjrKtBLjGZH2rF": {
    "question_id": "2oPzCyj5FjrKtBLjGZH2rF",
    "prediction": "american",
    "actual": "american"
  },
  "2rC38fZh4n6ZXcyrUEKukj": {
    "question_id": "2rC38fZh4n6ZXcyrUEKukj",
    "prediction": "books",
    "actual": "books"
  },
  "2wbNBVZMGZnVpYohDAed8d": {
    "question_id": "2wbNBVZMGZnVpYohDAed8d",
    "prediction": "date",
    "actual": "date"
  },
  "2xn24MrfJ2mLJC7xDBGUJA": {
    "question_id": "2xn24MrfJ2mLJC7xDBGUJA",
    "prediction": "chef",
    "actual": "chef"
  },
  "2yWyzYRyZuYH2ZB49WNACa": {
    "question_id": "2yWyzYRyZuYH2ZB49WNACa",
    "prediction": "frisbee",
    "actual": "frisbee"
  },
  "2zTqTkKqa89GUKLzMUkDic": {
    "question_id": "2zTqTkKqa89GUKLzMUkDic",
    "prediction": "human",
    "actual": "human"
  },
  "34ah8AmQenWUyH2fZvJH7a": {
    "question_id": "34ah8AmQenWUyH2fZvJH7a",
    "prediction": "ski resort",
    "actual": "ski resort"
  },
  "399Vdu2QjamF3vheUvbRg2": {
    "question_id": "399Vdu2QjamF3vheUvbRg2",
    "prediction": "air",
    "actual": "air"
  },
  "3SKKn3bQ4xhiDpkesifdod": {
    "question_id": "3SKKn3bQ4xhiDpkesifdod",
    "prediction": "japan",
    "actual": "japan"
  },
  "3asRExdxmWQtJw4sv49AGZ": {
    "question_id": "3asRExdxmWQtJw4sv49AGZ",
    "prediction": "closed doors",
    "actual": "closed doors"
  },
  "3cCvfCWnLfrmqYEaFzb2Xm": {
    "question_id": "3cCvfCWnLfrmqYEaFzb2Xm",
    "prediction": "street festival",
    "actual": "street festival"
  },
  "3echacwmLBUByWpjh85Mfv": {
    "question_id": "3echacwmLBUByWpjh85Mfv",
    "prediction": "white bag",
    "actual": "white bag"
  },
  "3ef8KXbKoJaJZyVmxVZMaq": {
    "question_id": "3ef8KXbKoJaJZyVmxVZMaq",
    "prediction": "happy birthday",
    "actual": "happy birthday"
  },
  "3hvf4MjtcgpFznUWS5bbvj": {
    "question_id": "3hvf4MjtcgpFznUWS5bbvj",
    "prediction": "baseball",
    "actual": "baseball"
  },
  "3vbWi2p7C9SSUHWSdbMYbE": {
    "question_id": "3vbWi2p7C9SSUHWSdbMYbE",
    "prediction": "wii boxing",
    "actual": "wii boxing"
  },
  "455nQuaxbURN5ofLfbCqfq": {
    "question_id": "455nQuaxbURN5ofLfbCqfq",
    "prediction": "savanna",
    "actual": "savanna"
  },
  "4BFN6MtJcaFzpccm3UwZva": {
    "question_id": "4BFN6MtJcaFzpccm3UwZva",
    "prediction": "bathroom",
    "actual": "bathroom"
  },
  "4FBqxbmT4zCDwWzm3gH7LY": {
    "question_id": "4FBqxbmT4zCDwWzm3gH7LY",
    "prediction": "meat",
    "actual": "meat"
  },
  "4PvLY9C3GyARH3WSGYbYFq": {
    "question_id": "4PvLY9C3GyARH3WSGYbYFq",
    "prediction": "asian",
    "actual": "asian"
  },
  "4UrYfZMUToiF5f7GK6eMaz": {
    "question_id": "4UrYfZMUToiF5f7GK6eMaz",
    "prediction": "visibility",
    "actual": "visibility"
  },
  "4YvFMFoDw46kzXhajSgc9W": {
    "question_id": "4YvFMFoDw46kzXhajSgc9W",
    "prediction": "to eat",
    "actual": "to eat"
  },
  "4Z7WvuLTj7VUpVtLL2W2g7": {
    "question_id": "4Z7WvuLTj7VUpVtLL2W2g7",
    "prediction": "bathroom",
    "actual": "bathroom"
  },
  "4iV8UfNJs7Wy6XAt9SHMVJ": {
    "question_id": "4iV8UfNJs7Wy6XAt9SHMVJ",
    "prediction": "bedroom",
    "actual": "bedroom"
  },
  "4jnshoBeGDGmRjspTuvr29": {
    "question_id": "4jnshoBeGDGmRjspTuvr29",
    "prediction": "dirt bikes",
    "actual": "dirt bikes"
  },
  "4mgcpzD4d6adkPQP7cxg54": {
    "question_id": "4mgcpzD4d6adkPQP7cxg54",
    "prediction": "new york",
    "actual": "new york"
  },
  "4t5DcDdFbw5x9PVRKis5AQ": {
    "question_id": "4t5DcDdFbw5x9PVRKis5AQ",
    "prediction": "milkshake",
    "actual": "milkshake"
  },
  "4wVv7CDVuQNaz7LLHDg89t": {
    "question_id": "4wVv7CDVuQNaz7LLHDg89t",
    "prediction": "bicycle",
    "actual": "bicycle"
  },
  "4xBq7ak8qCE92z8vddKXtu": {
    "question_id": "4xBq7ak8qCE92z8vddKXtu",
    "prediction": "west",
    "actual": "west"
  },
  "4yd2xqYxWenwSYEucHnNXR": {
    "question_id": "4yd2xqYxWenwSYEucHnNXR",
    "prediction": "france",
    "actual": "france"
  },
  "5LTzpByXwsWGViYAXqiVEX": {
    "question_id": "5LTzpByXwsWGViYAXqiVEX",
    "prediction": "tennis balls",
    "actual": "tennis balls"
  },
  "5NysKUokKJcrFfUcBbr9Vo": {
    "question_id": "5NysKUokKJcrFfUcBbr9Vo",
    "prediction": "crashing",
    "actual": "crashing"
  },
  "5Re4MQxw5XwLbQQzqQVZcV": {
    "question_id": "5Re4MQxw5XwLbQQzqQVZcV",
    "prediction": "soup",
    "actual": "soup"
  },
  "5SgmGLJtR47rB539V4Jwt6": {
    "question_id": "5SgmGLJtR47rB539V4Jwt6",
    "prediction": "visibility",
    "actual": "visibility"
  },
  "5XBmJitjSm9g7SQqNxYpe7": {
    "question_id": "5XBmJitjSm9g7SQqNxYpe7",
    "prediction": "island",
    "actual": "island"
  },
  "5aRkxnYoakzDQFyDGb9qJ2": {
    "question_id": "5aRkxnYoakzDQFyDGb9qJ2",
    "prediction": "jessica biel",
    "actual": "jessica biel"
  },
  "5fDUuYWCZMudfXVEPywFYc": {
    "question_id": "5fDUuYWCZMudfXVEPywFYc",
    "prediction": "maria sharapova",
    "actual": "maria sharapova"
  },
  "5gQSkSh2eK3ZZ8bEyweBiA": {
    "question_id": "5gQSkSh2eK3ZZ8bEyweBiA",
    "prediction": "travel",
    "actual": "travel"
  },
  "5jGPL4u8JFHkLyQCG354uG": {
    "question_id": "5jGPL4u8JFHkLyQCG354uG",
    "prediction": "kite",
    "actual": "kite"
  },
  "5z9Zmf4GRKoCa7igqv4Ef7": {
    "question_id": "5z9Zmf4GRKoCa7igqv4Ef7",
    "prediction": "clothing",
    "actual": "clothing"
  },
  "65Sfsx6hqdJ5UqNWLB3RCG": {
    "question_id": "65Sfsx6hqdJ5UqNWLB3RCG",
    "prediction": "wild",
    "actual": "wild"
  },
  "6EzruBdkEgwx74NmrhoyBV": {
    "question_id": "6EzruBdkEgwx74NmrhoyBV",
    "prediction": "clock",
    "actual": "clock"
  },
  "6FKSZrTS9wzHwnKasBSfdP": {
    "question_id": "6FKSZrTS9wzHwnKasBSfdP",
    "prediction": "dipping",
    "actual": "dipping"
  },
  "6LfBvcynQvD7BaU3CCvfNG": {
    "question_id": "6LfBvcynQvD7BaU3CCvfNG",
    "prediction": "building",
    "actual": "building"
  },
  "6Qf2MxVMdHGnxrEZ3xGn7Q": {
    "question_id": "6Qf2MxVMdHGnxrEZ3xGn7Q",
    "prediction": "raining",
    "actual": "raining"
  },
  "6QuPF6pNBjs3DEXQh4AQt4": {
    "question_id": "6QuPF6pNBjs3DEXQh4AQt4",
    "prediction": "to eat",
    "actual": "to eat"
  },
  "6SYTPwk8BEHMp486oLsFgw": {
    "question_id": "6SYTPwk8BEHMp486oLsFgw",
    "prediction": "new york",
    "actual": "new york"
  },
  "6bXnCzchqyDdBZcBGGNbmm": {
    "question_id": "6bXnCzchqyDdBZcBGGNbmm",
    "prediction": "commercial",
    "actual": "commercial"
  },
  "6kgVidVJRysLz6Rx3eNBZi": {
    "question_id": "6kgVidVJRysLz6Rx3eNBZi",
    "prediction": "home",
    "actual": "home"
  },
  "6kpEuXnXz4ghWMLLBcRjmf": {
    "question_id": "6kpEuXnXz4ghWMLLBcRjmf",
    "prediction": "parking",
    "actual": "parking"
  },
  "6kv3CWDoRDsm2DnUCHRgmk": {
    "question_id": "6kv3CWDoRDsm2DnUCHRgmk",
    "prediction": "home",
    "actual": "home"
  },
  "6vnibNuMQyy5nWAxNEGTgj": {
    "question_id": "6vnibNuMQyy5nWAxNEGTgj",
    "prediction": "alcohol",
    "actual": "alcohol"
  },
  "6xTMCHe4ABbm6NDntoEkLJ": {
    "question_id": "6xTMCHe4ABbm6NDntoEkLJ",
    "prediction": "palm tree",
    "actual": "palm tree"
  },
  "73ixwXaUcqfgsJYLzCABWC": {
    "question_id": "73ixwXaUcqfgsJYLzCABWC",
    "prediction": "kite",
    "actual": "kite"
  },
  "7L2zGA6XFJrPCfLJCwBrww": {
    "question_id": "7L2zGA6XFJrPCfLJCwBrww",
    "prediction": "grazing",
    "actual": "grazing"
  },
  "7ViVwUt2pnJxqcZoeTc4TR": {
    "question_id": "7ViVwUt2pnJxqcZoeTc4TR",
    "prediction": "bananas",
    "actual": "bananas"
  },
  "7Wj97TEQc4fnsxvvsbnUXH": {
    "question_id": "7Wj97TEQc4fnsxvvsbnUXH",
    "prediction": "carrot",
    "actual": "carrot"
  },
  "7dxcZiZowsAK34QswVhXy3": {
    "question_id": "7dxcZiZowsAK34QswVhXy3",
    "prediction": "hot",
    "actual": "hot"
  },
  "7hKGdKpiEqfqB8dEeAw9hu": {
    "question_id": "7hKGdKpiEqfqB8dEeAw9hu",
    "prediction": "rain",
    "actual": "rain"
  },
  "859iiHHEi5eRJHipVattDU": {
    "question_id": "859iiHHEi5eRJHipVattDU",
    "prediction": "tennis",
    "actual": "tennis"
  },
  "86vHZcPAsgzHoG4VL93xqr": {
    "question_id": "86vHZcPAsgzHoG4VL93xqr",
    "prediction": "red",
    "actual": "red"
  },
  "87sGM3r7nnhwncMAKMtbuo": {
    "question_id": "87sGM3r7nnhwncMAKMtbuo",
    "prediction": "laptop",
    "actual": "laptop"
  },
  "8HQ9sy9TdK4XZffkkhmtRW": {
    "question_id": "8HQ9sy9TdK4XZffkkhmtRW",
    "prediction": "tusks",
    "actual": "tusks"
  },
  "8KFq64eMdw4qeAp2JXe96r": {
    "question_id": "8KFq64eMdw4qeAp2JXe96r",
    "prediction": "waiting room",
    "actual": "waiting room"
  },
  "8KqQoveNzvvZSgxxPeepUY": {
    "question_id": "8KqQoveNzvvZSgxxPeepUY",
    "prediction": "red bus",
    "actual": "red bus"
  },
  "8LVHUcGX7daYbXPh59c8pW": {
    "question_id": "8LVHUcGX7daYbXPh59c8pW",
    "prediction": "airplane",
    "actual": "airplane"
  },
  "8MMdCgrej5iBZ7PitRYrt3": {
    "question_id": "8MMdCgrej5iBZ7PitRYrt3",
    "prediction": "suitcase",
    "actual": "suitcase"
  },
  "8MrFkkmRAk7E8ccS8FPZ8S": {
    "question_id": "8MrFkkmRAk7E8ccS8FPZ8S",
    "prediction": "to ride",
    "actual": "to ride"
  },
  "8PZriuWuwokXCriqVBZwSJ": {
    "question_id": "8PZriuWuwokXCriqVBZwSJ",
    "prediction": "train tracks",
    "actual": "train tracks"
  },
  "8Qivn8LXSmWYmn7zgKGiw4": {
    "question_id": "8Qivn8LXSmWYmn7zgKGiw4",
    "prediction": "speakers",
    "actual": "speakers"
  },
  "8RDETmscMEEsHh6Sbekaa6": {
    "question_id": "8RDETmscMEEsHh6Sbekaa6",
    "prediction": "smiling",
    "actual": "smiling"
  },
  "8SzR5UpGtrsFWoxheZ9SkE": {
    "question_id": "8SzR5UpGtrsFWoxheZ9SkE",
    "prediction": "nintendo wii",
    "actual": "nintendo wii"
  },
  "8qqTsLQFXdEDT9oeVgZekp": {
    "question_id": "8qqTsLQFXdEDT9oeVgZekp",
    "prediction": "water",
    "actual": "water"
  },
  "8uQHFZsgJwvQPuvYs7reMA": {
    "question_id": "8uQHFZsgJwvQPuvYs7reMA",
    "prediction": "turning left",
    "actual": "turning left"
  },
  "8vuMQFQGMNiU6TcoNUNe2U": {
    "question_id": "8vuMQFQGMNiU6TcoNUNe2U",
    "prediction": "advertisement",
    "actual": "advertisement"
  },
  "8vzpRWS6dDNrFCouzebMm9": {
    "question_id": "8vzpRWS6dDNrFCouzebMm9",
    "prediction": "nintendo wii",
    "actual": "nintendo wii"
  },
  "92HRqF8nimMzat2iydhLAj": {
    "question_id": "92HRqF8nimMzat2iydhLAj",
    "prediction": "skateboarding",
    "actual": "skateboarding"
  },
  "99Ra8z27K9FLU2u5acKAqp": {
    "question_id": "99Ra8z27K9FLU2u5acKAqp",
    "prediction": "rail",
    "actual": "rail"
  },
  "9Fvp6un9Bh9va6z5nz9k74": {
    "question_id": "9Fvp6un9Bh9va6z5nz9k74",
    "prediction": "commercial",
    "actual": "commercial"
  },
  "9R6ddmMNiye654hqqPZ2eE": {
    "question_id": "9R6ddmMNiye654hqqPZ2eE",
    "prediction": "prevent fire",
    "actual": "prevent fire"
  },
  "9TbmZ3Qq4paDv4AUeXpLEm": {
    "question_id": "9TbmZ3Qq4paDv4AUeXpLEm",
    "prediction": "paint",
    "actual": "paint"
  },
  "9agpK8NJBKhb2vcWiKXRi7": {
    "question_id": "9agpK8NJBKhb2vcWiKXRi7",
    "prediction": "water",
    "actual": "water"
  },
  "9sqHw3RioVzmBGcxbMqBDM": {
    "question_id": "9sqHw3RioVzmBGcxbMqBDM",
    "prediction": "brown",
    "actual": "brown"
  },
  "9v2zVc4N5db5pVtYvrVEeD": {
    "question_id": "9v2zVc4N5db5pVtYvrVEeD",
    "prediction": "money",
    "actual": "money"
  },
  "9wkHkHDXGGtbJwvLAcXSVs": {
    "question_id": "9wkHkHDXGGtbJwvLAcXSVs",
    "prediction": "toaster",
    "actual": "toaster"
  },
  "A3zGJC9ryU4EkHzywEGdJn": {
    "question_id": "A3zGJC9ryU4EkHzywEGdJn",
    "prediction": "red wine",
    "actual": "red wine"
  },
  "AGorRcu8xFxfMHzdj6nxuV": {
    "question_id": "AGorRcu8xFxfMHzdj6nxuV",
    "prediction": "air",
    "actual": "air"
  },
  "AHYLVWQ4whMVkWeDJiisi9": {
    "question_id": "AHYLVWQ4whMVkWeDJiisi9",
    "prediction": "beach",
    "actual": "beach"
  },
  "AJvjHZ5SF3hD6C3eYniXsc": {
    "question_id": "AJvjHZ5SF3hD6C3eYniXsc",
    "prediction": "farming",
    "actual": "farming"
  },
  "ANKUidMb7wYYN6GuJ8eERw": {
    "question_id": "ANKUidMb7wYYN6GuJ8eERw",
    "prediction": "fridge",
    "actual": "fridge"
  },
  "APKEVGn8hXAWmsWYxQQukD": {
    "question_id": "APKEVGn8hXAWmsWYxQQukD",
    "prediction": "sun",
    "actual": "sun"
  },
  "AQQMsV5n7NGgths6DjtJcH": {
    "question_id": "AQQMsV5n7NGgths6DjtJcH",
    "prediction": "soft",
    "actual": "soft"
  },
  "AR5jScMLqmYDjzmKHxKzMT": {
    "question_id": "AR5jScMLqmYDjzmKHxKzMT",
    "prediction": "holiday dinner",
    "actual": "holiday dinner"
  },
  "AScfHhLUR7uPGS4TV6VpbN": {
    "question_id": "AScfHhLUR7uPGS4TV6VpbN",
    "prediction": "to restrain",
    "actual": "to restrain"
  },
  "AXvcbZSCWScQ9hb4hjB4si": {
    "question_id": "AXvcbZSCWScQ9hb4hjB4si",
    "prediction": "spiderman",
    "actual": "spiderman"
  },
  "AYNy264QNVzJ6rgeCkW4SU": {
    "question_id": "AYNy264QNVzJ6rgeCkW4SU",
    "prediction": "throw ball",
    "actual": "throw ball"
  },
  "AiqztJZtJ4dNX7XYnu8rYU": {
    "question_id": "AiqztJZtJ4dNX7XYnu8rYU",
    "prediction": "cow",
    "actual": "cow"
  },
  "AvkwREzm6e6NBB6ERwG4ws": {
    "question_id": "AvkwREzm6e6NBB6ERwG4ws",
    "prediction": "wimbledon",
    "actual": "wimbledon"
  },
  "B725pHrrknZKDAqoLBjeof": {
    "question_id": "B725pHrrknZKDAqoLBjeof",
    "prediction": "apple",
    "actual": "apple"
  },
  "B9XREx57Gw3BhJfjEg9yib": {
    "question_id": "B9XREx57Gw3BhJfjEg9yib",
    "prediction": "public transport",
    "actual": "public transport"
  },
  "BECCJDkBDxrjtJNK7NGXQH": {
    "question_id": "BECCJDkBDxrjtJNK7NGXQH",
    "prediction": "carrot",
    "actual": "carrot"
  },
  "BJxwGHyivgHAjykCUoSUXo": {
    "question_id": "BJxwGHyivgHAjykCUoSUXo",
    "prediction": "grocery store",
    "actual": "grocery store"
  },
  "BNpoJaz9Qu7KQ87FoFfRab": {
    "question_id": "BNpoJaz9Qu7KQ87FoFfRab",
    "prediction": "plowing",
    "actual": "plowing"
  },
  "BPPnGELjMEGtrmqgkrBt6V": {
    "question_id": "BPPnGELjMEGtrmqgkrBt6V",
    "prediction": "bakery",
    "actual": "bakery"
  },
  "BQYQHxqKeExvS6GyHbBLjJ": {
    "question_id": "BQYQHxqKeExvS6GyHbBLjJ",
    "prediction": "airport",
    "actual": "airport"
  },
  "BSgG9C63esRw6W3Tw6rBbu": {
    "question_id": "BSgG9C63esRw6W3Tw6rBbu",
    "prediction": "skateboard",
    "actual": "skateboard"
  },
  "BUpdAEWaMUZK8AKRzy3vBQ": {
    "question_id": "BUpdAEWaMUZK8AKRzy3vBQ",
    "prediction": "parents",
    "actual": "parents"
  },
  "BWmRhAFKF4KHK6QqPKS5Q3": {
    "question_id": "BWmRhAFKF4KHK6QqPKS5Q3",
    "prediction": "trash",
    "actual": "trash"
  },
  "BaNWccWHEXHgtdo2h5795T": {
    "question_id": "BaNWccWHEXHgtdo2h5795T",
    "prediction": "traffic",
    "actual": "traffic"
  },
  "BhVeP3bxgcP5SjZLEfrm9y": {
    "question_id": "BhVeP3bxgcP5SjZLEfrm9y",
    "prediction": "snowboarding",
    "actual": "snowboarding"
  },
  "Bja27MQDKfkiPDd5iSER6Q": {
    "question_id": "Bja27MQDKfkiPDd5iSER6Q",
    "prediction": "missed",
    "actual": "missed"
  },
  "Bp5VwMuky5fXJPzp54X6XE": {
    "question_id": "Bp5VwMuky5fXJPzp54X6XE",
    "prediction": "restaurant",
    "actual": "restaurant"
  },
  "BpLgWvp3a7WEzrsmnpQBWT": {
    "question_id": "BpLgWvp3a7WEzrsmnpQBWT",
    "prediction": "string",
    "actual": "string"
  },
  "Bq4zFDne6edPRs7sBBMEad": {
    "question_id": "Bq4zFDne6edPRs7sBBMEad",
    "prediction": "oranges",
    "actual": "oranges"
  },
  "Bu9pF6sWajjGr6XDi4rb63": {
    "question_id": "Bu9pF6sWajjGr6XDi4rb63",
    "prediction": "trees",
    "actual": "trees"
  },
  "BwNg9mG4uXsALtLg2ztFgz": {
    "question_id": "BwNg9mG4uXsALtLg2ztFgz",
    "prediction": "yeast",
    "actual": "yeast"
  },
  "C9AXp35Pm8iw5MANqbWmyR": {
    "question_id": "C9AXp35Pm8iw5MANqbWmyR",
    "prediction": "game",
    "actual": "game"
  },
  "CKoy38QkqTRSirL8yyeimY": {
    "question_id": "CKoy38QkqTRSirL8yyeimY",
    "prediction": "disposable",
    "actual": "disposable"
  },
  "CMPt5xfqSyHQoFockxCWux": {
    "question_id": "CMPt5xfqSyHQoFockxCWux",
    "prediction": "rain",
    "actual": "rain"
  },
  "CTrTbwL2BtnQqY9vjiEiFF": {
    "question_id": "CTrTbwL2BtnQqY9vjiEiFF",
    "prediction": "wine",
    "actual": "wine"
  },
  "CTzwocs3uGc2GjPFZG425g": {
    "question_id": "CTzwocs3uGc2GjPFZG425g",
    "prediction": "britain",
    "actual": "britain"
  },
  "CZgeF3Cuso4bf9DbbmxZan": {
    "question_id": "CZgeF3Cuso4bf9DbbmxZan",
    "prediction": "man",
    "actual": "man"
  },
  "Ce788SudmyHCPCCvyXs2kW": {
    "question_id": "Ce788SudmyHCPCCvyXs2kW",
    "prediction": "osaka",
    "actual": "osaka"
  },
  "ChoLNyVYCocjeYqDJQYMoe": {
    "question_id": "ChoLNyVYCocjeYqDJQYMoe",
    "prediction": "waterboarding",
    "actual": "waterboarding"
  },
  "Cr6fmmEARGDPSbQvpNN4xY": {
    "question_id": "Cr6fmmEARGDPSbQvpNN4xY",
    "prediction": "none",
    "actual": "none"
  },
  "CrTrpTaqCFB2AYxne8FFyw": {
    "question_id": "CrTrpTaqCFB2AYxne8FFyw",
    "prediction": "motorcycle",
    "actual": "motorcycle"
  },
  "D2nH9ADi8U2ATp3ryKnDvb": {
    "question_id": "D2nH9ADi8U2ATp3ryKnDvb",
    "prediction": "chariot racing",
    "actual": "chariot racing"
  },
  "D6DfPGuGowm35cTuQhvw4s": {
    "question_id": "D6DfPGuGowm35cTuQhvw4s",
    "prediction": "horse",
    "actual": "horse"
  },
  "D6q9dXSUpTBgDkWi7e7dYS": {
    "question_id": "D6q9dXSUpTBgDkWi7e7dYS",
    "prediction": "banana split",
    "actual": "banana split"
  },
  "DKLAWnnRuvz8p7UrHGzQzK": {
    "question_id": "DKLAWnnRuvz8p7UrHGzQzK",
    "prediction": "airport",
    "actual": "airport"
  },
  "DMGGczBdJRXHqZitoXSjSy": {
    "question_id": "DMGGczBdJRXHqZitoXSjSy",
    "prediction": "to grind",
    "actual": "to grind"
  },
  "DPtUMrxDbLP2nQ9yUdmvkT": {
    "question_id": "DPtUMrxDbLP2nQ9yUdmvkT",
    "prediction": "two",
    "actual": "two"
  },
  "DRLyePKKPxvXEDiKygRjjt": {
    "question_id": "DRLyePKKPxvXEDiKygRjjt",
    "prediction": "little league",
    "actual": "little league"
  },
  "DX4bBD5XMPxQuu3hqWAdDW": {
    "question_id": "DX4bBD5XMPxQuu3hqWAdDW",
    "prediction": "weight",
    "actual": "weight"
  },
  "DYEPfA4NaMDK8Dj5qW7AAE": {
    "question_id": "DYEPfA4NaMDK8Dj5qW7AAE",
    "prediction": "living room",
    "actual": "living room"
  },
  "DbTAWKt7kZTzG8Xsa36K6R": {
    "question_id": "DbTAWKt7kZTzG8Xsa36K6R",
    "prediction": "food",
    "actual": "food"
  },
  "DcKwtSxfdjTch9RvAuEpNH": {
    "question_id": "DcKwtSxfdjTch9RvAuEpNH",
    "prediction": "residential",
    "actual": "residential"
  },
  "DhYoususnAa6GHBnV7UkZ7": {
    "question_id": "DhYoususnAa6GHBnV7UkZ7",
    "prediction": "keyboard",
    "actual": "keyboard"
  },
  "DwKTiqQxFH5Ei2cQGR3Y9U": {
    "question_id": "DwKTiqQxFH5Ei2cQGR3Y9U",
    "prediction": "wok",
    "actual": "wok"
  },
  "DxR6agStFKhyFqTSYRUgPa": {
    "question_id": "DxR6agStFKhyFqTSYRUgPa",
    "prediction": "wearing uniform",
    "actual": "wearing uniform"
  },
  "Dy2TUremDDZAAQrkx5oPnB": {
    "question_id": "Dy2TUremDDZAAQrkx5oPnB",
    "prediction": "candle",
    "actual": "candle"
  },
  "E2Vuut5upXHFFVxEk8kHvM": {
    "question_id": "E2Vuut5upXHFFVxEk8kHvM",
    "prediction": "class",
    "actual": "class"
  },
  "E6oDJ9maBhuvp2wvnBXfCH": {
    "question_id": "E6oDJ9maBhuvp2wvnBXfCH",
    "prediction": "peeler",
    "actual": "peeler"
  },
  "E7LafAUEeJM9NiMjemXwRW": {
    "question_id": "E7LafAUEeJM9NiMjemXwRW",
    "prediction": "zebra",
    "actual": "zebra"
  },
  "E9JLQaGpyoZudcYaQCrzvA": {
    "question_id": "E9JLQaGpyoZudcYaQCrzvA",
    "prediction": "desk",
    "actual": "desk"
  },
  "E9Tea7kyCg7eW4bPeT5W83": {
    "question_id": "E9Tea7kyCg7eW4bPeT5W83",
    "prediction": "beer",
    "actual": "beer"
  },
  "EAHmczQURaep8SJkvhYCje": {
    "question_id": "EAHmczQURaep8SJkvhYCje",
    "prediction": "fence",
    "actual": "fence"
  },
  "EAYTJseBUauGLMkCTZdhtU": {
    "question_id": "EAYTJseBUauGLMkCTZdhtU",
    "prediction": "girl man",
    "actual": "girl man"
  },
  "EF29EeN2WxPcuEMDavijXb": {
    "question_id": "EF29EeN2WxPcuEMDavijXb",
    "prediction": "road",
    "actual": "road"
  },
  "EJ5nAfveNYp6rFYz46Dqkw": {
    "question_id": "EJ5nAfveNYp6rFYz46Dqkw",
    "prediction": "screen",
    "actual": "screen"
  },
  "ETucTwACABQrgrZujBsiQq": {
    "question_id": "ETucTwACABQrgrZujBsiQq",
    "prediction": "forehand",
    "actual": "forehand"
  },
  "ETvPS6xXYPupruZTU3pf3F": {
    "question_id": "ETvPS6xXYPupruZTU3pf3F",
    "prediction": "intersection",
    "actual": "intersection"
  },
  "EZr7FwVY2S7FggmHpHxCZK": {
    "question_id": "EZr7FwVY2S7FggmHpHxCZK",
    "prediction": "clay",
    "actual": "clay"
  },
  "Ed662HvZeisV6Mzxs2S6bj": {
    "question_id": "Ed662HvZeisV6Mzxs2S6bj",
    "prediction": "travel",
    "actual": "travel"
  },
  "EdDpJngBTrp6Bje83yQqDc": {
    "question_id": "EdDpJngBTrp6Bje83yQqDc",
    "prediction": "sun",
    "actual": "sun"
  },
  "EmU9DKov4EwRDaZuKvzAXj": {
    "question_id": "EmU9DKov4EwRDaZuKvzAXj",
    "prediction": "beer",
    "actual": "beer"
  },
  "EohV983PdD4udviqEUgU3D": {
    "question_id": "EohV983PdD4udviqEUgU3D",
    "prediction": "three",
    "actual": "three"
  },
  "EsctZHEwzyvi6A7K55acJq": {
    "question_id": "EsctZHEwzyvi6A7K55acJq",
    "prediction": "clothing",
    "actual": "clothing"
  },
  "EyxALxGEvCyePSado4wnJL": {
    "question_id": "EyxALxGEvCyePSado4wnJL",
    "prediction": "orange",
    "actual": "orange"
  },
  "F3q8NaAw4x5Lc7KhdgvoDy": {
    "question_id": "F3q8NaAw4x5Lc7KhdgvoDy",
    "prediction": "keyboard",
    "actual": "keyboard"
  },
  "F5CqqWCtosWowj39Kchh9E": {
    "question_id": "F5CqqWCtosWowj39Kchh9E",
    "prediction": "domestic pet",
    "actual": "domestic pet"
  },
  "F92aSsSv7ZAtXnGBVREhqq": {
    "question_id": "F92aSsSv7ZAtXnGBVREhqq",
    "prediction": "breakfast",
    "actual": "breakfast"
  },
  "FAgxg4yMBGCmnhc9FTTxyq": {
    "question_id": "FAgxg4yMBGCmnhc9FTTxyq",
    "prediction": "two",
    "actual": "two"
  },
  "FCXFfhVqdfimMXqx3Vx8b5": {
    "question_id": "FCXFfhVqdfimMXqx3Vx8b5",
    "prediction": "zebra",
    "actual": "zebra"
  },
  "FDVQDJDFkV3tWkfTvrnAFy": {
    "question_id": "FDVQDJDFkV3tWkfTvrnAFy",
    "prediction": "lighting",
    "actual": "lighting"
  },
  "FFw7axjcwgXQxHygov52fm": {
    "question_id": "FFw7axjcwgXQxHygov52fm",
    "prediction": "skateboard",
    "actual": "skateboard"
  },
  "FG6kmHCaikmwGGpw9RhpSD": {
    "question_id": "FG6kmHCaikmwGGpw9RhpSD",
    "prediction": "employee",
    "actual": "employee"
  },
  "FHmsKMqftMV2bbhT63TCep": {
    "question_id": "FHmsKMqftMV2bbhT63TCep",
    "prediction": "knife",
    "actual": "knife"
  },
  "FWokXQxyNdSctoKKriQTqh": {
    "question_id": "FWokXQxyNdSctoKKriQTqh",
    "prediction": "rain",
    "actual": "rain"
  },
  "FWxu3Lu6FiTr37WCUXdKM9": {
    "question_id": "FWxu3Lu6FiTr37WCUXdKM9",
    "prediction": "selfie",
    "actual": "selfie"
  },
  "Fah5Jtkg728bXGLKKjgwjV": {
    "question_id": "Fah5Jtkg728bXGLKKjgwjV",
    "prediction": "sports car",
    "actual": "sports car"
  },
  "Fg53NYDDkdBe9AAbXNb5df": {
    "question_id": "Fg53NYDDkdBe9AAbXNb5df",
    "prediction": "bicycle",
    "actual": "bicycle"
  },
  "FpJmgAqdqfRjUe6axsFMhs": {
    "question_id": "FpJmgAqdqfRjUe6axsFMhs",
    "prediction": "cooling",
    "actual": "cooling"
  },
  "Fq7RXZuYTk7pKt4gf6Fvm4": {
    "question_id": "Fq7RXZuYTk7pKt4gf6Fvm4",
    "prediction": "to catch",
    "actual": "to catch"
  },
  "Fr2NzFhfutw8k7CpoAGnW8": {
    "question_id": "Fr2NzFhfutw8k7CpoAGnW8",
    "prediction": "two",
    "actual": "two"
  },
  "FrMujHaugfA8T2uMPEkckf": {
    "question_id": "FrMujHaugfA8T2uMPEkckf",
    "prediction": "ocean",
    "actual": "ocean"
  },
  "FtGwEGsss4Cqe38LrFBgj3": {
    "question_id": "FtGwEGsss4Cqe38LrFBgj3",
    "prediction": "home",
    "actual": "home"
  },
  "Fu2ZLJDqhQqxBgT7KdAavf": {
    "question_id": "Fu2ZLJDqhQqxBgT7KdAavf",
    "prediction": "two",
    "actual": "two"
  },
  "Fv2hy4qfFdd847B3xEcPz3": {
    "question_id": "Fv2hy4qfFdd847B3xEcPz3",
    "prediction": "grassy",
    "actual": "grassy"
  },
  "G5UFNWEn9cZH66apuAaxQj": {
    "question_id": "G5UFNWEn9cZH66apuAaxQj",
    "prediction": "morning",
    "actual": "morning"
  },
  "GDYFtTMthQh2SHrVrKvynR": {
    "question_id": "GDYFtTMthQh2SHrVrKvynR",
    "prediction": "balls",
    "actual": "balls"
  },
  "GGnMBYFpNz6ukDqFQ7Cdgx": {
    "question_id": "GGnMBYFpNz6ukDqFQ7Cdgx",
    "prediction": "cross",
    "actual": "cross"
  },
  "GRTvSEaPgGtjRGvoED7S5E": {
    "question_id": "GRTvSEaPgGtjRGvoED7S5E",
    "prediction": "teapot",
    "actual": "teapot"
  },
  "GTZGtuDSqd76CSi8NDrEKx": {
    "question_id": "GTZGtuDSqd76CSi8NDrEKx",
    "prediction": "street",
    "actual": "street"
  },
  "GaMNX53oAdZUoytgminHKh": {
    "question_id": "GaMNX53oAdZUoytgminHKh",
    "prediction": "grey",
    "actual": "grey"
  },
  "GfXMvDmY2rQYcnA8kLrFvf": {
    "question_id": "GfXMvDmY2rQYcnA8kLrFvf",
    "prediction": "sneakers",
    "actual": "sneakers"
  },
  "GhbJVpKaUP7PmgNUiwq2VA": {
    "question_id": "GhbJVpKaUP7PmgNUiwq2VA",
    "prediction": "green",
    "actual": "green"
  },
  "GkrGRjhVED6WinovPED8iZ": {
    "question_id": "GkrGRjhVED6WinovPED8iZ",
    "prediction": "statues",
    "actual": "statues"
  },
  "GoBun4WYj2oK6vRihjfEGv": {
    "question_id": "GoBun4WYj2oK6vRihjfEGv",
    "prediction": "red wine",
    "actual": "red wine"
  },
  "GrkdG8hexJX5weRDGtgQNj": {
    "question_id": "GrkdG8hexJX5weRDGtgQNj",
    "prediction": "cruise",
    "actual": "cruise"
  },
  "GuEXoRNmgAED6SJqUXtHhA": {
    "question_id": "GuEXoRNmgAED6SJqUXtHhA",
    "prediction": "cow",
    "actual": "cow"
  },
  "GzEbcQExF4cHmrhk7rdnce": {
    "question_id": "GzEbcQExF4cHmrhk7rdnce",
    "prediction": "nintendo wii",
    "actual": "nintendo wii"
  },
  "GzwDohFGAzDgkHBGFKfCTF": {
    "question_id": "GzwDohFGAzDgkHBGFKfCTF",
    "prediction": "keypad",
    "actual": "keypad"
  },
  "H4vJVSnFkLQaJVgHbJSVob": {
    "question_id": "H4vJVSnFkLQaJVgHbJSVob",
    "prediction": "to transport",
    "actual": "to transport"
  },
  "H5BWeWuYriU6bmUwUPKtGE": {
    "question_id": "H5BWeWuYriU6bmUwUPKtGE",
    "prediction": "glass",
    "actual": "glass"
  },
  "H5ij2UADeZudHffAeLzw6z": {
    "question_id": "H5ij2UADeZudHffAeLzw6z",
    "prediction": "apple",
    "actual": "apple"
  },
  "H7Pz5njX8cDqfXoLU546ym": {
    "question_id": "H7Pz5njX8cDqfXoLU546ym",
    "prediction": "stroud uk",
    "actual": "stroud uk"
  },
  "H8KBdToKYoc2D9GPVE6mds": {
    "question_id": "H8KBdToKYoc2D9GPVE6mds",
    "prediction": "newsboy",
    "actual": "newsboy"
  },
  "H8bbnrXJwvzCPyGsK48h8c": {
    "question_id": "H8bbnrXJwvzCPyGsK48h8c",
    "prediction": "conference room",
    "actual": "conference room"
  },
  "HJh9bXtpMyBNmsmBa6CH4p": {
    "question_id": "HJh9bXtpMyBNmsmBa6CH4p",
    "prediction": "two",
    "actual": "two"
  },
  "HJsZ5ZgnFUZ4Sik8UzeCYY": {
    "question_id": "HJsZ5ZgnFUZ4Sik8UzeCYY",
    "prediction": "left",
    "actual": "left"
  },
  "HM4obw9fQyb3aPheZjgtqq": {
    "question_id": "HM4obw9fQyb3aPheZjgtqq",
    "prediction": "visibility",
    "actual": "visibility"
  },
  "HRRChNRZfHh9JRVSVaZvt7": {
    "question_id": "HRRChNRZfHh9JRVSVaZvt7",
    "prediction": "oven",
    "actual": "oven"
  },
  "Hnor848pYZFWrEeYWfuYCF": {
    "question_id": "Hnor848pYZFWrEeYWfuYCF",
    "prediction": "coffee",
    "actual": "coffee"
  },
  "JG6LR7gqcbcDvbrwYiZbnj": {
    "question_id": "JG6LR7gqcbcDvbrwYiZbnj",
    "prediction": "to balance",
    "actual": "to balance"
  },
  "JKfRNnyDQBfsZrkokU8uQa": {
    "question_id": "JKfRNnyDQBfsZrkokU8uQa",
    "prediction": "air",
    "actual": "air"
  },
  "JLeJRnVgCAQDSxhnN2LLGU": {
    "question_id": "JLeJRnVgCAQDSxhnN2LLGU",
    "prediction": "donut",
    "actual": "donut"
  },
  "JTUjHvTpxRzo2TtJWiCzUy": {
    "question_id": "JTUjHvTpxRzo2TtJWiCzUy",
    "prediction": "herd sheep",
    "actual": "herd sheep"
  },
  "JTpPkML3VmfSm8yQwMycuL": {
    "question_id": "JTpPkML3VmfSm8yQwMycuL",
    "prediction": "playful",
    "actual": "playful"
  },
  "Jo6cB9daaqeW3nwSc3Sv6E": {
    "question_id": "Jo6cB9daaqeW3nwSc3Sv6E",
    "prediction": "giraffe",
    "actual": "giraffe"
  },
  "JuxtrucqNyPwRLsANkhiRw": {
    "question_id": "JuxtrucqNyPwRLsANkhiRw",
    "prediction": "asian",
    "actual": "asian"
  },
  "JzruB6ybwPgmhZ5euNweVS": {
    "question_id": "JzruB6ybwPgmhZ5euNweVS",
    "prediction": "cellular",
    "actual": "cellular"
  },
  "K7FEvSfPCq94Y7Uzwvju4J": {
    "question_id": "K7FEvSfPCq94Y7Uzwvju4J",
    "prediction": "dunkin coffee",
    "actual": "dunkin coffee"
  },
  "K9gu6pYzJwwNr2JdCnrRyW": {
    "question_id": "K9gu6pYzJwwNr2JdCnrRyW",
    "prediction": "kiwi",
    "actual": "kiwi"
  },
  "KA3cQWXpQhyGmzPKC9d7jv": {
    "question_id": "KA3cQWXpQhyGmzPKC9d7jv",
    "prediction": "playing baseball",
    "actual": "playing baseball"
  },
  "KADU4VuTNvJcaxfcuSWg5s": {
    "question_id": "KADU4VuTNvJcaxfcuSWg5s",
    "prediction": "ipod",
    "actual": "ipod"
  },
  "KDt9uiMSWXdfqZg8DkfQYP": {
    "question_id": "KDt9uiMSWXdfqZg8DkfQYP",
    "prediction": "sleep",
    "actual": "sleep"
  },
  "KSBuivjEvKXo6nskDiHPRK": {
    "question_id": "KSBuivjEvKXo6nskDiHPRK",
    "prediction": "ice cream",
    "actual": "ice cream"
  },
  "KULnaCXEwqsqxdegDzQRjT": {
    "question_id": "KULnaCXEwqsqxdegDzQRjT",
    "prediction": "three",
    "actual": "three"
  },
  "KYHbG5z9mj4H4dAJbzLuQ4": {
    "question_id": "KYHbG5z9mj4H4dAJbzLuQ4",
    "prediction": "dress",
    "actual": "dress"
  },
  "KatNcK2tJQ8nr2oasRaXoD": {
    "question_id": "KatNcK2tJQ8nr2oasRaXoD",
    "prediction": "run",
    "actual": "run"
  },
  "Kg2epvxdD43djHjdN3HBEw": {
    "question_id": "Kg2epvxdD43djHjdN3HBEw",
    "prediction": "market",
    "actual": "market"
  },
  "KgfkfPqD2aDFJjnZh69oyM": {
    "question_id": "KgfkfPqD2aDFJjnZh69oyM",
    "prediction": "tail",
    "actual": "tail"
  },
  "KpXGPyoqZUqo76FaqZuNXF": {
    "question_id": "KpXGPyoqZUqo76FaqZuNXF",
    "prediction": "hotel",
    "actual": "hotel"
  },
  "KqEeneEUHVnoFj9nRYLS3u": {
    "question_id": "KqEeneEUHVnoFj9nRYLS3u",
    "prediction": "white",
    "actual": "white"
  },
  "KtndapoEif4gqUGbYMKim6": {
    "question_id": "KtndapoEif4gqUGbYMKim6",
    "prediction": "baseball",
    "actual": "baseball"
  },
  "KwuvnUibgJ9zWpif3UzUtJ": {
    "question_id": "KwuvnUibgJ9zWpif3UzUtJ",
    "prediction": "ground",
    "actual": "ground"
  },
  "KxDzK3TmVjHrd7PVRGf6AP": {
    "question_id": "KxDzK3TmVjHrd7PVRGf6AP",
    "prediction": "cutting food",
    "actual": "cutting food"
  },
  "LHVciAWegjMeYHxTjEpTPc": {
    "question_id": "LHVciAWegjMeYHxTjEpTPc",
    "prediction": "beach",
    "actual": "beach"
  },
  "LHmjT6smJB8ZerDLp4DJuy": {
    "question_id": "LHmjT6smJB8ZerDLp4DJuy",
    "prediction": "home",
    "actual": "home"
  },
  "LJ4sDDbqD2hawGCiejEBpQ": {
    "question_id": "LJ4sDDbqD2hawGCiejEBpQ",
    "prediction": "chairlift",
    "actual": "chairlift"
  },
  "LNUVUyUrSmACQeFCKtKq6U": {
    "question_id": "LNUVUyUrSmACQeFCKtKq6U",
    "prediction": "wax",
    "actual": "wax"
  },
  "LWHhV7yq9EbPQXgaXmYEXk": {
    "question_id": "LWHhV7yq9EbPQXgaXmYEXk",
    "prediction": "sunset",
    "actual": "sunset"
  },
  "LduCAeBABsAgiTkxMrytDf": {
    "question_id": "LduCAeBABsAgiTkxMrytDf",
    "prediction": "olive oil",
    "actual": "olive oil"
  },
  "LjrjS6vsP3xXwot5D9eFiD": {
    "question_id": "LjrjS6vsP3xXwot5D9eFiD",
    "prediction": "kayaking",
    "actual": "kayaking"
  },
  "LnBiYuXmqeyEHsquVemheo": {
    "question_id": "LnBiYuXmqeyEHsquVemheo",
    "prediction": "drink",
    "actual": "drink"
  },
  "M24oDREQRXZxbPHeX82hTm": {
    "question_id": "M24oDREQRXZxbPHeX82hTm",
    "prediction": "eat",
    "actual": "eat"
  },
  "M3yABkFk8uMPsVkecGAnZR": {
    "question_id": "M3yABkFk8uMPsVkecGAnZR",
    "prediction": "stir",
    "actual": "stir"
  },
  "M46zwhVtTDuYcfKTvw5Bsk": {
    "question_id": "M46zwhVtTDuYcfKTvw5Bsk",
    "prediction": "balls",
    "actual": "balls"
  },
  "M4bEQ9vKhFhuWXb9nEf76d": {
    "question_id": "M4bEQ9vKhFhuWXb9nEf76d",
    "prediction": "eating",
    "actual": "eating"
  },
  "MAH3KC3SWvoTum6Ja75hB3": {
    "question_id": "MAH3KC3SWvoTum6Ja75hB3",
    "prediction": "two",
    "actual": "two"
  },
  "MDyjdP8Esi9N3eEpLVuwx7": {
    "question_id": "MDyjdP8Esi9N3eEpLVuwx7",
    "prediction": "protection",
    "actual": "protection"
  },
  "MFcz9WFowTCRnWEpVdEfiJ": {
    "question_id": "MFcz9WFowTCRnWEpVdEfiJ",
    "prediction": "snow",
    "actual": "snow"
  },
  "MNd63HUuxoKR7oBz6d3zA5": {
    "question_id": "MNd63HUuxoKR7oBz6d3zA5",
    "prediction": "purse",
    "actual": "purse"
  },
  "MXNuoDzTufsnkH3TEQS9P3": {
    "question_id": "MXNuoDzTufsnkH3TEQS9P3",
    "prediction": "warmth",
    "actual": "warmth"
  },
  "MajM5Byv84DD34XWtgDTEu": {
    "question_id": "MajM5Byv84DD34XWtgDTEu",
    "prediction": "domestic pet",
    "actual": "domestic pet"
  },
  "MdawSWWcrGZdyq4yMLZRMN": {
    "question_id": "MdawSWWcrGZdyq4yMLZRMN",
    "prediction": "sidewalk",
    "actual": "sidewalk"
  },
  "MgwZ9gzpwfp2xz2oGjemMc": {
    "question_id": "MgwZ9gzpwfp2xz2oGjemMc",
    "prediction": "camera lens",
    "actual": "camera lens"
  },
  "MiavLRSwBYJp9ooFkFHjv6": {
    "question_id": "MiavLRSwBYJp9ooFkFHjv6",
    "prediction": "vegetarians",
    "actual": "vegetarians"
  },
  "Mj2xTvTMWmPfD2AvR3cDQw": {
    "question_id": "Mj2xTvTMWmPfD2AvR3cDQw",
    "prediction": "elephant",
    "actual": "elephant"
  },
  "MrMKrCttovt9tvMyUYZytj": {
    "question_id": "MrMKrCttovt9tvMyUYZytj",
    "prediction": "travel",
    "actual": "travel"
  },
  "MtpJjmnfFfb8pD3fpbvCTq": {
    "question_id": "MtpJjmnfFfb8pD3fpbvCTq",
    "prediction": "crossing street",
    "actual": "crossing street"
  },
  "NFMXerxQWMSQACyqHarJre": {
    "question_id": "NFMXerxQWMSQACyqHarJre",
    "prediction": "battery",
    "actual": "battery"
  },
  "NFgfC2sJF3DkFgY58TDpfy": {
    "question_id": "NFgfC2sJF3DkFgY58TDpfy",
    "prediction": "serve",
    "actual": "serve"
  },
  "NMaWJvLKEHntrF2zNxigMq": {
    "question_id": "NMaWJvLKEHntrF2zNxigMq",
    "prediction": "body surf",
    "actual": "body surf"
  },
  "NQQEM9mH6viipfoP9kMC6v": {
    "question_id": "NQQEM9mH6viipfoP9kMC6v",
    "prediction": "tourists",
    "actual": "tourists"
  },
  "NYcTJoQKwAGgyi4FB5gAt8": {
    "question_id": "NYcTJoQKwAGgyi4FB5gAt8",
    "prediction": "to travel",
    "actual": "to travel"
  },
  "NmKj6PbaycvbudUKgRzibs": {
    "question_id": "NmKj6PbaycvbudUKgRzibs",
    "prediction": "home",
    "actual": "home"
  },
  "NsLGudV3NNLiYhGjCqbw78": {
    "question_id": "NsLGudV3NNLiYhGjCqbw78",
    "prediction": "laughing",
    "actual": "laughing"
  },
  "NvwixocPuSU8e4uyGqdY9X": {
    "question_id": "NvwixocPuSU8e4uyGqdY9X",
    "prediction": "bathroom",
    "actual": "bathroom"
  },
  "NxB3LACrQbQmimYNePAYyK": {
    "question_id": "NxB3LACrQbQmimYNePAYyK",
    "prediction": "relax",
    "actual": "relax"
  },
  "P4cavrtzjFu5Ur3DCjn6YK": {
    "question_id": "P4cavrtzjFu5Ur3DCjn6YK",
    "prediction": "sightseeing rides",
    "actual": "sightseeing rides"
  },
  "P4kW6QHjRQjrDBY2YdCNxg": {
    "question_id": "P4kW6QHjRQjrDBY2YdCNxg",
    "prediction": "cross street",
    "actual": "cross street"
  },
  "P849UYcdPdpuMhsTCbyCuu": {
    "question_id": "P849UYcdPdpuMhsTCbyCuu",
    "prediction": "jockeys",
    "actual": "jockeys"
  },
  "PCGypGVa3Wc6gUBSHQVWmR": {
    "question_id": "PCGypGVa3Wc6gUBSHQVWmR",
    "prediction": "1369",
    "actual": "1369"
  },
  "PCU3paJyftQe8M3s4T6ZVd": {
    "question_id": "PCU3paJyftQe8M3s4T6ZVd",
    "prediction": "wrinkles",
    "actual": "wrinkles"
  },
  "PCavtGPpEZnoW3vRUb2vbM": {
    "question_id": "PCavtGPpEZnoW3vRUb2vbM",
    "prediction": "smoking",
    "actual": "smoking"
  },
  "PPGK4QYUUdYhLhBKKfPCp3": {
    "question_id": "PPGK4QYUUdYhLhBKKfPCp3",
    "prediction": "pottery",
    "actual": "pottery"
  },
  "PR3YdLbDHdwHNJENygZqBa": {
    "question_id": "PR3YdLbDHdwHNJENygZqBa",
    "prediction": "warm",
    "actual": "warm"
  },
  "PSBwpAo47YDwimGuqy75Pm": {
    "question_id": "PSBwpAo47YDwimGuqy75Pm",
    "prediction": "four",
    "actual": "four"
  },
  "PSyBiDyNfASh3NPty6sGVq": {
    "question_id": "PSyBiDyNfASh3NPty6sGVq",
    "prediction": "getting married",
    "actual": "getting married"
  },
  "PXXkdGKz45qtjq76Scf9Hj": {
    "question_id": "PXXkdGKz45qtjq76Scf9Hj",
    "prediction": "airport",
    "actual": "airport"
  },
  "PazMPafpzhf5zWhAzzfKG9": {
    "question_id": "PazMPafpzhf5zWhAzzfKG9",
    "prediction": "fighter jets",
    "actual": "fighter jets"
  },
  "PbFfJju4rM4x4PzP9E3dmq": {
    "question_id": "PbFfJju4rM4x4PzP9E3dmq",
    "prediction": "bartender",
    "actual": "bartender"
  },
  "PcWKJUYhqCiRRsF9ecidXy": {
    "question_id": "PcWKJUYhqCiRRsF9ecidXy",
    "prediction": "wood",
    "actual": "wood"
  },
  "PceZftPFbFZ7xbF3urpTvL": {
    "question_id": "PceZftPFbFZ7xbF3urpTvL",
    "prediction": "two",
    "actual": "two"
  },
  "PmWMsFgyX6apXWit2Z87aj": {
    "question_id": "PmWMsFgyX6apXWit2Z87aj",
    "prediction": "magazine",
    "actual": "magazine"
  },
  "Q5hfYjQnaxng9vg7QmEqa5": {
    "question_id": "Q5hfYjQnaxng9vg7QmEqa5",
    "prediction": "siblings",
    "actual": "siblings"
  },
  "Q7cdndwDheQypkx5d6WvbN": {
    "question_id": "Q7cdndwDheQypkx5d6WvbN",
    "prediction": "clown",
    "actual": "clown"
  },
  "QBfzUChLwDv8fW2akWWDxP": {
    "question_id": "QBfzUChLwDv8fW2akWWDxP",
    "prediction": "board",
    "actual": "board"
  },
  "QJvRFzyGr6FEDrTqLohf7D": {
    "question_id": "QJvRFzyGr6FEDrTqLohf7D",
    "prediction": "fire hydrants",
    "actual": "fire hydrants"
  },
  "QMRwRh6Gcy2qkWbZajGUru": {
    "question_id": "QMRwRh6Gcy2qkWbZajGUru",
    "prediction": "stone",
    "actual": "stone"
  },
  "QU5GGV7TZU2xWvdPz946Ka": {
    "question_id": "QU5GGV7TZU2xWvdPz946Ka",
    "prediction": "bicycle",
    "actual": "bicycle"
  },
  "QaNQeaARotkH69bbZmrpuA": {
    "question_id": "QaNQeaARotkH69bbZmrpuA",
    "prediction": "glass",
    "actual": "glass"
  },
  "QjpYU2U32pH2dPpPoDEreR": {
    "question_id": "QjpYU2U32pH2dPpPoDEreR",
    "prediction": "sailboat",
    "actual": "sailboat"
  },
  "Qn9fw2mFC5bWG7CjQvir9s": {
    "question_id": "Qn9fw2mFC5bWG7CjQvir9s",
    "prediction": "stop",
    "actual": "stop"
  },
  "QsW8sBQzRc4Zsxds7WwTJ7": {
    "question_id": "QsW8sBQzRc4Zsxds7WwTJ7",
    "prediction": "backyard",
    "actual": "backyard"
  },
  "R5zKF5LPj53tXkChG4Mq7M": {
    "question_id": "R5zKF5LPj53tXkChG4Mq7M",
    "prediction": "bicycle",
    "actual": "bicycle"
  },
  "RFYFh4DWWiKWEQZW6uR4Uh": {
    "question_id": "RFYFh4DWWiKWEQZW6uR4Uh",
    "prediction": "athlete",
    "actual": "athlete"
  },
  "RHuE3kjsrxziVFTSuHGQTD": {
    "question_id": "RHuE3kjsrxziVFTSuHGQTD",
    "prediction": "horse",
    "actual": "horse"
  },
  "ReR5LFFQDGRsrWasGqvdx4": {
    "question_id": "ReR5LFFQDGRsrWasGqvdx4",
    "prediction": "pedestrian",
    "actual": "pedestrian"
  },
  "RhZ5i6awC44Si9nVyCzBst": {
    "question_id": "RhZ5i6awC44Si9nVyCzBst",
    "prediction": "pulling it",
    "actual": "pulling it"
  },
  "RktS7Pmjx4EvyCUjQB5TSr": {
    "question_id": "RktS7Pmjx4EvyCUjQB5TSr",
    "prediction": "mousepad",
    "actual": "mousepad"
  },
  "RrQ48CMWPTgqsvg2K4P7eR": {
    "question_id": "RrQ48CMWPTgqsvg2K4P7eR",
    "prediction": "crouch",
    "actual": "crouch"
  },
  "RsfWYWW4vEUkb5XCQHUKTX": {
    "question_id": "RsfWYWW4vEUkb5XCQHUKTX",
    "prediction": "dock",
    "actual": "dock"
  },
  "RwYJaSgNVemMYsSkVVKnxu": {
    "question_id": "RwYJaSgNVemMYsSkVVKnxu",
    "prediction": "red velvet",
    "actual": "red velvet"
  },
  "RwpxKDcMF2E4fdhCjCJNEN": {
    "question_id": "RwpxKDcMF2E4fdhCjCJNEN",
    "prediction": "eat",
    "actual": "eat"
  },
  "RxPKF64GYxeyCLiP32aKf5": {
    "question_id": "RxPKF64GYxeyCLiP32aKf5",
    "prediction": "illinois",
    "actual": "illinois"
  },
  "S2UN3nzSfNpeyBMH2GUyCk": {
    "question_id": "S2UN3nzSfNpeyBMH2GUyCk",
    "prediction": "plane",
    "actual": "plane"
  },
  "S7PYnsJCcBfWFtnzXnAayU": {
    "question_id": "S7PYnsJCcBfWFtnzXnAayU",
    "prediction": "swing",
    "actual": "swing"
  },
  "SA8eYDyzQYZXZRykahrGmf": {
    "question_id": "SA8eYDyzQYZXZRykahrGmf",
    "prediction": "left hand",
    "actual": "left hand"
  },
  "SDfSmLAeRRq77jeB3mdieQ": {
    "question_id": "SDfSmLAeRRq77jeB3mdieQ",
    "prediction": "sleeping bag",
    "actual": "sleeping bag"
  },
  "SdAdWFmnnNenYAp5iLkkSM": {
    "question_id": "SdAdWFmnnNenYAp5iLkkSM",
    "prediction": "drink water",
    "actual": "drink water"
  },
  "SgSpH9dKik4F3kZ9pu2EbH": {
    "question_id": "SgSpH9dKik4F3kZ9pu2EbH",
    "prediction": "donuts",
    "actual": "donuts"
  },
  "Sk8wJePwpdzCXP4WzjbGdu": {
    "question_id": "Sk8wJePwpdzCXP4WzjbGdu",
    "prediction": "reading",
    "actual": "reading"
  },
  "SpnBQjkqymWyZ5gEzPTwKu": {
    "question_id": "SpnBQjkqymWyZ5gEzPTwKu",
    "prediction": "cow",
    "actual": "cow"
  },
  "SsQakUmPuH7a7w6tvHfNjc": {
    "question_id": "SsQakUmPuH7a7w6tvHfNjc",
    "prediction": "table",
    "actual": "table"
  },
  "Su4RjX7NpuDbXwjPMBxq9g": {
    "question_id": "Su4RjX7NpuDbXwjPMBxq9g",
    "prediction": "buses",
    "actual": "buses"
  },
  "Swg6UuWx3sV6rx6mLKYwZz": {
    "question_id": "Swg6UuWx3sV6rx6mLKYwZz",
    "prediction": "cooler",
    "actual": "cooler"
  },
  "T9KmhNREm5oz68KpHDp4jR": {
    "question_id": "T9KmhNREm5oz68KpHDp4jR",
    "prediction": "person",
    "actual": "person"
  },
  "TAKCfAy3yDzuEtuq994hdn": {
    "question_id": "TAKCfAy3yDzuEtuq994hdn",
    "prediction": "groom",
    "actual": "groom"
  },
  "TAwFJVcYrztESePxFhSyAt": {
    "question_id": "TAwFJVcYrztESePxFhSyAt",
    "prediction": "ball",
    "actual": "ball"
  },
  "TCXSs2iG5qmduZYmRir2cK": {
    "question_id": "TCXSs2iG5qmduZYmRir2cK",
    "prediction": "fresh",
    "actual": "fresh"
  },
  "TP6CLZw55zqvf7ysJUnG2B": {
    "question_id": "TP6CLZw55zqvf7ysJUnG2B",
    "prediction": "microphone",
    "actual": "microphone"
  },
  "TiHYTuQWNZA5Ui4kwswtvh": {
    "question_id": "TiHYTuQWNZA5Ui4kwswtvh",
    "prediction": "black",
    "actual": "black"
  },
  "TnkZofftZctoj8bFNzg2kH": {
    "question_id": "TnkZofftZctoj8bFNzg2kH",
    "prediction": "seniors",
    "actual": "seniors"
  },
  "TorF8s9TxEizB8N2ETkwc7": {
    "question_id": "TorF8s9TxEizB8N2ETkwc7",
    "prediction": "boarding",
    "actual": "boarding"
  },
  "U3vN2kLcHwnX4WfdNGnvxW": {
    "question_id": "U3vN2kLcHwnX4WfdNGnvxW",
    "prediction": "sea",
    "actual": "sea"
  },
  "ULATNnxK9NEPMyLLPjSbDs": {
    "question_id": "ULATNnxK9NEPMyLLPjSbDs",
    "prediction": "japanese",
    "actual": "japanese"
  },
  "ULSq2sLPjbuZY3B2Z6mYjb": {
    "question_id": "ULSq2sLPjbuZY3B2Z6mYjb",
    "prediction": "eat food",
    "actual": "eat food"
  },
  "UPhByDxcyegyWfhgbrkTZD": {
    "question_id": "UPhByDxcyegyWfhgbrkTZD",
    "prediction": "cell phone",
    "actual": "cell phone"
  },
  "US64WDYHmJ3UBhFuwDmcWM": {
    "question_id": "US64WDYHmJ3UBhFuwDmcWM",
    "prediction": "police officer",
    "actual": "police officer"
  },
  "UVVFCjjDrqyaKa34tF54pS": {
    "question_id": "UVVFCjjDrqyaKa34tF54pS",
    "prediction": "entryway",
    "actual": "entryway"
  },
  "UXBfDe6BkYdbApxVPSdmVo": {
    "question_id": "UXBfDe6BkYdbApxVPSdmVo",
    "prediction": "yogurt",
    "actual": "yogurt"
  },
  "UXR5X7hqtMs7BPFyniqscB": {
    "question_id": "UXR5X7hqtMs7BPFyniqscB",
    "prediction": "snow boarding",
    "actual": "snow boarding"
  },
  "UYqcgLGSbQXzeDLUj6rZej": {
    "question_id": "UYqcgLGSbQXzeDLUj6rZej",
    "prediction": "tusk",
    "actual": "tusk"
  },
  "UcsK83RofE8rYDQoLmWhwK": {
    "question_id": "UcsK83RofE8rYDQoLmWhwK",
    "prediction": "car wash",
    "actual": "car wash"
  },
  "UdzPZ8vzkJg3Bp2pMQP5f2": {
    "question_id": "UdzPZ8vzkJg3Bp2pMQP5f2",
    "prediction": "goose",
    "actual": "goose"
  },
  "UkRTVsdAmDo7qV28T2qKzs": {
    "question_id": "UkRTVsdAmDo7qV28T2qKzs",
    "prediction": "touring band",
    "actual": "touring band"
  },
  "UkgASD3jXFSiGpwBf8Nf5y": {
    "question_id": "UkgASD3jXFSiGpwBf8Nf5y",
    "prediction": "parking spaces",
    "actual": "parking spaces"
  },
  "V4VjJ3eNtgQnM7ZvF2S3iL": {
    "question_id": "V4VjJ3eNtgQnM7ZvF2S3iL",
    "prediction": "mother",
    "actual": "mother"
  },
  "V7eH795GEYSJkaUNCkCp7A": {
    "question_id": "V7eH795GEYSJkaUNCkCp7A",
    "prediction": "holding pencils",
    "actual": "holding pencils"
  },
  "VAgkuyL7FuecBgmyumQ6oh": {
    "question_id": "VAgkuyL7FuecBgmyumQ6oh",
    "prediction": "sun",
    "actual": "sun"
  },
  "VF8AXcb7aXEHcTu4ZWtQf6": {
    "question_id": "VF8AXcb7aXEHcTu4ZWtQf6",
    "prediction": "restaurant",
    "actual": "restaurant"
  },
  "VJLpcbF24BNNeHBGBKQp8K": {
    "question_id": "VJLpcbF24BNNeHBGBKQp8K",
    "prediction": "protection",
    "actual": "protection"
  },
  "VSvCeQz6PNuzX6hYisMLe4": {
    "question_id": "VSvCeQz6PNuzX6hYisMLe4",
    "prediction": "sitting",
    "actual": "sitting"
  },
  "VTaZmd6DdBAihiinbqNMqk": {
    "question_id": "VTaZmd6DdBAihiinbqNMqk",
    "prediction": "two",
    "actual": "two"
  },
  "VXA5FfMXfSByVYECxCwcR2": {
    "question_id": "VXA5FfMXfSByVYECxCwcR2",
    "prediction": "grilled",
    "actual": "grilled"
  },
  "VcdLhhv7e9gDP4aHuFPomY": {
    "question_id": "VcdLhhv7e9gDP4aHuFPomY",
    "prediction": "protect it",
    "actual": "protect it"
  },
  "VdwJzCL5W2Sfytj5sRWhvV": {
    "question_id": "VdwJzCL5W2Sfytj5sRWhvV",
    "prediction": "eat left-handed",
    "actual": "eat left-handed"
  },
  "VfFoJ6PWrs7H65Tw6eP9PS": {
    "question_id": "VfFoJ6PWrs7H65Tw6eP9PS",
    "prediction": "mouse",
    "actual": "mouse"
  },
  "VgxPdtgxpLKqHGCvaCyHcC": {
    "question_id": "VgxPdtgxpLKqHGCvaCyHcC",
    "prediction": "overpass",
    "actual": "overpass"
  },
  "VnzsUW53NRP8HWxzudb4wB": {
    "question_id": "VnzsUW53NRP8HWxzudb4wB",
    "prediction": "jeep",
    "actual": "jeep"
  },
  "VohghyPSQCmFdnNQD2FntC": {
    "question_id": "VohghyPSQCmFdnNQD2FntC",
    "prediction": "track",
    "actual": "track"
  },
  "W3BhSzei6UhVZbxEqQYt5Y": {
    "question_id": "W3BhSzei6UhVZbxEqQYt5Y",
    "prediction": "motorcycle",
    "actual": "motorcycle"
  },
  "W45wAtdznJWCkxES23Ymmb": {
    "question_id": "W45wAtdznJWCkxES23Ymmb",
    "prediction": "hot sauce",
    "actual": "hot sauce"
  },
  "W5p2HmLoUaWjYqMkHyhK8Q": {
    "question_id": "W5p2HmLoUaWjYqMkHyhK8Q",
    "prediction": "left field",
    "actual": "left field"
  },
  "W9SuEnjPaJ2SReannrgG2Y": {
    "question_id": "W9SuEnjPaJ2SReannrgG2Y",
    "prediction": "plowing fields",
    "actual": "plowing fields"
  },
  "WBdKcgLeFsoBqW8cqnzsLe": {
    "question_id": "WBdKcgLeFsoBqW8cqnzsLe",
    "prediction": "hole",
    "actual": "hole"
  },
  "WC8XQmunFHgUyN44J9vNQu": {
    "question_id": "WC8XQmunFHgUyN44J9vNQu",
    "prediction": "rail",
    "actual": "rail"
  },
  "WHkq5C8BiaowwnmsHGAxgf": {
    "question_id": "WHkq5C8BiaowwnmsHGAxgf",
    "prediction": "cheese",
    "actual": "cheese"
  },
  "WRniXpa5KWfR7D85cwFASi": {
    "question_id": "WRniXpa5KWfR7D85cwFASi",
    "prediction": "nintendo wii",
    "actual": "nintendo wii"
  },
  "WT3fLQWr4Wnj9LaQJ68rri": {
    "question_id": "WT3fLQWr4Wnj9LaQJ68rri",
    "prediction": "park",
    "actual": "park"
  },
  "WapXzWUgE3zgx5n3fVGUjS": {
    "question_id": "WapXzWUgE3zgx5n3fVGUjS",
    "prediction": "hole punch",
    "actual": "hole punch"
  },
  "WdswpNeyj4t9nbTqRVKKT9": {
    "question_id": "WdswpNeyj4t9nbTqRVKKT9",
    "prediction": "stir frying",
    "actual": "stir frying"
  },
  "WiVE6Ym7B7ZgEZQjBUsA5N": {
    "question_id": "WiVE6Ym7B7ZgEZQjBUsA5N",
    "prediction": "batting tee",
    "actual": "batting tee"
  },
  "WnCzZybnZ7YyuDvJ62YLyt": {
    "question_id": "WnCzZybnZ7YyuDvJ62YLyt",
    "prediction": "airport",
    "actual": "airport"
  },
  "Wug9d3qD8PXM2ugMWrbNA5": {
    "question_id": "Wug9d3qD8PXM2ugMWrbNA5",
    "prediction": "light",
    "actual": "light"
  },
  "Wz68Xn6EZYE34pM3RG2zNH": {
    "question_id": "Wz68Xn6EZYE34pM3RG2zNH",
    "prediction": "pitcher",
    "actual": "pitcher"
  },
  "XAvbeZ5Rqjf9hb6eDnVNhQ": {
    "question_id": "XAvbeZ5Rqjf9hb6eDnVNhQ",
    "prediction": "fall",
    "actual": "fall"
  },
  "XKjvNP3RonaQcJbF2oreHb": {
    "question_id": "XKjvNP3RonaQcJbF2oreHb",
    "prediction": "striped",
    "actual": "striped"
  },
  "XLheqq6ar6y8HxdmSZokoi": {
    "question_id": "XLheqq6ar6y8HxdmSZokoi",
    "prediction": "parade",
    "actual": "parade"
  },
  "XR7dA6TKQiFc4QHMYwLDqP": {
    "question_id": "XR7dA6TKQiFc4QHMYwLDqP",
    "prediction": "6 feet",
    "actual": "6 feet"
  },
  "XSdfYndeSP25Dm2T5e5Bd4": {
    "question_id": "XSdfYndeSP25Dm2T5e5Bd4",
    "prediction": "sheep",
    "actual": "sheep"
  },
  "XYmNkcLb88NVASUfFkcMXC": {
    "question_id": "XYmNkcLb88NVASUfFkcMXC",
    "prediction": "alcohol",
    "actual": "alcohol"
  },
  "XaVW3KQGzwUPCJeYwr99F6": {
    "question_id": "XaVW3KQGzwUPCJeYwr99F6",
    "prediction": "exhibition",
    "actual": "exhibition"
  },
  "XcYCdxp4Javwyxx6cihuSz": {
    "question_id": "XcYCdxp4Javwyxx6cihuSz",
    "prediction": "railroad",
    "actual": "railroad"
  },
  "XogitwSQqMuD3ABqp25hgF": {
    "question_id": "XogitwSQqMuD3ABqp25hgF",
    "prediction": "parallel",
    "actual": "parallel"
  },
  "YGzsjNW5NAbf7tFQeufc4e": {
    "question_id": "YGzsjNW5NAbf7tFQeufc4e",
    "prediction": "tusks",
    "actual": "tusks"
  },
  "YQ3iE6vHkcuYRWwn3fFd8N": {
    "question_id": "YQ3iE6vHkcuYRWwn3fFd8N",
    "prediction": "bow tie",
    "actual": "bow tie"
  },
  "YVoLEFzggKmLk7ghNNgXKB": {
    "question_id": "YVoLEFzggKmLk7ghNNgXKB",
    "prediction": "motorcycle dealer",
    "actual": "motorcycle dealer"
  },
  "YY8z6xFXJJ2nBNWWiijsHP": {
    "question_id": "YY8z6xFXJJ2nBNWWiijsHP",
    "prediction": "toy story",
    "actual": "toy story"
  },
  "YcY4T8d3SVHEDD4nQJBypg": {
    "question_id": "YcY4T8d3SVHEDD4nQJBypg",
    "prediction": "tomato",
    "actual": "tomato"
  },
  "Yf5ytZ8Hnk3NwYSf6YmBnB": {
    "question_id": "Yf5ytZ8Hnk3NwYSf6YmBnB",
    "prediction": "laptop screen",
    "actual": "laptop screen"
  },
  "YfFNHQEnioSZJwnStCSHar": {
    "question_id": "YfFNHQEnioSZJwnStCSHar",
    "prediction": "keeping captive",
    "actual": "keeping captive"
  },
  "YjzdYbFMe3DLJstKyxejEm": {
    "question_id": "YjzdYbFMe3DLJstKyxejEm",
    "prediction": "lighter",
    "actual": "lighter"
  },
  "YkmMkPR5sqwoebanrtJNBw": {
    "question_id": "YkmMkPR5sqwoebanrtJNBw",
    "prediction": "wire",
    "actual": "wire"
  },
  "Yw4eyrH9WvXX8SLfnqmPmX": {
    "question_id": "Yw4eyrH9WvXX8SLfnqmPmX",
    "prediction": "pastry",
    "actual": "pastry"
  },
  "Yzs9cYUUiiJWUzXRFsu3Qy": {
    "question_id": "Yzs9cYUUiiJWUzXRFsu3Qy",
    "prediction": "zero",
    "actual": "zero"
  },
  "Z5m3QsQ5uikUE6AwWUufzg": {
    "question_id": "Z5m3QsQ5uikUE6AwWUufzg",
    "prediction": "large closet",
    "actual": "large closet"
  },
  "Z5xx32ZiWMMosQmfjqKaGC": {
    "question_id": "Z5xx32ZiWMMosQmfjqKaGC",
    "prediction": "hotel room",
    "actual": "hotel room"
  },
  "ZBUSChQQGFWkXRQZcUxtrM": {
    "question_id": "ZBUSChQQGFWkXRQZcUxtrM",
    "prediction": "crt",
    "actual": "crt"
  },
  "ZBgPFjmtW5mTt7Njdwv6oV": {
    "question_id": "ZBgPFjmtW5mTt7Njdwv6oV",
    "prediction": "screensaver",
    "actual": "screensaver"
  },
  "ZDyf8aLqsUSUVCTRMk6zAu": {
    "question_id": "ZDyf8aLqsUSUVCTRMk6zAu",
    "prediction": "legos",
    "actual": "legos"
  },
  "ZH4XEMQDqCEqeyqX8ruMqf": {
    "question_id": "ZH4XEMQDqCEqeyqX8ruMqf",
    "prediction": "tea party",
    "actual": "tea party"
  },
  "ZVKndGxjdDtnrmsRUfRPxX": {
    "question_id": "ZVKndGxjdDtnrmsRUfRPxX",
    "prediction": "hereford",
    "actual": "hereford"
  },
  "ZVihanJCkC9cEENhpyucEn": {
    "question_id": "ZVihanJCkC9cEENhpyucEn",
    "prediction": "weather",
    "actual": "weather"
  },
  "ZZaVsZeNSvsTB8M2mFDcqL": {
    "question_id": "ZZaVsZeNSvsTB8M2mFDcqL",
    "prediction": "beer",
    "actual": "beer"
  },
  "ZdLaJyLJrM3UyQfks4vPz4": {
    "question_id": "ZdLaJyLJrM3UyQfks4vPz4",
    "prediction": "convenience store",
    "actual": "convenience store"
  },
  "ZeUzimMiTU6aJb3tFM7ie3": {
    "question_id": "ZeUzimMiTU6aJb3tFM7ie3",
    "prediction": "tropical",
    "actual": "tropical"
  },
  "ZfTC6zzHXSMikD2CDbSrJn": {
    "question_id": "ZfTC6zzHXSMikD2CDbSrJn",
    "prediction": "plaid",
    "actual": "plaid"
  },
  "Zhx4M3xfkZGgH4dnopMrY2": {
    "question_id": "Zhx4M3xfkZGgH4dnopMrY2",
    "prediction": "to eat",
    "actual": "to eat"
  },
  "Zkx2Q6dT8tpX5CaHAVoLzA": {
    "question_id": "Zkx2Q6dT8tpX5CaHAVoLzA",
    "prediction": "plant",
    "actual": "plant"
  },
  "ZpLohrc8reFQkCjJ3iFQXX": {
    "question_id": "ZpLohrc8reFQkCjJ3iFQXX",
    "prediction": "headset",
    "actual": "headset"
  },
  "Zpnu9g7eUGf6yYwwFN2Hk5": {
    "question_id": "Zpnu9g7eUGf6yYwwFN2Hk5",
    "prediction": "dessert",
    "actual": "dessert"
  },
  "a2NwsGL4TDKVjb89XHSn5i": {
    "question_id": "a2NwsGL4TDKVjb89XHSn5i",
    "prediction": "draughts",
    "actual": "draughts"
  },
  "a8KA5MV9JnCTqyHCeKCfEW": {
    "question_id": "a8KA5MV9JnCTqyHCeKCfEW",
    "prediction": "sky",
    "actual": "sky"
  },
  "aAEJFGA3xJLXv4gMXqCd84": {
    "question_id": "aAEJFGA3xJLXv4gMXqCd84",
    "prediction": "eye protection",
    "actual": "eye protection"
  },
  "aC77EkAro3tybKmAJPUAH4": {
    "question_id": "aC77EkAro3tybKmAJPUAH4",
    "prediction": "safety",
    "actual": "safety"
  },
  "aL2mrGutdZCcG5Da5m6avg": {
    "question_id": "aL2mrGutdZCcG5Da5m6avg",
    "prediction": "wind",
    "actual": "wind"
  },
  "adCKLgHUzBBhEmMyf8s8tW": {
    "question_id": "adCKLgHUzBBhEmMyf8s8tW",
    "prediction": "fruit",
    "actual": "fruit"
  },
  "adJ3Kj52nGJVwytjWDJjCA": {
    "question_id": "adJ3Kj52nGJVwytjWDJjCA",
    "prediction": "reach",
    "actual": "reach"
  },
  "admjQXJJsLpbcEdRVyvVsf": {
    "question_id": "admjQXJJsLpbcEdRVyvVsf",
    "prediction": "dirt",
    "actual": "dirt"
  },
  "aoF64JjYJnKQaPaTyshZh9": {
    "question_id": "aoF64JjYJnKQaPaTyshZh9",
    "prediction": "apple",
    "actual": "apple"
  },
  "apxbVY3Q3arXvhq3DXWFKC": {
    "question_id": "apxbVY3Q3arXvhq3DXWFKC",
    "prediction": "intersection",
    "actual": "intersection"
  },
  "avHqQqojSySkp7zg2o7afF": {
    "question_id": "avHqQqojSySkp7zg2o7afF",
    "prediction": "trees",
    "actual": "trees"
  },
  "ayLDJwHtkkfkn7twcJRGGo": {
    "question_id": "ayLDJwHtkkfkn7twcJRGGo",
    "prediction": "resort",
    "actual": "resort"
  },
  "b2photCPzvgmyTJXLzEgbW": {
    "question_id": "b2photCPzvgmyTJXLzEgbW",
    "prediction": "cream",
    "actual": "cream"
  },
  "bAZ4e6x3iLpkJMi8joS9mw": {
    "question_id": "bAZ4e6x3iLpkJMi8joS9mw",
    "prediction": "fluffy",
    "actual": "fluffy"
  },
  "bFHUSwTBE33hag9jVm6iJr": {
    "question_id": "bFHUSwTBE33hag9jVm6iJr",
    "prediction": "utensils",
    "actual": "utensils"
  },
  "bJibpiu5MQYbPEn4czsCea": {
    "question_id": "bJibpiu5MQYbPEn4czsCea",
    "prediction": "work",
    "actual": "work"
  },
  "bTRUSAypEjzP5XWNW954RK": {
    "question_id": "bTRUSAypEjzP5XWNW954RK",
    "prediction": "residential",
    "actual": "residential"
  },
  "bZ25bkAHbKKbPwPxLq6tgP": {
    "question_id": "bZ25bkAHbKKbPwPxLq6tgP",
    "prediction": "grapes",
    "actual": "grapes"
  },
  "bezNeT66zH5bmV9XRsGhcf": {
    "question_id": "bezNeT66zH5bmV9XRsGhcf",
    "prediction": "mountain",
    "actual": "mountain"
  },
  "bmXjvk9NznKw8jyhjjZuqi": {
    "question_id": "bmXjvk9NznKw8jyhjjZuqi",
    "prediction": "plastic",
    "actual": "plastic"
  },
  "bp87frxTcBx6bA7KtzDFp7": {
    "question_id": "bp87frxTcBx6bA7KtzDFp7",
    "prediction": "street",
    "actual": "street"
  },
  "bqgrwRMbZtGzixs99Lommf": {
    "question_id": "bqgrwRMbZtGzixs99Lommf",
    "prediction": "skateboard",
    "actual": "skateboard"
  },
  "bsEAp6tE9zHfcQ2ZASJYbZ": {
    "question_id": "bsEAp6tE9zHfcQ2ZASJYbZ",
    "prediction": "eating leaves",
    "actual": "eating leaves"
  },
  "c4kK8bzsKvVyN2KzoAkKpT": {
    "question_id": "c4kK8bzsKvVyN2KzoAkKpT",
    "prediction": "love",
    "actual": "love"
  },
  "cFQCDdKxosyJPfNAGYAd3o": {
    "question_id": "cFQCDdKxosyJPfNAGYAd3o",
    "prediction": "drying hands",
    "actual": "drying hands"
  },
  "cHj9fNtX8oN4JATDhDUC4T": {
    "question_id": "cHj9fNtX8oN4JATDhDUC4T",
    "prediction": "human",
    "actual": "human"
  },
  "cJWo8W7BsstCU73xdVW3zF": {
    "question_id": "cJWo8W7BsstCU73xdVW3zF",
    "prediction": "printing",
    "actual": "printing"
  },
  "cRGhffFZWNyQviWrJPmRCg": {
    "question_id": "cRGhffFZWNyQviWrJPmRCg",
    "prediction": "two",
    "actual": "two"
  },
  "cVAR5Tf2PErGycfZ6JUUEr": {
    "question_id": "cVAR5Tf2PErGycfZ6JUUEr",
    "prediction": "laptop",
    "actual": "laptop"
  },
  "caoMCyFq9e2eNFohbFzEWN": {
    "question_id": "caoMCyFq9e2eNFohbFzEWN",
    "prediction": "go",
    "actual": "go"
  },
  "ccZR5KJLUyDM8CqyvVVWbj": {
    "question_id": "ccZR5KJLUyDM8CqyvVVWbj",
    "prediction": "square",
    "actual": "square"
  },
  "cdRdX2gv29YLpSgqTiWGPt": {
    "question_id": "cdRdX2gv29YLpSgqTiWGPt",
    "prediction": "lgbt",
    "actual": "lgbt"
  },
  "ckEWdFtXTjmNaM5gGbqQH4": {
    "question_id": "ckEWdFtXTjmNaM5gGbqQH4",
    "prediction": "eat",
    "actual": "eat"
  },
  "cm2fk2B2GKPXCLkpzrSxaH": {
    "question_id": "cm2fk2B2GKPXCLkpzrSxaH",
    "prediction": "europe",
    "actual": "europe"
  },
  "cmnswk6vTNcnbewMUPmnv8": {
    "question_id": "cmnswk6vTNcnbewMUPmnv8",
    "prediction": "happy",
    "actual": "happy"
  },
  "dEK7AgGqKR96Axjhm22tnL": {
    "question_id": "dEK7AgGqKR96Axjhm22tnL",
    "prediction": "string",
    "actual": "string"
  },
  "dF3yMTwwWYEDqax7b4n9VX": {
    "question_id": "dF3yMTwwWYEDqax7b4n9VX",
    "prediction": "no",
    "actual": "no"
  },
  "dHBDGPwELp65UFhPhSZyEu": {
    "question_id": "dHBDGPwELp65UFhPhSZyEu",
    "prediction": "flight",
    "actual": "flight"
  },
  "dLGivwZ7fRpiDAqxkDxd5X": {
    "question_id": "dLGivwZ7fRpiDAqxkDxd5X",
    "prediction": "tractor",
    "actual": "tractor"
  },
  "dYPm6FoCySuwWSw7pPbTKC": {
    "question_id": "dYPm6FoCySuwWSw7pPbTKC",
    "prediction": "snowman",
    "actual": "snowman"
  },
  "da6PS4adVsfrcADUNQ8GMx": {
    "question_id": "da6PS4adVsfrcADUNQ8GMx",
    "prediction": "two",
    "actual": "two"
  },
  "ddjEou8vsFUmvEAvgXxh8n": {
    "question_id": "ddjEou8vsFUmvEAvgXxh8n",
    "prediction": "photographers",
    "actual": "photographers"
  },
  "dhJDsvTigyVh6W3kHQcMLa": {
    "question_id": "dhJDsvTigyVh6W3kHQcMLa",
    "prediction": "baby",
    "actual": "baby"
  },
  "dohJioF4j23dw6b8AgCxqx": {
    "question_id": "dohJioF4j23dw6b8AgCxqx",
    "prediction": "forehand",
    "actual": "forehand"
  },
  "dpTTTMowgDYptWd2YZdUT7": {
    "question_id": "dpTTTMowgDYptWd2YZdUT7",
    "prediction": "downhill",
    "actual": "downhill"
  },
  "dsj5pM6cKMWbpv8viqkUyN": {
    "question_id": "dsj5pM6cKMWbpv8viqkUyN",
    "prediction": "roundabout",
    "actual": "roundabout"
  },
  "dvvTUCDA3wK4Q9KZKboPgg": {
    "question_id": "dvvTUCDA3wK4Q9KZKboPgg",
    "prediction": "steam",
    "actual": "steam"
  },
  "e7kbVPy7P3pEp7pBNJNZTU": {
    "question_id": "e7kbVPy7P3pEp7pBNJNZTU",
    "prediction": "christianity",
    "actual": "christianity"
  },
  "e8C3zCrRwuZXfsWLB6WisZ": {
    "question_id": "e8C3zCrRwuZXfsWLB6WisZ",
    "prediction": "pizza shop",
    "actual": "pizza shop"
  },
  "e8EayGjQkqTfuYyHQRAEBC": {
    "question_id": "e8EayGjQkqTfuYyHQRAEBC",
    "prediction": "take picture",
    "actual": "take picture"
  },
  "eDZFWUyFe832NMLpecBV63": {
    "question_id": "eDZFWUyFe832NMLpecBV63",
    "prediction": "picture taking",
    "actual": "picture taking"
  },
  "eJTAScNwDH8iedN247LDBV": {
    "question_id": "eJTAScNwDH8iedN247LDBV",
    "prediction": "tie",
    "actual": "tie"
  },
  "eNrkV5MyWHSeR6F7jbf3Fm": {
    "question_id": "eNrkV5MyWHSeR6F7jbf3Fm",
    "prediction": "remote controls",
    "actual": "remote controls"
  },
  "eQRQC4E5pZanwwyme6kTJA": {
    "question_id": "eQRQC4E5pZanwwyme6kTJA",
    "prediction": "farm",
    "actual": "farm"
  },
  "eTzxabUHi9XjTeaAKr9nz2": {
    "question_id": "eTzxabUHi9XjTeaAKr9nz2",
    "prediction": "station",
    "actual": "station"
  },
  "ec8EjipayMWjJLnwsWsrD3": {
    "question_id": "ec8EjipayMWjJLnwsWsrD3",
    "prediction": "surfboard",
    "actual": "surfboard"
  },
  "edgUrxZbEmJboFbFUdBdCm": {
    "question_id": "edgUrxZbEmJboFbFUdBdCm",
    "prediction": "baseball bat",
    "actual": "baseball bat"
  },
  "ee4bPHg93VdP6dqmUAGtbg": {
    "question_id": "ee4bPHg93VdP6dqmUAGtbg",
    "prediction": "volvo",
    "actual": "volvo"
  },
  "egoXFuXgENCZik7xrP9der": {
    "question_id": "egoXFuXgENCZik7xrP9der",
    "prediction": "i do",
    "actual": "i do"
  },
  "eiLeNz2CFKYS7AFZDXrKEM": {
    "question_id": "eiLeNz2CFKYS7AFZDXrKEM",
    "prediction": "class",
    "actual": "class"
  },
  "epWz8dQzRohUWmTphUjt4p": {
    "question_id": "epWz8dQzRohUWmTphUjt4p",
    "prediction": "fire",
    "actual": "fire"
  },
  "epeFzsUCjPeSnj6QjSa9So": {
    "question_id": "epeFzsUCjPeSnj6QjSa9So",
    "prediction": "curb",
    "actual": "curb"
  },
  "et6akpyxHvFPfKyPNtNzSi": {
    "question_id": "et6akpyxHvFPfKyPNtNzSi",
    "prediction": "cellular",
    "actual": "cellular"
  },
  "f5DyWHCeTdLVN7kHd8zguE": {
    "question_id": "f5DyWHCeTdLVN7kHd8zguE",
    "prediction": "it's raining",
    "actual": "it's raining"
  },
  "f5nsFmeqGkf4zfaSVk4ocX": {
    "question_id": "f5nsFmeqGkf4zfaSVk4ocX",
    "prediction": "daughter",
    "actual": "daughter"
  },
  "f64sjY8tRYzCoYyGq2fyem": {
    "question_id": "f64sjY8tRYzCoYyGq2fyem",
    "prediction": "food",
    "actual": "food"
  },
  "f8zgqNptbviU5cyJpQKege": {
    "question_id": "f8zgqNptbviU5cyJpQKege",
    "prediction": "laptop",
    "actual": "laptop"
  },
  "f98CKzuCeHPRkbQSvQ8DWn": {
    "question_id": "f98CKzuCeHPRkbQSvQ8DWn",
    "prediction": "to sell",
    "actual": "to sell"
  },
  "fBAFVnTtnpQ93wUBQAEC8L": {
    "question_id": "fBAFVnTtnpQ93wUBQAEC8L",
    "prediction": "clock",
    "actual": "clock"
  },
  "fLRvDM4xG4ag8n4JC6CUQz": {
    "question_id": "fLRvDM4xG4ag8n4JC6CUQz",
    "prediction": "teddy bear",
    "actual": "teddy bear"
  },
  "fQFRMaUHmiyqntdRxaa8Lf": {
    "question_id": "fQFRMaUHmiyqntdRxaa8Lf",
    "prediction": "roman",
    "actual": "roman"
  },
  "fQykduWza8cpGuwj3CxHtF": {
    "question_id": "fQykduWza8cpGuwj3CxHtF",
    "prediction": "herding",
    "actual": "herding"
  },
  "fRsrJ35b56YXKrbbzs59pn": {
    "question_id": "fRsrJ35b56YXKrbbzs59pn",
    "prediction": "high",
    "actual": "high"
  },
  "fVuz8FFvFG4BEFRwzT5Ppg": {
    "question_id": "fVuz8FFvFG4BEFRwzT5Ppg",
    "prediction": "balance",
    "actual": "balance"
  },
  "fZVNJLSu2SxMramndCnER8": {
    "question_id": "fZVNJLSu2SxMramndCnER8",
    "prediction": "tennis ball",
    "actual": "tennis ball"
  },
  "fc9QkXjzTTYvw5oAqRj6H4": {
    "question_id": "fc9QkXjzTTYvw5oAqRj6H4",
    "prediction": "flock",
    "actual": "flock"
  },
  "feGFfp3nMKyVUYRboCosh9": {
    "question_id": "feGFfp3nMKyVUYRboCosh9",
    "prediction": "food",
    "actual": "food"
  },
  "fgF7yNqEPZiNszHnQZKkxU": {
    "question_id": "fgF7yNqEPZiNszHnQZKkxU",
    "prediction": "glasses",
    "actual": "glasses"
  },
  "fjqDSmg3254rQUdBJujxZy": {
    "question_id": "fjqDSmg3254rQUdBJujxZy",
    "prediction": "europe",
    "actual": "europe"
  },
  "fpF5ZKeP3xrZCP58anLwra": {
    "question_id": "fpF5ZKeP3xrZCP58anLwra",
    "prediction": "fruit",
    "actual": "fruit"
  },
  "fucubLgW4kCAtRkT6nDaPa": {
    "question_id": "fucubLgW4kCAtRkT6nDaPa",
    "prediction": "trophy",
    "actual": "trophy"
  },
  "g5VNWgEAqTK8RdPgfGh9NX": {
    "question_id": "g5VNWgEAqTK8RdPgfGh9NX",
    "prediction": "sail",
    "actual": "sail"
  },
  "g7xtDFAVrWx9w6DHFgcKkz": {
    "question_id": "g7xtDFAVrWx9w6DHFgcKkz",
    "prediction": "bike lane",
    "actual": "bike lane"
  },
  "gHfctVt5jWCGmTwQyDgebm": {
    "question_id": "gHfctVt5jWCGmTwQyDgebm",
    "prediction": "desserts",
    "actual": "desserts"
  },
  "gR5qY6Tpgq26YAbGrZAwwJ": {
    "question_id": "gR5qY6Tpgq26YAbGrZAwwJ",
    "prediction": "island",
    "actual": "island"
  },
  "gVpcdVA7d4t69Wgw9yS5d9": {
    "question_id": "gVpcdVA7d4t69Wgw9yS5d9",
    "prediction": "tennis ball",
    "actual": "tennis ball"
  },
  "gXBksm4FiAGgUDw3a3EUaF": {
    "question_id": "gXBksm4FiAGgUDw3a3EUaF",
    "prediction": "motorbike",
    "actual": "motorbike"
  },
  "gcedAQnUFuSzQFGSnjixym": {
    "question_id": "gcedAQnUFuSzQFGSnjixym",
    "prediction": "cocoa",
    "actual": "cocoa"
  },
  "geoznuKRiPX5hf2he5EgpS": {
    "question_id": "geoznuKRiPX5hf2he5EgpS",
    "prediction": "three",
    "actual": "three"
  },
  "gfHjDx5E9L9QMsbgnxSFdm": {
    "question_id": "gfHjDx5E9L9QMsbgnxSFdm",
    "prediction": "volkswagen",
    "actual": "volkswagen"
  },
  "gnWMLABzefU4wXEUTXxrVC": {
    "question_id": "gnWMLABzefU4wXEUTXxrVC",
    "prediction": "salad",
    "actual": "salad"
  },
  "guwEPSB4oc6X2txXJJsomW": {
    "question_id": "guwEPSB4oc6X2txXJJsomW",
    "prediction": "wind",
    "actual": "wind"
  },
  "h4zCFQx6fTvww2Z3rzcq9K": {
    "question_id": "h4zCFQx6fTvww2Z3rzcq9K",
    "prediction": "art",
    "actual": "art"
  },
  "hAnVoSeXQksd6ZjSYMBFpA": {
    "question_id": "hAnVoSeXQksd6ZjSYMBFpA",
    "prediction": "skiing",
    "actual": "skiing"
  },
  "hB2doqSEEeky2XNUEHdz79": {
    "question_id": "hB2doqSEEeky2XNUEHdz79",
    "prediction": "field",
    "actual": "field"
  },
  "hLHsuNu5R8Hf8xat2DzcDb": {
    "question_id": "hLHsuNu5R8Hf8xat2DzcDb",
    "prediction": "government",
    "actual": "government"
  },
  "hSrHK8kZfrc6tZgTB7yMmW": {
    "question_id": "hSrHK8kZfrc6tZgTB7yMmW",
    "prediction": "commercial kitchen",
    "actual": "commercial kitchen"
  },
  "hUddfx4tZ3KGtSWFbGphnh": {
    "question_id": "hUddfx4tZ3KGtSWFbGphnh",
    "prediction": "trio",
    "actual": "trio"
  },
  "hUuZHj9U6dgD53jRBVVYfk": {
    "question_id": "hUuZHj9U6dgD53jRBVVYfk",
    "prediction": "sugar",
    "actual": "sugar"
  },
  "hVFNQ63oXdszJvNvWDLoHt": {
    "question_id": "hVFNQ63oXdszJvNvWDLoHt",
    "prediction": "laying",
    "actual": "laying"
  },
  "hikczeyros8C4QajTVYThj": {
    "question_id": "hikczeyros8C4QajTVYThj",
    "prediction": "frisbee",
    "actual": "frisbee"
  },
  "hnKD5XstcaNYe6tjb6vCPe": {
    "question_id": "hnKD5XstcaNYe6tjb6vCPe",
    "prediction": "office",
    "actual": "office"
  },
  "hrzBKUpTCF5Bp7uvJbjv9Z": {
    "question_id": "hrzBKUpTCF5Bp7uvJbjv9Z",
    "prediction": "purple",
    "actual": "purple"
  },
  "hzfzWaLVz2ASnBBWc77fxG": {
    "question_id": "hzfzWaLVz2ASnBBWc77fxG",
    "prediction": "dragons",
    "actual": "dragons"
  },
  "i2ZhyTn4CzHyVxCjM6JFP5": {
    "question_id": "i2ZhyTn4CzHyVxCjM6JFP5",
    "prediction": "fruit",
    "actual": "fruit"
  },
  "i9MJBUxa64ZL4vaG7hse5x": {
    "question_id": "i9MJBUxa64ZL4vaG7hse5x",
    "prediction": "parking",
    "actual": "parking"
  },
  "iEUBT5a5ajx5MR33EMkQVr": {
    "question_id": "iEUBT5a5ajx5MR33EMkQVr",
    "prediction": "boat",
    "actual": "boat"
  },
  "iepNGdTWvJFnPbHVTuKmLw": {
    "question_id": "iepNGdTWvJFnPbHVTuKmLw",
    "prediction": "sailing vessel",
    "actual": "sailing vessel"
  },
  "ijeUcdVFHVYtTABEpPYJCR": {
    "question_id": "ijeUcdVFHVYtTABEpPYJCR",
    "prediction": "uniform",
    "actual": "uniform"
  },
  "ioNZxNbwvEagLBwSYCmVkU": {
    "question_id": "ioNZxNbwvEagLBwSYCmVkU",
    "prediction": "pelican",
    "actual": "pelican"
  },
  "irhkgQFLQikZ9fY6LfKbKN": {
    "question_id": "irhkgQFLQikZ9fY6LfKbKN",
    "prediction": "under armour",
    "actual": "under armour"
  },
  "iriWmuGxQfwS4Uj8UE2ojD": {
    "question_id": "iriWmuGxQfwS4Uj8UE2ojD",
    "prediction": "wild",
    "actual": "wild"
  },
  "j4usZ4NoJf62hcBq4GCBc7": {
    "question_id": "j4usZ4NoJf62hcBq4GCBc7",
    "prediction": "asian",
    "actual": "asian"
  },
  "j5HvFYT7fQSpvcuwoY7495": {
    "question_id": "j5HvFYT7fQSpvcuwoY7495",
    "prediction": "sweden",
    "actual": "sweden"
  },
  "j5j6LUEzw383spcNXi7XhT": {
    "question_id": "j5j6LUEzw383spcNXi7XhT",
    "prediction": "skateboard",
    "actual": "skateboard"
  },
  "j6AP78GdCUYqzaxWmNS5MX": {
    "question_id": "j6AP78GdCUYqzaxWmNS5MX",
    "prediction": "produce",
    "actual": "produce"
  },
  "j9ix7Egb5KJ7PkXttbbtdC": {
    "question_id": "j9ix7Egb5KJ7PkXttbbtdC",
    "prediction": "being photographed",
    "actual": "being photographed"
  },
  "jENRJNFPp8S9aqLGkRfkiU": {
    "question_id": "jENRJNFPp8S9aqLGkRfkiU",
    "prediction": "home",
    "actual": "home"
  },
  "jJtrzZ4RRXKH8SSVmgw8tp": {
    "question_id": "jJtrzZ4RRXKH8SSVmgw8tp",
    "prediction": "wild",
    "actual": "wild"
  },
  "jQLQXdTab2NMEr4CHskSjQ": {
    "question_id": "jQLQXdTab2NMEr4CHskSjQ",
    "prediction": "motorcycle",
    "actual": "motorcycle"
  },
  "jQjEGnnPzL4AVqfBAfHvjq": {
    "question_id": "jQjEGnnPzL4AVqfBAfHvjq",
    "prediction": "gymnasium",
    "actual": "gymnasium"
  },
  "jVXbihURQxsHwkTVByGBKj": {
    "question_id": "jVXbihURQxsHwkTVByGBKj",
    "prediction": "surfboard",
    "actual": "surfboard"
  },
  "jZ6AjasusNaTDooYZHPv6L": {
    "question_id": "jZ6AjasusNaTDooYZHPv6L",
    "prediction": "formal",
    "actual": "formal"
  },
  "ja6pMKAxBoEM6Q9tvtsmMA": {
    "question_id": "ja6pMKAxBoEM6Q9tvtsmMA",
    "prediction": "metal",
    "actual": "metal"
  },
  "jb2M9hwaHvK2itZac5i4tb": {
    "question_id": "jb2M9hwaHvK2itZac5i4tb",
    "prediction": "port",
    "actual": "port"
  },
  "jbdEbFFZDtMSrD3h32SFAp": {
    "question_id": "jbdEbFFZDtMSrD3h32SFAp",
    "prediction": "to catch",
    "actual": "to catch"
  },
  "jfuLWvGbtvRTnLYAPEE8pi": {
    "question_id": "jfuLWvGbtvRTnLYAPEE8pi",
    "prediction": "two",
    "actual": "two"
  },
  "jnEMGAZLdvFn9ZgBYUbAUX": {
    "question_id": "jnEMGAZLdvFn9ZgBYUbAUX",
    "prediction": "wake up",
    "actual": "wake up"
  },
  "jnuckE6W2YqaueH7XL4ogy": {
    "question_id": "jnuckE6W2YqaueH7XL4ogy",
    "prediction": "tours",
    "actual": "tours"
  },
  "jqhSWKF72XwtaJGZH7XbS9": {
    "question_id": "jqhSWKF72XwtaJGZH7XbS9",
    "prediction": "two",
    "actual": "two"
  },
  "jyrnj3VZZGHVf5gYxzYmxA": {
    "question_id": "jyrnj3VZZGHVf5gYxzYmxA",
    "prediction": "wine tasting",
    "actual": "wine tasting"
  },
  "k8WjRvSCus9iQjUV6mPbCQ": {
    "question_id": "k8WjRvSCus9iQjUV6mPbCQ",
    "prediction": "stella artois",
    "actual": "stella artois"
  },
  "k8y3RfpAYmSuXDkcpiDQrx": {
    "question_id": "k8y3RfpAYmSuXDkcpiDQrx",
    "prediction": "laughing",
    "actual": "laughing"
  },
  "kP9etcrALtsYL363dVhT5Y": {
    "question_id": "kP9etcrALtsYL363dVhT5Y",
    "prediction": "bike lock",
    "actual": "bike lock"
  },
  "kZWuYe4HefJH33d7GCb4Tk": {
    "question_id": "kZWuYe4HefJH33d7GCb4Tk",
    "prediction": "japanese",
    "actual": "japanese"
  },
  "kgUHGxPt2H4SrR5Nb9be44": {
    "question_id": "kgUHGxPt2H4SrR5Nb9be44",
    "prediction": "shirt",
    "actual": "shirt"
  },
  "kkSpeDk4MgZ6g4KPcyS5Lc": {
    "question_id": "kkSpeDk4MgZ6g4KPcyS5Lc",
    "prediction": "two",
    "actual": "two"
  },
  "kpuykmWTony3CofsE8S8Dt": {
    "question_id": "kpuykmWTony3CofsE8S8Dt",
    "prediction": "new york",
    "actual": "new york"
  },
  "kqVKk7x35jEP3uXnZR3wBf": {
    "question_id": "kqVKk7x35jEP3uXnZR3wBf",
    "prediction": "driving",
    "actual": "driving"
  },
  "ksqkKgifofmUwDS94V5ggP": {
    "question_id": "ksqkKgifofmUwDS94V5ggP",
    "prediction": "sandwich pick",
    "actual": "sandwich pick"
  },
  "m2mA48VKETDDYeJKgD5qSx": {
    "question_id": "m2mA48VKETDDYeJKgD5qSx",
    "prediction": "family",
    "actual": "family"
  },
  "m4BSqisXuHjv98qLTDT2NE": {
    "question_id": "m4BSqisXuHjv98qLTDT2NE",
    "prediction": "baking",
    "actual": "baking"
  },
  "mNNi2tGdk9CvAdHYyZekG9": {
    "question_id": "mNNi2tGdk9CvAdHYyZekG9",
    "prediction": "outdoors",
    "actual": "outdoors"
  },
  "mQ5TJVLswrNGGP3La64Erc": {
    "question_id": "mQ5TJVLswrNGGP3La64Erc",
    "prediction": "grazing",
    "actual": "grazing"
  },
  "mTeNP8rQAWywyEL6BxJzMr": {
    "question_id": "mTeNP8rQAWywyEL6BxJzMr",
    "prediction": "read",
    "actual": "read"
  },
  "mWHEDu3pfYCy9FwrW5Qkt2": {
    "question_id": "mWHEDu3pfYCy9FwrW5Qkt2",
    "prediction": "leather",
    "actual": "leather"
  },
  "mXqJFvpNahd3xSBSMLqk9M": {
    "question_id": "mXqJFvpNahd3xSBSMLqk9M",
    "prediction": "sauce",
    "actual": "sauce"
  },
  "ma7Jzg4NKgXtp5cBVh4kFP": {
    "question_id": "ma7Jzg4NKgXtp5cBVh4kFP",
    "prediction": "hotel",
    "actual": "hotel"
  },
  "mdsQntNbjZRukzkyyHaD8T": {
    "question_id": "mdsQntNbjZRukzkyyHaD8T",
    "prediction": "peel it",
    "actual": "peel it"
  },
  "mdxki75RbHjL4kGrUbbSY2": {
    "question_id": "mdxki75RbHjL4kGrUbbSY2",
    "prediction": "san francisco",
    "actual": "san francisco"
  },
  "mhLhbPavrBpfdknacMN7GL": {
    "question_id": "mhLhbPavrBpfdknacMN7GL",
    "prediction": "home",
    "actual": "home"
  },
  "mjCY6VtSoZiKbBKKx3YuLZ": {
    "question_id": "mjCY6VtSoZiKbBKKx3YuLZ",
    "prediction": "to eat",
    "actual": "to eat"
  },
  "n2V3ufCHusHxHg3doMLfoT": {
    "question_id": "n2V3ufCHusHxHg3doMLfoT",
    "prediction": "falling",
    "actual": "falling"
  },
  "n3EWd223KWajDuTgFCGZmw": {
    "question_id": "n3EWd223KWajDuTgFCGZmw",
    "prediction": "fridge",
    "actual": "fridge"
  },
  "n3pP3X6CbTGfsNu52Eujfm": {
    "question_id": "n3pP3X6CbTGfsNu52Eujfm",
    "prediction": "bases",
    "actual": "bases"
  },
  "nKwQobxEKFkMGtc8DcQ5Ju": {
    "question_id": "nKwQobxEKFkMGtc8DcQ5Ju",
    "prediction": "two",
    "actual": "two"
  },
  "nVg8yTiMtqm4VmDPRDPhLB": {
    "question_id": "nVg8yTiMtqm4VmDPRDPhLB",
    "prediction": "drying hair",
    "actual": "drying hair"
  },
  "nbKEZAsRQ7mimyjkQYFn6d": {
    "question_id": "nbKEZAsRQ7mimyjkQYFn6d",
    "prediction": "fire",
    "actual": "fire"
  },
  "ngQSEzXpxxTNJ4mVQxD9JM": {
    "question_id": "ngQSEzXpxxTNJ4mVQxD9JM",
    "prediction": "red couch",
    "actual": "red couch"
  },
  "nhdJhq3kPGKBKMx4FCvXUs": {
    "question_id": "nhdJhq3kPGKBKMx4FCvXUs",
    "prediction": "park",
    "actual": "park"
  },
  "nidoPGHJpvjJLkJWzxWUng": {
    "question_id": "nidoPGHJpvjJLkJWzxWUng",
    "prediction": "passenger",
    "actual": "passenger"
  },
  "nif2rWzKpmykkka2moeA3e": {
    "question_id": "nif2rWzKpmykkka2moeA3e",
    "prediction": "riding them",
    "actual": "riding them"
  },
  "nkstSbXoxcYyHbvBbKvZtV": {
    "question_id": "nkstSbXoxcYyHbvBbKvZtV",
    "prediction": "sting ray",
    "actual": "sting ray"
  },
  "npMJUgqcniPJuZPEh7mP3t": {
    "question_id": "npMJUgqcniPJuZPEh7mP3t",
    "prediction": "water",
    "actual": "water"
  },
  "nqDVieEVdjDt3CELi7g5Zh": {
    "question_id": "nqDVieEVdjDt3CELi7g5Zh",
    "prediction": "phones",
    "actual": "phones"
  },
  "ntQQ9FVL9GKUoT2WvCWiHD": {
    "question_id": "ntQQ9FVL9GKUoT2WvCWiHD",
    "prediction": "wire ties",
    "actual": "wire ties"
  },
  "nzNFFqRxL3q4gJf2iXRMtT": {
    "question_id": "nzNFFqRxL3q4gJf2iXRMtT",
    "prediction": "glove",
    "actual": "glove"
  },
  "o5Pf29Ro76nufH3SYS49LM": {
    "question_id": "o5Pf29Ro76nufH3SYS49LM",
    "prediction": "margarita",
    "actual": "margarita"
  },
  "o7YUWt5CppEBSMU9tUszUZ": {
    "question_id": "o7YUWt5CppEBSMU9tUszUZ",
    "prediction": "rain",
    "actual": "rain"
  },
  "o7eySiU8AwFHu3Lgp5xoK9": {
    "question_id": "o7eySiU8AwFHu3Lgp5xoK9",
    "prediction": "handplant",
    "actual": "handplant"
  },
  "o9RMCCdLoYDGb6oR8Z3yvi": {
    "question_id": "o9RMCCdLoYDGb6oR8Z3yvi",
    "prediction": "grass",
    "actual": "grass"
  },
  "o9UdSvT8pgAVAQCkm8XPdz": {
    "question_id": "o9UdSvT8pgAVAQCkm8XPdz",
    "prediction": "canal",
    "actual": "canal"
  },
  "oAL5LQnAH9sB2oMiAmxsbq": {
    "question_id": "oAL5LQnAH9sB2oMiAmxsbq",
    "prediction": "fruit salad",
    "actual": "fruit salad"
  },
  "oCwi6S3N5sKMdGtLLocG4p": {
    "question_id": "oCwi6S3N5sKMdGtLLocG4p",
    "prediction": "adrian",
    "actual": "adrian"
  },
  "oGPSzHdRANrLhhyZLbbqNf": {
    "question_id": "oGPSzHdRANrLhhyZLbbqNf",
    "prediction": "captivity",
    "actual": "captivity"
  },
  "oJD9cm8E2JFszgzyPjaVgn": {
    "question_id": "oJD9cm8E2JFszgzyPjaVgn",
    "prediction": "siblings",
    "actual": "siblings"
  },
  "oUJexrTXPEKNEATboAHaAA": {
    "question_id": "oUJexrTXPEKNEATboAHaAA",
    "prediction": "breakfast",
    "actual": "breakfast"
  },
  "578p2wBoYH5uozEuVypCEw": {
    "question_id": "578p2wBoYH5uozEuVypCEw",
    "prediction": "elephant",
    "actual": "elephant"
  },
  "DdkfCj4NDiSSSVhqbtwCY2": {
    "question_id": "DdkfCj4NDiSSSVhqbtwCY2",
    "prediction": "shade",
    "actual": "shade"
  },
  "QfzADtoknvheZQ3r9o4XWa": {
    "question_id": "QfzADtoknvheZQ3r9o4XWa",
    "prediction": "in shape",
    "actual": "in shape"
  },
  "TCqWeX5SXeeUmMjqkWnbSz": {
    "question_id": "TCqWeX5SXeeUmMjqkWnbSz",
    "prediction": "remote control",
    "actual": "remote control"
  },
  "WrPmpcpv5q8Drcc8xwkak9": {
    "question_id": "WrPmpcpv5q8Drcc8xwkak9",
    "prediction": "moving",
    "actual": "moving"
  },
  "Y4KDhiu2MeKojYumTWRevx": {
    "question_id": "Y4KDhiu2MeKojYumTWRevx",
    "prediction": "jetway",
    "actual": "jetway"
  },
  "YgiqkypFRQHVYHqieDPN9u": {
    "question_id": "YgiqkypFRQHVYHqieDPN9u",
    "prediction": "grip",
    "actual": "grip"
  },
  "a4WQwPgnKUrGfWf3T2vpxE": {
    "question_id": "a4WQwPgnKUrGfWf3T2vpxE",
    "prediction": "proud",
    "actual": "proud"
  },
  "iTeGLgJNuQjkRqeTmKwWLs": {
    "question_id": "iTeGLgJNuQjkRqeTmKwWLs",
    "prediction": "f",
    "actual": "f"
  },
  "mZGqAwu28rKDYShh6mrTz7": {
    "question_id": "mZGqAwu28rKDYShh6mrTz7",
    "prediction": "wind",
    "actual": "wind"
  },
  "n3q6CBsJfobMm4vAqMGi38": {
    "question_id": "n3q6CBsJfobMm4vAqMGi38",
    "prediction": "bagel",
    "actual": "bagel"
  },
  "2UqDdmoKsLVD4Vt2qeMFds": {
    "question_id": "2UqDdmoKsLVD4Vt2qeMFds",
    "prediction": "horses",
    "actual": "horses"
  },
  "4XAzPXBEk6aZHFvdPTKdjH": {
    "question_id": "4XAzPXBEk6aZHFvdPTKdjH",
    "prediction": "congratulating",
    "actual": "congratulating"
  },
  "6GNHDAUJnk4GUrW6x4AJwF": {
    "question_id": "6GNHDAUJnk4GUrW6x4AJwF",
    "prediction": "grass",
    "actual": "grass"
  },
  "7Q2MqmLkDhRu93vhjMPJXJ": {
    "question_id": "7Q2MqmLkDhRu93vhjMPJXJ",
    "prediction": "skating",
    "actual": "skating"
  },
  "8a5uCKsjUC9vtK2i7Amh28": {
    "question_id": "8a5uCKsjUC9vtK2i7Amh28",
    "prediction": "vertical labret",
    "actual": "vertical labret"
  },
  "A4pTVyj6FszUQtpyuwuEs2": {
    "question_id": "A4pTVyj6FszUQtpyuwuEs2",
    "prediction": "food",
    "actual": "food"
  },
  "CCVav8uwNeAerpwiN2jbcx": {
    "question_id": "CCVav8uwNeAerpwiN2jbcx",
    "prediction": "scrambled",
    "actual": "scrambled"
  },
  "CY5ZZbpJFTLSwMbjGybzpS": {
    "question_id": "CY5ZZbpJFTLSwMbjGybzpS",
    "prediction": "emergency exit",
    "actual": "emergency exit"
  },
  "CfaSzNgDy23yuC4X55XVmn": {
    "question_id": "CfaSzNgDy23yuC4X55XVmn",
    "prediction": "playing hockey",
    "actual": "playing hockey"
  },
  "F8Df2XjGi87XQBkJNa79Ka": {
    "question_id": "F8Df2XjGi87XQBkJNa79Ka",
    "prediction": "bakery",
    "actual": "bakery"
  },
  "Gv6voFmtsboJcuT7NppWmh": {
    "question_id": "Gv6voFmtsboJcuT7NppWmh",
    "prediction": "rust",
    "actual": "rust"
  },
  "KMF7Ym9gSvVVJ5QoLtTpt6": {
    "question_id": "KMF7Ym9gSvVVJ5QoLtTpt6",
    "prediction": "ball",
    "actual": "ball"
  },
  "Kn65sKCZq6EBQWNdQB469p": {
    "question_id": "Kn65sKCZq6EBQWNdQB469p",
    "prediction": "banana",
    "actual": "banana"
  },
  "R647v79wCuGwSJmeooBxyY": {
    "question_id": "R647v79wCuGwSJmeooBxyY",
    "prediction": "wait",
    "actual": "wait"
  },
  "ZQKmx3C4YgDDUWd34gaPhS": {
    "question_id": "ZQKmx3C4YgDDUWd34gaPhS",
    "prediction": "business",
    "actual": "business"
  },
  "Zg7XNQn9CZt3jkATUMXFhp": {
    "question_id": "Zg7XNQn9CZt3jkATUMXFhp",
    "prediction": "ponytail",
    "actual": "ponytail"
  },
  "a7EiGZsffnAC9nVsb9Y7AY": {
    "question_id": "a7EiGZsffnAC9nVsb9Y7AY",
    "prediction": "righthanded",
    "actual": "righthanded"
  },
  "ab8eLKrdMaUhKCHtrDknSy": {
    "question_id": "ab8eLKrdMaUhKCHtrDknSy",
    "prediction": "awaiting greenlight",
    "actual": "awaiting greenlight"
  },
  "cEtogP8bKLXGuFtxeEqkvZ": {
    "question_id": "cEtogP8bKLXGuFtxeEqkvZ",
    "prediction": "face",
    "actual": "face"
  },
  "iEWtnFwjAXAqCFXiopTTZs": {
    "question_id": "iEWtnFwjAXAqCFXiopTTZs",
    "prediction": "pregnancy",
    "actual": "pregnancy"
  },
  "iGmzkJ63JuV4MwnQo2B6Jb": {
    "question_id": "iGmzkJ63JuV4MwnQo2B6Jb",
    "prediction": "emergency brake",
    "actual": "emergency brake"
  },
  "iXG9vTJKiKBbMcgyngPRpH": {
    "question_id": "iXG9vTJKiKBbMcgyngPRpH",
    "prediction": "brakes",
    "actual": "brakes"
  },
  "mf7iP3eaca7zncQHvBLbEF": {
    "question_id": "mf7iP3eaca7zncQHvBLbEF",
    "prediction": "head and shoulders",
    "actual": "head and shoulders"
  }
}