{
  "22jbM6gDxdaMaunuzgrsBB": {
    "question_id": "22jbM6gDxdaMaunuzgrsBB",
    "prediction": "toothpick",
    "actual": "cigarette"
  },
  "2Aq5RiEn7eyfWjEbpuYT2o": {
    "question_id": "2Aq5RiEn7eyfWjEbpuYT2o",
    "prediction": "one",
    "actual": "thirty"
  },
  "2DQex53EkNGH2cfo3WPuPn": {
    "question_id": "2DQex53EkNGH2cfo3WPuPn",
    "prediction": "keyboard",
    "actual": "mobile phone"
  },
  "2GhdXLaZFBYHSip4rvYKfK": {
    "question_id": "2GhdXLaZFBYHSip4rvYKfK",
    "prediction": "zombie",
    "actual": "devil"
  },
  "2RN4dwhRZR3ZSKHtRnJdX3": {
    "question_id": "2RN4dwhRZR3ZSKHtRnJdX3",
    "prediction": "germany",
    "actual": "united states"
  },
  "2YfYkRjcnnsVzjycPehWPA": {
    "question_id": "2YfYkRjcnnsVzjycPehWPA",
    "prediction": "lettuce",
    "actual": "grapes"
  },
  "2etjUMchktfSY5fgGg5msL": {
    "question_id": "2etjUMchktfSY5fgGg5msL",
    "prediction": "pills",
    "actual": "cough drops"
  },
  "2sUggWn8qBk97E38wKpjN5": {
    "question_id": "2sUggWn8qBk97E38wKpjN5",
    "prediction": "morning",
    "actual": "afternoon"
  },
  "2vGs6CLETM2BJPstdHjku9": {
    "question_id": "2vGs6CLETM2BJPstdHjku9",
    "prediction": "eat",
    "actual": "jump"
  },
  "2xDeTCXSRqdhvREBDhHsMx": {
    "question_id": "2xDeTCXSRqdhvREBDhHsMx",
    "prediction": "frosting",
    "actual": "fondant"
  },
  "39CcpmwATuiwiZLZo3XMuv": {
    "question_id": "39CcpmwATuiwiZLZo3XMuv",
    "prediction": "up",
    "actual": "down"
  },
  "3R6SnZ4MRGXXvao5ARVE8e": {
    "question_id": "3R6SnZ4MRGXXvao5ARVE8e",
    "prediction": "passengers",
    "actual": "air traffic"
  },
  "3X8TsFBRS7mBsBbyFDzRdb": {
    "question_id": "3X8TsFBRS7mBsBbyFDzRdb",
    "prediction": "arugula",
    "actual": "pepperoni"
  },
  "3qnvp3XRGpc5L6RMhRZ3gg": {
    "question_id": "3qnvp3XRGpc5L6RMhRZ3gg",
    "prediction": "body wash",
    "actual": "shampoo conditioner"
  },
  "3w3DT989GgT6yjqurjvmt6": {
    "question_id": "3w3DT989GgT6yjqurjvmt6",
    "prediction": "slide",
    "actual": "bunt"
  },
  "3zxLUD8FPcCLJWYsG7h2KY": {
    "question_id": "3zxLUD8FPcCLJWYsG7h2KY",
    "prediction": "commercial kitchen",
    "actual": "domestic kitchen"
  },
  "45ZJiwQ8E4sqUTyJSUzEN3": {
    "question_id": "45ZJiwQ8E4sqUTyJSUzEN3",
    "prediction": "ceramic",
    "actual": "steel"
  },
  "49CisPCc2LiA5TUAdHZgXe": {
    "question_id": "49CisPCc2LiA5TUAdHZgXe",
    "prediction": "tiger",
    "actual": "dog"
  },
  "4C2cZitDfGX5ytw6YTcxiL": {
    "question_id": "4C2cZitDfGX5ytw6YTcxiL",
    "prediction": "washing machine",
    "actual": "sink"
  },
  "4H7KMfvPvCTSvtf8Uyp55D": {
    "question_id": "4H7KMfvPvCTSvtf8Uyp55D",
    "prediction": "batting",
    "actual": "storage"
  },
  "4HXTUJHey3SSzuoE66yHKi": {
    "question_id": "4HXTUJHey3SSzuoE66yHKi",
    "prediction": "plaid",
    "actual": "tie dyed"
  },
  "4U4iSWxvXv9RtE6V9KpxJo": {
    "question_id": "4U4iSWxvXv9RtE6V9KpxJo",
    "prediction": "company name",
    "actual": "call letters"
  },
  "4cdYbJFFeKXJr6LbKgcxTa": {
    "question_id": "4cdYbJFFeKXJr6LbKgcxTa",
    "prediction": "rural",
    "actual": "city"
  },
  "4dnt6ahNTCENKrvBhExyvV": {
    "question_id": "4dnt6ahNTCENKrvBhExyvV",
    "prediction": "probably yes",
    "actual": "absolutely no"
  },
  "4j6bW4ChHncMKUnmnGAQQ2": {
    "question_id": "4j6bW4ChHncMKUnmnGAQQ2",
    "prediction": "family",
    "actual": "academic"
  },
  "4yq3AnREQ4PP7MXMWvBb5a": {
    "question_id": "4yq3AnREQ4PP7MXMWvBb5a",
    "prediction": "victory day",
    "actual": "christmas"
  },
  "5AhBQW2ucGSwJbPTtXHTFd": {
    "question_id": "5AhBQW2ucGSwJbPTtXHTFd",
    "prediction": "trains",
    "actual": "cars"
  },
  "5QURaRC8e3HjPpYC2GrX4u": {
    "question_id": "5QURaRC8e3HjPpYC2GrX4u",
    "prediction": "pepperoni",
    "actual": "mushrooms"
  },
  "5S32A279iAfRetbkeWJd77": {
    "question_id": "5S32A279iAfRetbkeWJd77",
    "prediction": "dark car",
    "actual": "two-wheeler"
  },
  "5TbBvzzr5N35YUs7yBd7Ah": {
    "question_id": "5TbBvzzr5N35YUs7yBd7Ah",
    "prediction": "air",
    "actual": "chain"
  },
  "5Y5u3gnReRQbzkRnGw5ywd": {
    "question_id": "5Y5u3gnReRQbzkRnGw5ywd",
    "prediction": "asphalt",
    "actual": "stone"
  },
  "5aXXZiPUcUzScs2do5tjYs": {
    "question_id": "5aXXZiPUcUzScs2do5tjYs",
    "prediction": "sprinkled",
    "actual": "piping tip"
  },
  "5cNGmGcUxJP7rwHnc6BXrs": {
    "question_id": "5cNGmGcUxJP7rwHnc6BXrs",
    "prediction": "cabin",
    "actual": "restroom"
  },
  "5oBisjqVjcXEXGkd2uKPDe": {
    "question_id": "5oBisjqVjcXEXGkd2uKPDe",
    "prediction": "tablet",
    "actual": "phone"
  },
  "5wfUGvXtyEw22kABjGaHxT": {
    "question_id": "5wfUGvXtyEw22kABjGaHxT",
    "prediction": "mushrooms",
    "actual": "fish"
  },
  "64o6jMUzFmawogFAYnhNoh": {
    "question_id": "64o6jMUzFmawogFAYnhNoh",
    "prediction": "plaid",
    "actual": "camouflage"
  },
  "64yPpMFbTw3CnmTULYZWTp": {
    "question_id": "64yPpMFbTw3CnmTULYZWTp",
    "prediction": "johannesburg",
    "actual": "paris"
  },
  "66abRGQG535WgzgU5Ue9ru": {
    "question_id": "66abRGQG535WgzgU5Ue9ru",
    "prediction": "expo",
    "actual": "home"
  },
  "6HizsyvwUgduwabP2dWha5": {
    "question_id": "6HizsyvwUgduwabP2dWha5",
    "prediction": "more buildings",
    "actual": "sunlight"
  },
  "6J2yw53YiEDoNpMSt9mSsC": {
    "question_id": "6J2yw53YiEDoNpMSt9mSsC",
    "prediction": "political rally",
    "actual": "meeting"
  },
  "6Ps8BgA4pbvK4eKToCDQqu": {
    "question_id": "6Ps8BgA4pbvK4eKToCDQqu",
    "prediction": "lamp",
    "actual": "fireplace"
  },
  "6YyPKdGwhA3LJkUpL3p9F6": {
    "question_id": "6YyPKdGwhA3LJkUpL3p9F6",
    "prediction": "jogging",
    "actual": "skating"
  },
  "6fCWweqmigW6UaiyaHq4Sy": {
    "question_id": "6fCWweqmigW6UaiyaHq4Sy",
    "prediction": "first baseman",
    "actual": "position"
  },
  "6nV6KKMbWYsw8Rv9Sw7k2N": {
    "question_id": "6nV6KKMbWYsw8Rv9Sw7k2N",
    "prediction": "maleficent",
    "actual": "xena"
  },
  "6ony7mfRzE7tEhj5udEe5u": {
    "question_id": "6ony7mfRzE7tEhj5udEe5u",
    "prediction": "car show",
    "actual": "art show"
  },
  "6pLYuYn5suAGgoBgJ4Z6HC": {
    "question_id": "6pLYuYn5suAGgoBgJ4Z6HC",
    "prediction": "riding horse",
    "actual": "show performance"
  },
  "6pTSACKywJKkVRa7WGmzKe": {
    "question_id": "6pTSACKywJKkVRa7WGmzKe",
    "prediction": "blue",
    "actual": "green"
  },
  "6phsfhJ9iw5j6nYTpVBd9A": {
    "question_id": "6phsfhJ9iw5j6nYTpVBd9A",
    "prediction": "friends",
    "actual": "grandparents"
  },
  "73kd5sUo4zXkApi6v4X8Qc": {
    "question_id": "73kd5sUo4zXkApi6v4X8Qc",
    "prediction": "italian",
    "actual": "mexican"
  },
  "74CMNF7KTeAFsXza5GJLGb": {
    "question_id": "74CMNF7KTeAFsXza5GJLGb",
    "prediction": "public",
    "actual": "school"
  },
  "764XKetFB6T3wsiABqc79e": {
    "question_id": "764XKetFB6T3wsiABqc79e",
    "prediction": "rectangles",
    "actual": "triangles"
  },
  "767TWXi3wYjFiBX3YXyMuU": {
    "question_id": "767TWXi3wYjFiBX3YXyMuU",
    "prediction": "varnish",
    "actual": "frosting"
  },
  "79yRxKFXwWZZiCBAHtJqeE": {
    "question_id": "79yRxKFXwWZZiCBAHtJqeE",
    "prediction": "twenty first",
    "actual": "twentieth"
  },
  "7CWwGUgRqbPEiGcZEzFVEF": {
    "question_id": "7CWwGUgRqbPEiGcZEzFVEF",
    "prediction": "canine",
    "actual": "feline"
  },
  "7CrtnvrK5CTs6c9RC8WgPB": {
    "question_id": "7CrtnvrK5CTs6c9RC8WgPB",
    "prediction": "ford",
    "actual": "dodge"
  },
  "7DWnTRkU9e86XMwb7QqxYd": {
    "question_id": "7DWnTRkU9e86XMwb7QqxYd",
    "prediction": "oven",
    "actual": "grill"
  },
  "7Hndh7JzZ7BizC4XDSV5Z5": {
    "question_id": "7Hndh7JzZ7BizC4XDSV5Z5",
    "prediction": "sheltered",
    "actual": "housecat"
  },
  "7KNmiZTYRQBHMJKJ9zkAjR": {
    "question_id": "7KNmiZTYRQBHMJKJ9zkAjR",
    "prediction": "traffic warden",
    "actual": "red light"
  },
  "7NXz8t4QzQWvJzpHqfPzRw": {
    "question_id": "7NXz8t4QzQWvJzpHqfPzRw",
    "prediction": "relaxing",
    "actual": "spectating"
  },
  "7NbKNXQWBYJ8HTRo2J8CoU": {
    "question_id": "7NbKNXQWBYJ8HTRo2J8CoU",
    "prediction": "tie",
    "actual": "vest"
  },
  "7NxakvvZZEHKsh8MbNHHvz": {
    "question_id": "7NxakvvZZEHKsh8MbNHHvz",
    "prediction": "vase",
    "actual": "mason jar"
  },
  "7RjA6a3CFR8w5fVRc8Arji": {
    "question_id": "7RjA6a3CFR8w5fVRc8Arji",
    "prediction": "weight watchers",
    "actual": "vegetarian"
  },
  "7VodQFaYKxhUwQ5tpFSkRo": {
    "question_id": "7VodQFaYKxhUwQ5tpFSkRo",
    "prediction": "water",
    "actual": "liquer"
  },
  "7YTajnBGjXEmwuYjmsXsdX": {
    "question_id": "7YTajnBGjXEmwuYjmsXsdX",
    "prediction": "universal studios",
    "actual": "disneyland"
  },
  "7ZA9sk8eRjBsisqK4EgQM2": {
    "question_id": "7ZA9sk8eRjBsisqK4EgQM2",
    "prediction": "dog",
    "actual": "woman"
  },
  "7jkWRB4pt8ZordP6wDAvbT": {
    "question_id": "7jkWRB4pt8ZordP6wDAvbT",
    "prediction": "camera",
    "actual": "tv"
  },
  "7pAKkw446jdqTk9peDKjyY": {
    "question_id": "7pAKkw446jdqTk9peDKjyY",
    "prediction": "ground",
    "actual": "basement"
  },
  "7xotSD89TZKNHK4rMZLzfo": {
    "question_id": "7xotSD89TZKNHK4rMZLzfo",
    "prediction": "captive",
    "actual": "aquatic"
  },
  "82bLyanbdDeEq6mkVa3YGM": {
    "question_id": "82bLyanbdDeEq6mkVa3YGM",
    "prediction": "japan",
    "actual": "usa"
  },
  "8Q69Bei8UReA69MSuQAcLT": {
    "question_id": "8Q69Bei8UReA69MSuQAcLT",
    "prediction": "walk",
    "actual": "picture"
  },
  "8R6BwQYURjKQu4FPYr8TpL": {
    "question_id": "8R6BwQYURjKQu4FPYr8TpL",
    "prediction": "new york",
    "actual": "seattle"
  },
  "8dWqzZJR3MvHHSGAAzAEJy": {
    "question_id": "8dWqzZJR3MvHHSGAAzAEJy",
    "prediction": "travel",
    "actual": "investments"
  },
  "8enBCTrMj57db8JVq9wyPq": {
    "question_id": "8enBCTrMj57db8JVq9wyPq",
    "prediction": "chocolate",
    "actual": "orange slices"
  },
  "8k5Wnk4jb9ZzTN8EHrqNS3": {
    "question_id": "8k5Wnk4jb9ZzTN8EHrqNS3",
    "prediction": "pens",
    "actual": "tissues"
  },
  "8pfeZwe43HT9mMjVmdZhzm": {
    "question_id": "8pfeZwe43HT9mMjVmdZhzm",
    "prediction": "three",
    "actual": "four"
  },
  "8spFMseWd5TyYXt4LygCE5": {
    "question_id": "8spFMseWd5TyYXt4LygCE5",
    "prediction": "four",
    "actual": "one"
  },
  "8tjSG5kCpUsF7QaQsPoJcG": {
    "question_id": "8tjSG5kCpUsF7QaQsPoJcG",
    "prediction": "los angeles",
    "actual": "omaha"
  },
  "8vnLAkEcA5mAC66h59f4dE": {
    "question_id": "8vnLAkEcA5mAC66h59f4dE",
    "prediction": "probably yes",
    "actual": "absolutely no"
  },
  "8w7GuH4PjCommJcwHaGge6": {
    "question_id": "8w7GuH4PjCommJcwHaGge6",
    "prediction": "lot",
    "actual": "terminal"
  },
  "8xMtKKAZ5RHWjwMgCuYjWV": {
    "question_id": "8xMtKKAZ5RHWjwMgCuYjWV",
    "prediction": "deep dish",
    "actual": "margarita"
  },
  "93rpK9LLNQ8xmAPrEGm3rv": {
    "question_id": "93rpK9LLNQ8xmAPrEGm3rv",
    "prediction": "thatch",
    "actual": "stone"
  },
  "99VEZ5bvSGBLWtkpJiAAXg": {
    "question_id": "99VEZ5bvSGBLWtkpJiAAXg",
    "prediction": "drinking",
    "actual": "eating"
  },
  "9HoQP5bpke2rstGjD8AG7Y": {
    "question_id": "9HoQP5bpke2rstGjD8AG7Y",
    "prediction": "trash compactor",
    "actual": "stove/oven"
  },
  "9J5n2f4j4R4B9t3c6MPSi3": {
    "question_id": "9J5n2f4j4R4B9t3c6MPSi3",
    "prediction": "rice",
    "actual": "turkey"
  },
  "9KA8dr22Hiveh2s9JwvPLZ": {
    "question_id": "9KA8dr22Hiveh2s9JwvPLZ",
    "prediction": "knee",
    "actual": "ear"
  },
  "9PGPr3vxBAb9jyWDiR9ous": {
    "question_id": "9PGPr3vxBAb9jyWDiR9ous",
    "prediction": "apple",
    "actual": "hp"
  },
  "9PZxoQZCdEn8VijhqTfENe": {
    "question_id": "9PZxoQZCdEn8VijhqTfENe",
    "prediction": "knife",
    "actual": "fork"
  },
  "9R9Ef5J6eaJzSHvUEkBkgq": {
    "question_id": "9R9Ef5J6eaJzSHvUEkBkgq",
    "prediction": "koala",
    "actual": "rooster"
  },
  "9TJtRYnGa8xr8CF67M5Mof": {
    "question_id": "9TJtRYnGa8xr8CF67M5Mof",
    "prediction": "elephants",
    "actual": "cats"
  },
  "9VR7RNoJkVj6AWsYtwpDz7": {
    "question_id": "9VR7RNoJkVj6AWsYtwpDz7",
    "prediction": "competitive eater",
    "actual": "nutritionist"
  },
  "9Vcrsyxf2zbSBauWavQbju": {
    "question_id": "9Vcrsyxf2zbSBauWavQbju",
    "prediction": "left",
    "actual": "middle"
  },
  "9WmbdtPjrRDvD7yeHYr55d": {
    "question_id": "9WmbdtPjrRDvD7yeHYr55d",
    "prediction": "plaid",
    "actual": "polka dots"
  },
  "9ZB4WcL9Sbo3L6ZPkaqzKY": {
    "question_id": "9ZB4WcL9Sbo3L6ZPkaqzKY",
    "prediction": "two",
    "actual": "three"
  },
  "9d7StqUZPtRBbHjSDFwwqa": {
    "question_id": "9d7StqUZPtRBbHjSDFwwqa",
    "prediction": "siblings",
    "actual": "classmates"
  },
  "9fX9oZHdEtHPfWbHi4BhwA": {
    "question_id": "9fX9oZHdEtHPfWbHi4BhwA",
    "prediction": "beer",
    "actual": "coke"
  },
  "9m5dBgT3PJrhWRCDg9ee2z": {
    "question_id": "9m5dBgT3PJrhWRCDg9ee2z",
    "prediction": "cargo",
    "actual": "passenger"
  },
  "9mBjXaxYD4jzJptHzwbeYW": {
    "question_id": "9mBjXaxYD4jzJptHzwbeYW",
    "prediction": "glass",
    "actual": "paper"
  },
  "9zfgVSEG4hrKHfuoe4tHqx": {
    "question_id": "9zfgVSEG4hrKHfuoe4tHqx",
    "prediction": "reduce stress",
    "actual": "spend time"
  },
  "A2uU9gQWJp8Z3LJePdL9u8": {
    "question_id": "A2uU9gQWJp8Z3LJePdL9u8",
    "prediction": "korean",
    "actual": "japanese"
  },
  "A2yJNQmbyDNtQEq4b2EZWx": {
    "question_id": "A2yJNQmbyDNtQEq4b2EZWx",
    "prediction": "greyhound",
    "actual": "flying"
  },
  "A7MATFYMiNxpWLN7ucoWmS": {
    "question_id": "A7MATFYMiNxpWLN7ucoWmS",
    "prediction": "bathroom",
    "actual": "basement"
  },
  "A9Pk4Az2eRMuSEgB8GnUBU": {
    "question_id": "A9Pk4Az2eRMuSEgB8GnUBU",
    "prediction": "romance",
    "actual": "thriller fiction"
  },
  "ACMY4KCmBjXQNimvG4dJhA": {
    "question_id": "ACMY4KCmBjXQNimvG4dJhA",
    "prediction": "two",
    "actual": "four"
  },
  "ADSaLsXSNftfMMYWMKKqCS": {
    "question_id": "ADSaLsXSNftfMMYWMKKqCS",
    "prediction": "nowhere",
    "actual": "right"
  },
  "AhrmUB8LFNXLkpiLGaaAuY": {
    "question_id": "AhrmUB8LFNXLkpiLGaaAuY",
    "prediction": "balance",
    "actual": "reach"
  },
  "Ar8D5FwKT47LcGDqJXXLjK": {
    "question_id": "Ar8D5FwKT47LcGDqJXXLjK",
    "prediction": "display them",
    "actual": "eat them"
  },
  "AvSkehQk4bMedgX65PDsAj": {
    "question_id": "AvSkehQk4bMedgX65PDsAj",
    "prediction": "red board",
    "actual": "white board"
  },
  "AyYa5v5HCXAjDeLXgP2CN5": {
    "question_id": "AyYa5v5HCXAjDeLXgP2CN5",
    "prediction": "diplomas",
    "actual": "coats"
  },
  "B89EaRFhsoHzAy55JKCZJJ": {
    "question_id": "B89EaRFhsoHzAy55JKCZJJ",
    "prediction": "eight",
    "actual": "90"
  },
  "BRxXgf2dHwtY3SuRcmvv8Q": {
    "question_id": "BRxXgf2dHwtY3SuRcmvv8Q",
    "prediction": "truck trailer",
    "actual": "orange tractor"
  },
  "BSZ9GqpZWjmXRxdbn5nTjf": {
    "question_id": "BSZ9GqpZWjmXRxdbn5nTjf",
    "prediction": "bowtie",
    "actual": "kite"
  },
  "BuWxzrpFRXqSj8UjZannxM": {
    "question_id": "BuWxzrpFRXqSj8UjZannxM",
    "prediction": "cake",
    "actual": "pacifier"
  },
  "Bw5zPLf2EX7MjMakQbxdAV": {
    "question_id": "Bw5zPLf2EX7MjMakQbxdAV",
    "prediction": "marriage ceremony",
    "actual": "drinking"
  },
  "C4iGaNrPm4zXWRgxL2XdRF": {
    "question_id": "C4iGaNrPm4zXWRgxL2XdRF",
    "prediction": "breakfast",
    "actual": "tea"
  },
  "C5KFJtK2qiQ2gMC5WNsdnB": {
    "question_id": "C5KFJtK2qiQ2gMC5WNsdnB",
    "prediction": "family members",
    "actual": "customers"
  },
  "CKSUnA8f2e4FZyu5pXFuhm": {
    "question_id": "CKSUnA8f2e4FZyu5pXFuhm",
    "prediction": "two",
    "actual": "four"
  },
  "CKj2DmTDPa2HMKUvU9d6RN": {
    "question_id": "CKj2DmTDPa2HMKUvU9d6RN",
    "prediction": "motorcycle",
    "actual": "vespa"
  },
  "CQ7rcUkY5B9MZfB9yoU6ei": {
    "question_id": "CQ7rcUkY5B9MZfB9yoU6ei",
    "prediction": "at streer-level",
    "actual": "underground"
  },
  "CRvFM9oRe3ELNUegmzDKHv": {
    "question_id": "CRvFM9oRe3ELNUegmzDKHv",
    "prediction": "swim",
    "actual": "fly"
  },
  "CVVWeSyTpmWdozRWra6qbu": {
    "question_id": "CVVWeSyTpmWdozRWra6qbu",
    "prediction": "coastal",
    "actual": "city"
  },
  "CYVZymNaQk6gd79AKNefqh": {
    "question_id": "CYVZymNaQk6gd79AKNefqh",
    "prediction": "sideways",
    "actual": "up"
  },
  "CcD6HgxREVqanqLnSysBTr": {
    "question_id": "CcD6HgxREVqanqLnSysBTr",
    "prediction": "cheesy",
    "actual": "sweet"
  },
  "CjTrsVaGpA8tU9gav5uAkC": {
    "question_id": "CjTrsVaGpA8tU9gav5uAkC",
    "prediction": "mm",
    "actual": "flower"
  },
  "CuqeFPuPUXRxjKnTomsz4x": {
    "question_id": "CuqeFPuPUXRxjKnTomsz4x",
    "prediction": "31 and",
    "actual": "21"
  },
  "Cy5KPSnpjZdbRiQsbPug95": {
    "question_id": "Cy5KPSnpjZdbRiQsbPug95",
    "prediction": "farm",
    "actual": "barn"
  },
  "D5wkZcANAvQPLDQHLMV2TQ": {
    "question_id": "D5wkZcANAvQPLDQHLMV2TQ",
    "prediction": "reality show",
    "actual": "talk show"
  },
  "D7y9SSbRuVzVfJGiAinTx3": {
    "question_id": "D7y9SSbRuVzVfJGiAinTx3",
    "prediction": "snow shovelling",
    "actual": "pushing off"
  },
  "DAEcXR5DWNgEcEVRqA4xFS": {
    "question_id": "DAEcXR5DWNgEcEVRqA4xFS",
    "prediction": "blend food",
    "actual": "watch tv"
  },
  "DC3qACi5rhmWU8XzM5Vdvy": {
    "question_id": "DC3qACi5rhmWU8XzM5Vdvy",
    "prediction": "black car",
    "actual": "white van"
  },
  "DNGTUpUeLqmbKUNNns3kZs": {
    "question_id": "DNGTUpUeLqmbKUNNns3kZs",
    "prediction": "11 inch",
    "actual": "16 inch"
  },
  "DR94rYWve8KwpGjAtovqZt": {
    "question_id": "DR94rYWve8KwpGjAtovqZt",
    "prediction": "wonder woman",
    "actual": "spiderman"
  },
  "DRjvqC85oQS6p6Q6fz6CdY": {
    "question_id": "DRjvqC85oQS6p6Q6fz6CdY",
    "prediction": "110",
    "actual": "1000"
  },
  "DTAw9Vu8CLWbzUAg6m8okx": {
    "question_id": "DTAw9Vu8CLWbzUAg6m8okx",
    "prediction": "phones",
    "actual": "bag"
  },
  "DbQuf7wY2JtaK4aonapJXt": {
    "question_id": "DbQuf7wY2JtaK4aonapJXt",
    "prediction": "playing basketball",
    "actual": "singing"
  },
  "DjXHKc7B4xBT6qMsDFXXjt": {
    "question_id": "DjXHKc7B4xBT6qMsDFXXjt",
    "prediction": "birthday",
    "actual": "tea lights"
  },
  "DpnK7HeBvBiVtVRCiDJxED": {
    "question_id": "DpnK7HeBvBiVtVRCiDJxED",
    "prediction": "red",
    "actual": "yellow"
  },
  "E6vGrKzLTzqabYt55Ksc2N": {
    "question_id": "E6vGrKzLTzqabYt55Ksc2N",
    "prediction": "yes",
    "actual": "absolutely no"
  },
  "EAWGdocBoaqPxLQuJ3UJb6": {
    "question_id": "EAWGdocBoaqPxLQuJ3UJb6",
    "prediction": "late spring",
    "actual": "fall-winter"
  },
  "EBfqBBCf7yRtTtGhsc52Td": {
    "question_id": "EBfqBBCf7yRtTtGhsc52Td",
    "prediction": "polka dot",
    "actual": "stripes"
  },
  "EDFzCznf6oQmdpV8T8S7vU": {
    "question_id": "EDFzCznf6oQmdpV8T8S7vU",
    "prediction": "two",
    "actual": "three"
  },
  "EER9xudvx7aG37Zbaewxkw": {
    "question_id": "EER9xudvx7aG37Zbaewxkw",
    "prediction": "coca cola",
    "actual": "pepsi"
  },
  "EbanZVDGxGTAinaVAiseKZ": {
    "question_id": "EbanZVDGxGTAinaVAiseKZ",
    "prediction": "two",
    "actual": "four"
  },
  "EgJwLz3i9LPpmSLpFLRjMM": {
    "question_id": "EgJwLz3i9LPpmSLpFLRjMM",
    "prediction": "earmuffs",
    "actual": "headphones"
  },
  "EpwwuobLzGLWhnbXAjbw2x": {
    "question_id": "EpwwuobLzGLWhnbXAjbw2x",
    "prediction": "walk",
    "actual": "don't walk"
  },
  "EtRReER5fXmbnTmQTzM7Di": {
    "question_id": "EtRReER5fXmbnTmQTzM7Di",
    "prediction": "beach",
    "actual": "room"
  },
  "EueF8ShbQJHpynE7TdNGRG": {
    "question_id": "EueF8ShbQJHpynE7TdNGRG",
    "prediction": "socks",
    "actual": "shoes"
  },
  "Eyzb8SKxYzzJuegL3tkwga": {
    "question_id": "Eyzb8SKxYzzJuegL3tkwga",
    "prediction": "linen",
    "actual": "cotton"
  },
  "FCACCnmERAWpKikUkfc5jV": {
    "question_id": "FCACCnmERAWpKikUkfc5jV",
    "prediction": "blue",
    "actual": "white"
  },
  "FFhuFfMAy38Z7WWr6q7faA": {
    "question_id": "FFhuFfMAy38Z7WWr6q7faA",
    "prediction": "grandparent",
    "actual": "son"
  },
  "FHq2UjmQmmZbCvD4wDJwjH": {
    "question_id": "FHq2UjmQmmZbCvD4wDJwjH",
    "prediction": "protection",
    "actual": "fashion"
  },
  "FNM9a4zAgBwoRawSUrMxPB": {
    "question_id": "FNM9a4zAgBwoRawSUrMxPB",
    "prediction": "dolphin",
    "actual": "whale"
  },
  "FQuJEPNnrznkjkvyN4UbUR": {
    "question_id": "FQuJEPNnrznkjkvyN4UbUR",
    "prediction": "washington dc",
    "actual": "new york"
  },
  "FWFywCJZaAGVJa2FAuwqyP": {
    "question_id": "FWFywCJZaAGVJa2FAuwqyP",
    "prediction": "ferragamo",
    "actual": "polo"
  },
  "FddDsTHeVp9WJYZBjLoKUi": {
    "question_id": "FddDsTHeVp9WJYZBjLoKUi",
    "prediction": "sea",
    "actual": "road"
  },
  "FeTsEoSpyGhqi8ui4i8tTy": {
    "question_id": "FeTsEoSpyGhqi8ui4i8tTy",
    "prediction": "for visibility",
    "actual": "for reception"
  },
  "G2yKVAzRGRB5RHtxxMsySP": {
    "question_id": "G2yKVAzRGRB5RHtxxMsySP",
    "prediction": "marble",
    "actual": "porcelain"
  },
  "G7durJhNy8kAYScbWXjvyQ": {
    "question_id": "G7durJhNy8kAYScbWXjvyQ",
    "prediction": "farm",
    "actual": "ranch"
  },
  "G9KXrAd6oRksj8Jqd5hcyo": {
    "question_id": "G9KXrAd6oRksj8Jqd5hcyo",
    "prediction": "forehand",
    "actual": "serve"
  },
  "GDwYLbrCSgTVjTMSuJQFgX": {
    "question_id": "GDwYLbrCSgTVjTMSuJQFgX",
    "prediction": "teal",
    "actual": "green"
  },
  "GYERWEzeTRB8TqAZXguSbG": {
    "question_id": "GYERWEzeTRB8TqAZXguSbG",
    "prediction": "just aesthetics",
    "actual": "rain protection"
  },
  "Gd2FCTGcKM4yuJrprWpsyp": {
    "question_id": "Gd2FCTGcKM4yuJrprWpsyp",
    "prediction": "natural",
    "actual": "cement"
  },
  "GhbDi6TH7F8tykDJvovapH": {
    "question_id": "GhbDi6TH7F8tykDJvovapH",
    "prediction": "light emission",
    "actual": "time lapse"
  },
  "GkxEs3oBggLe4zY9XmJZaA": {
    "question_id": "GkxEs3oBggLe4zY9XmJZaA",
    "prediction": "eight",
    "actual": "ten"
  },
  "Gr2guph9meudkWEM6Gbpwr": {
    "question_id": "Gr2guph9meudkWEM6Gbpwr",
    "prediction": "electricity",
    "actual": "gas"
  },
  "GzzLtA4SHJS9ymFa6Zrw77": {
    "question_id": "GzzLtA4SHJS9ymFa6Zrw77",
    "prediction": "forehand",
    "actual": "backhand"
  },
  "H6NnKaLeBganALK78FdQq7": {
    "question_id": "H6NnKaLeBganALK78FdQq7",
    "prediction": "united kingdom",
    "actual": "united states"
  },
  "H7QnkgRHJJYQpjyyG3Szfc": {
    "question_id": "H7QnkgRHJJYQpjyyG3Szfc",
    "prediction": "rope",
    "actual": "handle"
  },
  "H84RC5rtsFPxCmNS27jbHf": {
    "question_id": "H84RC5rtsFPxCmNS27jbHf",
    "prediction": "sweat",
    "actual": "smoke"
  },
  "HBocRDMRkRehHhDX4BnCwq": {
    "question_id": "HBocRDMRkRehHhDX4BnCwq",
    "prediction": "heels",
    "actual": "flats"
  },
  "HGUuQneRyMcmypY3dX7XUi": {
    "question_id": "HGUuQneRyMcmypY3dX7XUi",
    "prediction": "green beans",
    "actual": "pickles"
  },
  "HJeQNjpkTJrL7EnPntSa4w": {
    "question_id": "HJeQNjpkTJrL7EnPntSa4w",
    "prediction": "digital",
    "actual": "analog"
  },
  "HMuwvp694v2XuNGWtSht8h": {
    "question_id": "HMuwvp694v2XuNGWtSht8h",
    "prediction": "two",
    "actual": "nine"
  },
  "HPZPYitwJBDrLAkkGa9AJ5": {
    "question_id": "HPZPYitwJBDrLAkkGa9AJ5",
    "prediction": "nike",
    "actual": "adidas"
  },
  "HVw3M6ynyrfGd6UNNGLDyS": {
    "question_id": "HVw3M6ynyrfGd6UNNGLDyS",
    "prediction": "pitcher's mound",
    "actual": "home plate"
  },
  "HdyKrZXRwibeYWRs8Qnkhe": {
    "question_id": "HdyKrZXRwibeYWRs8Qnkhe",
    "prediction": "lettuce",
    "actual": "ham"
  },
  "HmwKHh89ZFtLUWCExGKoLw": {
    "question_id": "HmwKHh89ZFtLUWCExGKoLw",
    "prediction": "goodbye",
    "actual": "hello"
  },
  "HtgRjokZ8ucLVCRGLEKkFS": {
    "question_id": "HtgRjokZ8ucLVCRGLEKkFS",
    "prediction": "clown",
    "actual": "heart"
  },
  "HvqzXR3y2V29n55RRarBQA": {
    "question_id": "HvqzXR3y2V29n55RRarBQA",
    "prediction": "photo opportunities",
    "actual": "safety"
  },
  "J4WUAZW5eUveUgDRSq3r7y": {
    "question_id": "J4WUAZW5eUveUgDRSq3r7y",
    "prediction": "two",
    "actual": "four"
  },
  "J6Kwvdi26GWFDHeADMXSWW": {
    "question_id": "J6Kwvdi26GWFDHeADMXSWW",
    "prediction": "wind",
    "actual": "helium"
  },
  "JCLA7VcpiUFhSr4WfS22EA": {
    "question_id": "JCLA7VcpiUFhSr4WfS22EA",
    "prediction": "evening",
    "actual": "daytime"
  },
  "JGXXqdncT4kgE87XSYDEH8": {
    "question_id": "JGXXqdncT4kgE87XSYDEH8",
    "prediction": "restaurant",
    "actual": "house"
  },
  "JJPVhVK8EvZNsddZMETh6v": {
    "question_id": "JJPVhVK8EvZNsddZMETh6v",
    "prediction": "holidays",
    "actual": "weekend"
  },
  "JJmTumn8HhCZdb6sNWftWr": {
    "question_id": "JJmTumn8HhCZdb6sNWftWr",
    "prediction": "red",
    "actual": "green"
  },
  "JK2iuDmUfAfGyyNaUnWZgK": {
    "question_id": "JK2iuDmUfAfGyyNaUnWZgK",
    "prediction": "hubble",
    "actual": "fish eye"
  },
  "JR77UNbyj38mU3p6Ku6Qn8": {
    "question_id": "JR77UNbyj38mU3p6Ku6Qn8",
    "prediction": "tomato",
    "actual": "broccoli"
  },
  "JTLLmy2W6V6VETwzhkgDPh": {
    "question_id": "JTLLmy2W6V6VETwzhkgDPh",
    "prediction": "two",
    "actual": "one"
  },
  "JUxJmYmJuhcFMBwKdHRTj9": {
    "question_id": "JUxJmYmJuhcFMBwKdHRTj9",
    "prediction": "modern usa",
    "actual": "historical european"
  },
  "JYWg9aVznMs3k9DbgYYj5a": {
    "question_id": "JYWg9aVznMs3k9DbgYYj5a",
    "prediction": "family",
    "actual": "corporation"
  },
  "Jd5ZtcGspbFr8SHETgpt53": {
    "question_id": "Jd5ZtcGspbFr8SHETgpt53",
    "prediction": "square",
    "actual": "round"
  },
  "JrdpzYcvRc7YKAyviTTEWv": {
    "question_id": "JrdpzYcvRc7YKAyviTTEWv",
    "prediction": "jockey",
    "actual": "equestrianism"
  },
  "JwnCRZQToshydgQiSHz6Qk": {
    "question_id": "JwnCRZQToshydgQiSHz6Qk",
    "prediction": "home foundation",
    "actual": "fireplace"
  },
  "K4hCLffyy8Lq3xuDXr4Tue": {
    "question_id": "K4hCLffyy8Lq3xuDXr4Tue",
    "prediction": "bartender",
    "actual": "sherriff"
  },
  "K7TG3WAZ6ViJaprGP2QFb3": {
    "question_id": "K7TG3WAZ6ViJaprGP2QFb3",
    "prediction": "phone charger",
    "actual": "keys"
  },
  "KFfvmbMFji4jPLYSa72ghN": {
    "question_id": "KFfvmbMFji4jPLYSa72ghN",
    "prediction": "minor",
    "actual": "college"
  },
  "KHUiovaE2ZgBkwbt2ADbaN": {
    "question_id": "KHUiovaE2ZgBkwbt2ADbaN",
    "prediction": "joy",
    "actual": "sadness"
  },
  "KJfQQQhNGQydZ2gdW6dv9A": {
    "question_id": "KJfQQQhNGQydZ2gdW6dv9A",
    "prediction": "cheese",
    "actual": "salami"
  },
  "KMYPv55YgBCMho3xHBu4GM": {
    "question_id": "KMYPv55YgBCMho3xHBu4GM",
    "prediction": "england",
    "actual": "canada"
  },
  "KUFqsDY7LxQj86DWy5PV33": {
    "question_id": "KUFqsDY7LxQj86DWy5PV33",
    "prediction": "winter",
    "actual": "summer"
  },
  "KVAeyTAfrvN8fst6NXA6MT": {
    "question_id": "KVAeyTAfrvN8fst6NXA6MT",
    "prediction": "cheese",
    "actual": "mushroom"
  },
  "KeFdNUyaJPmnR7xeSiPs2u": {
    "question_id": "KeFdNUyaJPmnR7xeSiPs2u",
    "prediction": "condiments",
    "actual": "drinks"
  },
  "KqHt4U8oRbES85WARzxU3R": {
    "question_id": "KqHt4U8oRbES85WARzxU3R",
    "prediction": "asia",
    "actual": "africa"
  },
  "L6och7f34xfLQaVYszfzV7": {
    "question_id": "L6och7f34xfLQaVYszfzV7",
    "prediction": "umami",
    "actual": "sweet"
  },
  "LFz5f9J9ZvERUNtuXm7UJg": {
    "question_id": "LFz5f9J9ZvERUNtuXm7UJg",
    "prediction": "security",
    "actual": "visibility"
  },
  "LGdv7ZFDA5bxdGaYw5XSLZ": {
    "question_id": "LGdv7ZFDA5bxdGaYw5XSLZ",
    "prediction": "sight",
    "actual": "camouflage"
  },
  "LHeFhpiVsUvAjwDNWJQPfZ": {
    "question_id": "LHeFhpiVsUvAjwDNWJQPfZ",
    "prediction": "black",
    "actual": "white"
  },
  "LYvkz5jUWHpZYkZ8VhxESf": {
    "question_id": "LYvkz5jUWHpZYkZ8VhxESf",
    "prediction": "get tattoo",
    "actual": "to rest"
  },
  "LaVtN4tgwqXPxzoGfKPQjg": {
    "question_id": "LaVtN4tgwqXPxzoGfKPQjg",
    "prediction": "orange",
    "actual": "peapod"
  },
  "LpbiGZE3yGNeqQXPc8cB7v": {
    "question_id": "LpbiGZE3yGNeqQXPc8cB7v",
    "prediction": "chalk board",
    "actual": "post-its"
  },
  "LqCNzoPHep3XKouS3eUAk6": {
    "question_id": "LqCNzoPHep3XKouS3eUAk6",
    "prediction": "mirror",
    "actual": "window"
  },
  "LqQSkRfPRjbWBwDicmVt5h": {
    "question_id": "LqQSkRfPRjbWBwDicmVt5h",
    "prediction": "emergency",
    "actual": "clean"
  },
  "LygyAJXhmSDTBfc6cAtztt": {
    "question_id": "LygyAJXhmSDTBfc6cAtztt",
    "prediction": "bicycle",
    "actual": "motorcycle"
  },
  "M3UwocoRkLnvoEsrqhUrRZ": {
    "question_id": "M3UwocoRkLnvoEsrqhUrRZ",
    "prediction": "motorbike",
    "actual": "cart"
  },
  "M7GYpdBrUzhDxznbhPebAi": {
    "question_id": "M7GYpdBrUzhDxznbhPebAi",
    "prediction": "red ale",
    "actual": "red stripe"
  },
  "MAPPrc68FM8HwQsJHE6W2q": {
    "question_id": "MAPPrc68FM8HwQsJHE6W2q",
    "prediction": "great",
    "actual": "race"
  },
  "MLS7svNqmdHua7qB2dvKuq": {
    "question_id": "MLS7svNqmdHua7qB2dvKuq",
    "prediction": "ryder cup",
    "actual": "wimbledon"
  },
  "MMgmqJzM4kBYppdQX5f3gL": {
    "question_id": "MMgmqJzM4kBYppdQX5f3gL",
    "prediction": "united states",
    "actual": "england"
  },
  "MRauFRDpB55J3mf5RKCbJH": {
    "question_id": "MRauFRDpB55J3mf5RKCbJH",
    "prediction": "washing hands",
    "actual": "taking selfie"
  },
  "MWDJi7QGHxkNj2dWNnzE6S": {
    "question_id": "MWDJi7QGHxkNj2dWNnzE6S",
    "prediction": "fast",
    "actual": "was"
  },
  "MYWA3eAGfavXR4ehMz22fV": {
    "question_id": "MYWA3eAGfavXR4ehMz22fV",
    "prediction": "for cosplay",
    "actual": "to race"
  },
  "MdpQEymVqNWnxqPPxPXxvs": {
    "question_id": "MdpQEymVqNWnxqPPxPXxvs",
    "prediction": "c",
    "actual": "j"
  },
  "MgGUyCE42FnnjzSi8wqRBt": {
    "question_id": "MgGUyCE42FnnjzSi8wqRBt",
    "prediction": "11",
    "actual": "21"
  },
  "MuwkW3j4kYfEZXwWuicLjv": {
    "question_id": "MuwkW3j4kYfEZXwWuicLjv",
    "prediction": "toppings",
    "actual": "crust"
  },
  "MvjdGpXqcdaADbsGwjo2Bm": {
    "question_id": "MvjdGpXqcdaADbsGwjo2Bm",
    "prediction": "snow",
    "actual": "ski poles"
  },
  "N7m8txH8f6upMQuW8Ek8p8": {
    "question_id": "N7m8txH8f6upMQuW8Ek8p8",
    "prediction": "cowboy boots",
    "actual": "hats"
  },
  "NDUEeMTroLKXs44BF3Z56m": {
    "question_id": "NDUEeMTroLKXs44BF3Z56m",
    "prediction": "alcoholic",
    "actual": "soda"
  },
  "NFhBeZhrxD3NQADiCfwi92": {
    "question_id": "NFhBeZhrxD3NQADiCfwi92",
    "prediction": "fanta",
    "actual": "sprite"
  },
  "NaxFfMbXiDnFeK2TDQpBpL": {
    "question_id": "NaxFfMbXiDnFeK2TDQpBpL",
    "prediction": "commercial",
    "actual": "educational"
  },
  "NkV76CMuvfSYK7MyjLeTKV": {
    "question_id": "NkV76CMuvfSYK7MyjLeTKV",
    "prediction": "compete",
    "actual": "flip"
  },
  "NqPZVF9F8iZ7nXWPUhFTXM": {
    "question_id": "NqPZVF9F8iZ7nXWPUhFTXM",
    "prediction": "chocolate",
    "actual": "carrot"
  },
  "NtLrgnLvk747vSc3scsUHn": {
    "question_id": "NtLrgnLvk747vSc3scsUHn",
    "prediction": "jockey",
    "actual": "knight"
  },
  "NzFEWXcTYWqgrRXUnqVK6h": {
    "question_id": "NzFEWXcTYWqgrRXUnqVK6h",
    "prediction": "looks",
    "actual": "gift"
  },
  "P6oCrLWLEpt8yyJ6x9AbAd": {
    "question_id": "P6oCrLWLEpt8yyJ6x9AbAd",
    "prediction": "vienna",
    "actual": "cologne germany"
  },
  "P8dF9URdgyA2NX7Na7Cc2K": {
    "question_id": "P8dF9URdgyA2NX7Na7Cc2K",
    "prediction": "bowl",
    "actual": "coffee maker"
  },
  "PB2RjD5RMSqbGxT9c2cAwU": {
    "question_id": "PB2RjD5RMSqbGxT9c2cAwU",
    "prediction": "cargo",
    "actual": "mail"
  },
  "PBPtqNj8ChAWcqKW5qxQvR": {
    "question_id": "PBPtqNj8ChAWcqKW5qxQvR",
    "prediction": "triangle",
    "actual": "sphere"
  },
  "PGrM6kp6herk4ducZoyUUd": {
    "question_id": "PGrM6kp6herk4ducZoyUUd",
    "prediction": "water",
    "actual": "broccoli"
  },
  "PPFTmUK9jTLmCYzJ8UK7Bf": {
    "question_id": "PPFTmUK9jTLmCYzJ8UK7Bf",
    "prediction": "house",
    "actual": "museum"
  },
  "PPGegcRPeAJZ58gfYTUAZH": {
    "question_id": "PPGegcRPeAJZ58gfYTUAZH",
    "prediction": "farm",
    "actual": "roadside stand"
  },
  "PZuvxsHTeR4DzXQN7DQR59": {
    "question_id": "PZuvxsHTeR4DzXQN7DQR59",
    "prediction": "visibility",
    "actual": "bug shield"
  },
  "Pgr2EjnVJiyNjUnPs2qgkg": {
    "question_id": "Pgr2EjnVJiyNjUnPs2qgkg",
    "prediction": "warmth",
    "actual": "curiosity"
  },
  "PhDYZ98CbMyiiLytoTmBh6": {
    "question_id": "PhDYZ98CbMyiiLytoTmBh6",
    "prediction": "cool",
    "actual": "heat"
  },
  "PrbWUDZrELd3nWMbQ72MSD": {
    "question_id": "PrbWUDZrELd3nWMbQ72MSD",
    "prediction": "ping pong",
    "actual": "badminton"
  },
  "PvkdPe2rHmCnyKrzoFjrgy": {
    "question_id": "PvkdPe2rHmCnyKrzoFjrgy",
    "prediction": "puncture it",
    "actual": "sitting"
  },
  "Px66AnBiMseHFPF94hYP93": {
    "question_id": "Px66AnBiMseHFPF94hYP93",
    "prediction": "m. bison",
    "actual": "dhalsim"
  },
  "Q6BuYZYZySn9YZXf8iBwXD": {
    "question_id": "Q6BuYZYZySn9YZXf8iBwXD",
    "prediction": "one",
    "actual": "two"
  },
  "Q8qrsK2VxVXdM3LRKyhi5U": {
    "question_id": "Q8qrsK2VxVXdM3LRKyhi5U",
    "prediction": "judge",
    "actual": "coach"
  },
  "QKSFmfG3S2PeXAuucEHUam": {
    "question_id": "QKSFmfG3S2PeXAuucEHUam",
    "prediction": "osaka",
    "actual": "tokyo"
  },
  "QWLm7RxL6afwhBVm2WiMV7": {
    "question_id": "QWLm7RxL6afwhBVm2WiMV7",
    "prediction": "backpack",
    "actual": "gloves"
  },
  "QWSFPjnNokcHAt3aUzZCTT": {
    "question_id": "QWSFPjnNokcHAt3aUzZCTT",
    "prediction": "same coach",
    "actual": "same uniform"
  },
  "QXpLwCmcjZXSBHQULTdAXu": {
    "question_id": "QXpLwCmcjZXSBHQULTdAXu",
    "prediction": "candles",
    "actual": "icing"
  },
  "QaL6hj3FGdpRMLEAiN6aFY": {
    "question_id": "QaL6hj3FGdpRMLEAiN6aFY",
    "prediction": "showing off",
    "actual": "repelling rain"
  },
  "QgbaJEnafjdsdWx5ReQAPn": {
    "question_id": "QgbaJEnafjdsdWx5ReQAPn",
    "prediction": "electricity",
    "actual": "magnetic force"
  },
  "Qpu4P46aupMV73vp2wmEGk": {
    "question_id": "Qpu4P46aupMV73vp2wmEGk",
    "prediction": "barber",
    "actual": "bar"
  },
  "Qqu6VC6u393vD5MFN4nLKC": {
    "question_id": "Qqu6VC6u393vD5MFN4nLKC",
    "prediction": "friendship",
    "actual": "bond"
  },
  "Qs2pN4dnREpNWB3Faxrwfy": {
    "question_id": "Qs2pN4dnREpNWB3Faxrwfy",
    "prediction": "projection",
    "actual": "two way"
  },
  "Qv49BJttrdU8moobFFSe58": {
    "question_id": "Qv49BJttrdU8moobFFSe58",
    "prediction": "path",
    "actual": "poles"
  },
  "R6NkFiXvj9TEor6T66JJmM": {
    "question_id": "R6NkFiXvj9TEor6T66JJmM",
    "prediction": "mother/daughter",
    "actual": "sisters"
  },
  "R9V95LVNMqbNuxcHhqktUJ": {
    "question_id": "R9V95LVNMqbNuxcHhqktUJ",
    "prediction": "checkers",
    "actual": "chess"
  },
  "RBwzjVcACZNAqMHpPZbv4i": {
    "question_id": "RBwzjVcACZNAqMHpPZbv4i",
    "prediction": "stacking plates",
    "actual": "drainage"
  },
  "RE7AjTGi4wSmoqR4QYLrjB": {
    "question_id": "RE7AjTGi4wSmoqR4QYLrjB",
    "prediction": "cloud",
    "actual": "octopus"
  },
  "RFLRY32jbKYv8NBsmVtX7x": {
    "question_id": "RFLRY32jbKYv8NBsmVtX7x",
    "prediction": "heat",
    "actual": "water"
  },
  "ReDe96f2774vpupY23aBCH": {
    "question_id": "ReDe96f2774vpupY23aBCH",
    "prediction": "john stockton",
    "actual": "pete rose"
  },
  "Rpy3Dcuk4GLi5NsNq5Xzgt": {
    "question_id": "Rpy3Dcuk4GLi5NsNq5Xzgt",
    "prediction": "minus",
    "actual": "exclamation"
  },
  "Rsx7xekwpsg4ZCDwoMoePn": {
    "question_id": "Rsx7xekwpsg4ZCDwoMoePn",
    "prediction": "jessica stroup",
    "actual": "kimberly elise"
  },
  "RxjgZeBYRVwq53iUfWx6pU": {
    "question_id": "RxjgZeBYRVwq53iUfWx6pU",
    "prediction": "wash floor",
    "actual": "dry hands"
  },
  "S5T6eMemksb6hVpMnB8hYf": {
    "question_id": "S5T6eMemksb6hVpMnB8hYf",
    "prediction": "store",
    "actual": "school"
  },
  "SGt3LAcTjvTtjzjBAtJsCd": {
    "question_id": "SGt3LAcTjvTtjzjBAtJsCd",
    "prediction": "upper-left",
    "actual": "bottom-right"
  },
  "Sd9FAqZwhabNaWzRUftozo": {
    "question_id": "Sd9FAqZwhabNaWzRUftozo",
    "prediction": "eat cake",
    "actual": "love us"
  },
  "Se8YypiBrjwXhwCmjyDjtK": {
    "question_id": "Se8YypiBrjwXhwCmjyDjtK",
    "prediction": "wildebeest",
    "actual": "flamingo"
  },
  "SgqV4mnErEwU75PNQtwqpo": {
    "question_id": "SgqV4mnErEwU75PNQtwqpo",
    "prediction": "people",
    "actual": "buildings"
  },
  "SmTPg7HCekgNrHgwnvvYFm": {
    "question_id": "SmTPg7HCekgNrHgwnvvYFm",
    "prediction": "three",
    "actual": "eight"
  },
  "SoTQafEnfUD2Y8PJj7uSH5": {
    "question_id": "SoTQafEnfUD2Y8PJj7uSH5",
    "prediction": "microwave",
    "actual": "tv"
  },
  "SvWosPQqsqcUBDy2Jzg4hr": {
    "question_id": "SvWosPQqsqcUBDy2Jzg4hr",
    "prediction": "repel rain",
    "actual": "for shade"
  },
  "Svs8fentMLQ8L3ApAisjeQ": {
    "question_id": "Svs8fentMLQ8L3ApAisjeQ",
    "prediction": "vegetable",
    "actual": "meat"
  },
  "SwkgX6iwJ3do4mFyGFad4H": {
    "question_id": "SwkgX6iwJ3do4mFyGFad4H",
    "prediction": "flipper",
    "actual": "spatula"
  },
  "T4VcxwB778ZJZ8ggDRcct6": {
    "question_id": "T4VcxwB778ZJZ8ggDRcct6",
    "prediction": "water",
    "actual": "clouds"
  },
  "T8Mak9BHbJd5WqH2jhjBZo": {
    "question_id": "T8Mak9BHbJd5WqH2jhjBZo",
    "prediction": "ryan",
    "actual": "michael"
  },
  "TU3Jt6U4vLxsHp26fpMWW8": {
    "question_id": "TU3Jt6U4vLxsHp26fpMWW8",
    "prediction": "billboard",
    "actual": "charcuterie"
  },
  "TWyAuHgJjHojJL8osH3VPw": {
    "question_id": "TWyAuHgJjHojJL8osH3VPw",
    "prediction": "purchased",
    "actual": "sold"
  },
  "Tbna5Srgt6Jbg8hgADabX7": {
    "question_id": "Tbna5Srgt6Jbg8hgADabX7",
    "prediction": "yellow",
    "actual": "white"
  },
  "TgSTm8wMoywwfop8P7MVSd": {
    "question_id": "TgSTm8wMoywwfop8P7MVSd",
    "prediction": "winter",
    "actual": "dry"
  },
  "TgnxoGn2URnSnsnWhniwQ9": {
    "question_id": "TgnxoGn2URnSnsnWhniwQ9",
    "prediction": "newts",
    "actual": "dogs"
  },
  "TifwtbdMUHyamphGv5h8ke": {
    "question_id": "TifwtbdMUHyamphGv5h8ke",
    "prediction": "norway",
    "actual": "north bergen"
  },
  "TsqMjNDdEXguXzN7puUbW5": {
    "question_id": "TsqMjNDdEXguXzN7puUbW5",
    "prediction": "aluminum",
    "actual": "plastic"
  },
  "U5Z3AUf3R9VcDqTFDLGt2c": {
    "question_id": "U5Z3AUf3R9VcDqTFDLGt2c",
    "prediction": "africa",
    "actual": "asia"
  },
  "UCbMvJEQ5bXNnFJMtybA48": {
    "question_id": "UCbMvJEQ5bXNnFJMtybA48",
    "prediction": "music",
    "actual": "computer"
  },
  "UDeVUh2hQdtougjwZfSviW": {
    "question_id": "UDeVUh2hQdtougjwZfSviW",
    "prediction": "130",
    "actual": "1220"
  },
  "UQENBDxmJ3GjGcukhY4Pz6": {
    "question_id": "UQENBDxmJ3GjGcukhY4Pz6",
    "prediction": "dog",
    "actual": "cat"
  },
  "UUjWA8SQGxcai53mEXndiA": {
    "question_id": "UUjWA8SQGxcai53mEXndiA",
    "prediction": "churning stomachs",
    "actual": "churning water"
  },
  "UYMVq2rDCFNVv8gsP6dhdH": {
    "question_id": "UYMVq2rDCFNVv8gsP6dhdH",
    "prediction": "three",
    "actual": "two"
  },
  "UcdDMTu4br8uyQPYPQxgo6": {
    "question_id": "UcdDMTu4br8uyQPYPQxgo6",
    "prediction": "south america",
    "actual": "east asia"
  },
  "UpTNoSajrD27GvfoAdVnsC": {
    "question_id": "UpTNoSajrD27GvfoAdVnsC",
    "prediction": "three",
    "actual": "four"
  },
  "UrWnWqFNL2XNxWBvkt3nLp": {
    "question_id": "UrWnWqFNL2XNxWBvkt3nLp",
    "prediction": "goal",
    "actual": "ax"
  },
  "UuYwpccc3LhURGU3XWuW7i": {
    "question_id": "UuYwpccc3LhURGU3XWuW7i",
    "prediction": "closet",
    "actual": "doorway"
  },
  "Uv8wsVRaJmguTknDUJBCXS": {
    "question_id": "Uv8wsVRaJmguTknDUJBCXS",
    "prediction": "ducks",
    "actual": "canadian geese"
  },
  "VDb8JjxzQRA5pssoPHup4M": {
    "question_id": "VDb8JjxzQRA5pssoPHup4M",
    "prediction": "sad",
    "actual": "fun"
  },
  "VEYdFufFnzaDwFg4HBBcYY": {
    "question_id": "VEYdFufFnzaDwFg4HBBcYY",
    "prediction": "sitting",
    "actual": "standing"
  },
  "VJ43YwLMKZXTSbGAg9waNa": {
    "question_id": "VJ43YwLMKZXTSbGAg9waNa",
    "prediction": "champagne",
    "actual": "water"
  },
  "VK6PNbyq9nq3XXBfdyE6P8": {
    "question_id": "VK6PNbyq9nq3XXBfdyE6P8",
    "prediction": "banner",
    "actual": "flag"
  },
  "VKDkZzDN4KTFxGbh2KrgSf": {
    "question_id": "VKDkZzDN4KTFxGbh2KrgSf",
    "prediction": "japan",
    "actual": "china"
  },
  "VPtWDzT5r9wYAo4xWxHy97": {
    "question_id": "VPtWDzT5r9wYAo4xWxHy97",
    "prediction": "goofy",
    "actual": "donald duck"
  },
  "VWfKcAKJSwowZ7bGBCTpc6": {
    "question_id": "VWfKcAKJSwowZ7bGBCTpc6",
    "prediction": "little boy",
    "actual": "elderly man"
  },
  "VZPbBERyU2LCkuew7SrWaw": {
    "question_id": "VZPbBERyU2LCkuew7SrWaw",
    "prediction": "40 years",
    "actual": "20-30 years"
  },
  "VZg6oeEVpweNk9fihBXS8m": {
    "question_id": "VZg6oeEVpweNk9fihBXS8m",
    "prediction": "tie dye",
    "actual": "checkerboard"
  },
  "Va5KLsXWHujm6DtfGdHssS": {
    "question_id": "Va5KLsXWHujm6DtfGdHssS",
    "prediction": "morning",
    "actual": "afternoon"
  },
  "Vaycw3C7ENGUZ9YnzCz5TU": {
    "question_id": "Vaycw3C7ENGUZ9YnzCz5TU",
    "prediction": "icing",
    "actual": "water"
  },
  "VdepsSMSGD3FJyBybbLsFD": {
    "question_id": "VdepsSMSGD3FJyBybbLsFD",
    "prediction": "treats",
    "actual": "exercise"
  },
  "VeQ4KEc2qHLZTXoPaHX4sy": {
    "question_id": "VeQ4KEc2qHLZTXoPaHX4sy",
    "prediction": "snow shoveling",
    "actual": "ski racing"
  },
  "VnvcXjkeZTbMsRfQZwQXUF": {
    "question_id": "VnvcXjkeZTbMsRfQZwQXUF",
    "prediction": "self-care",
    "actual": "reading"
  },
  "VsmuTZR6c3jEmk2x73KvRf": {
    "question_id": "VsmuTZR6c3jEmk2x73KvRf",
    "prediction": "handball",
    "actual": "cricket"
  },
  "W7NENqwhQdUFDHrkxS2Ch6": {
    "question_id": "W7NENqwhQdUFDHrkxS2Ch6",
    "prediction": "water",
    "actual": "glass"
  },
  "W9gwHYkWiZQ9fTUbF6rJUt": {
    "question_id": "W9gwHYkWiZQ9fTUbF6rJUt",
    "prediction": "britain",
    "actual": "australia"
  },
  "WCss8XpjKYENCSuFCSKUz8": {
    "question_id": "WCss8XpjKYENCSuFCSKUz8",
    "prediction": "green",
    "actual": "orange"
  },
  "WLG7VBozfPSsZPwKjaUXYy": {
    "question_id": "WLG7VBozfPSsZPwKjaUXYy",
    "prediction": "sikhism",
    "actual": "islam"
  },
  "WTHtfRH2Df4wkMEyR93oQy": {
    "question_id": "WTHtfRH2Df4wkMEyR93oQy",
    "prediction": "south america",
    "actual": "europe"
  },
  "WZt7xFyvPGqx93xZmhCFb7": {
    "question_id": "WZt7xFyvPGqx93xZmhCFb7",
    "prediction": "welcome",
    "actual": "green"
  },
  "WgS2856ezvnQAZMmfrUitJ": {
    "question_id": "WgS2856ezvnQAZMmfrUitJ",
    "prediction": "sand",
    "actual": "snow"
  },
  "WhPka9j3UV3XKdiqHbupMJ": {
    "question_id": "WhPka9j3UV3XKdiqHbupMJ",
    "prediction": "left elephant",
    "actual": "long-haired person"
  },
  "WojdRVndpCBeqpSk3roFjk": {
    "question_id": "WojdRVndpCBeqpSk3roFjk",
    "prediction": "fluorescent",
    "actual": "compact fluorescent"
  },
  "XC7LFjtKGWBQRW2FZrXJSn": {
    "question_id": "XC7LFjtKGWBQRW2FZrXJSn",
    "prediction": "alcohol",
    "actual": "soda"
  },
  "XJXTjtpd7XoK9uTnTUkHSW": {
    "question_id": "XJXTjtpd7XoK9uTnTUkHSW",
    "prediction": "25",
    "actual": "30"
  },
  "XKEx8mEicRSJCpNMsDxGpS": {
    "question_id": "XKEx8mEicRSJCpNMsDxGpS",
    "prediction": "fast food",
    "actual": "pizzeria"
  },
  "XKnTd4kV5WUcrpNTRg5GJB": {
    "question_id": "XKnTd4kV5WUcrpNTRg5GJB",
    "prediction": "sorting",
    "actual": "napping"
  },
  "XMnwGhrkndZXRyKaXNYkAv": {
    "question_id": "XMnwGhrkndZXRyKaXNYkAv",
    "prediction": "fed ex",
    "actual": "usps"
  },
  "XZFLgzvvF4CfTaEbBLCkDV": {
    "question_id": "XZFLgzvvF4CfTaEbBLCkDV",
    "prediction": "july",
    "actual": "june"
  },
  "XfKzDoDZwVcQqTPF6xzjbs": {
    "question_id": "XfKzDoDZwVcQqTPF6xzjbs",
    "prediction": "parking",
    "actual": "speeding"
  },
  "XkEu3gmYW23qTivgmHP3fN": {
    "question_id": "XkEu3gmYW23qTivgmHP3fN",
    "prediction": "get out",
    "actual": "go"
  },
  "XpWyazzxv9nAYHcqKswwD7": {
    "question_id": "XpWyazzxv9nAYHcqKswwD7",
    "prediction": "scissors",
    "actual": "bottle"
  },
  "XsmK9BGTpRCeMYeF7Lq43Q": {
    "question_id": "XsmK9BGTpRCeMYeF7Lq43Q",
    "prediction": "ollie",
    "actual": "rail grind"
  },
  "Xw5HiN4AhQ2Nniw8ZD6LYB": {
    "question_id": "Xw5HiN4AhQ2Nniw8ZD6LYB",
    "prediction": "tilapia",
    "actual": "clown fish"
  },
  "YRPvUijZr6hbuQgiyVDRqE": {
    "question_id": "YRPvUijZr6hbuQgiyVDRqE",
    "prediction": "over exposed",
    "actual": "double exposed"
  },
  "YibQmkwXJ4TPVqZjhqmV9r": {
    "question_id": "YibQmkwXJ4TPVqZjhqmV9r",
    "prediction": "parmesan cheese",
    "actual": "powdered sugar"
  },
  "YkoPwAEMfgMqGRxLyzEXpz": {
    "question_id": "YkoPwAEMfgMqGRxLyzEXpz",
    "prediction": "dinner",
    "actual": "breakfast"
  },
  "YoMKzbxjcp5XHZrxcqj3Pn": {
    "question_id": "YoMKzbxjcp5XHZrxcqj3Pn",
    "prediction": "pedestrians",
    "actual": "traffic light"
  },
  "YofsNmbN6XCqNdfHTBmzNq": {
    "question_id": "YofsNmbN6XCqNdfHTBmzNq",
    "prediction": "plastic",
    "actual": "acrylic"
  },
  "Z2wV882FxEjxwqFcbMRM9K": {
    "question_id": "Z2wV882FxEjxwqFcbMRM9K",
    "prediction": "anchors",
    "actual": "sails"
  },
  "ZBZcWNW8gabo3RcNZu7Awj": {
    "question_id": "ZBZcWNW8gabo3RcNZu7Awj",
    "prediction": "making dinner",
    "actual": "selling pizzas"
  },
  "ZCGhDHZtMcwGAY36U6XwQL": {
    "question_id": "ZCGhDHZtMcwGAY36U6XwQL",
    "prediction": "black color",
    "actual": "white car"
  },
  "ZVHGXacRAzycGJbvaZL6WW": {
    "question_id": "ZVHGXacRAzycGJbvaZL6WW",
    "prediction": "ocean",
    "actual": "lake"
  },
  "ZWw8aaWWifdcZdMU7Pmgcg": {
    "question_id": "ZWw8aaWWifdcZdMU7Pmgcg",
    "prediction": "twelve",
    "actual": "seventeen"
  },
  "ZXpemwU9BnGkBEdj8f6tqD": {
    "question_id": "ZXpemwU9BnGkBEdj8f6tqD",
    "prediction": "ski lift",
    "actual": "ski down"
  },
  "ZYdDiWXC3SqAFxW7ANe8Tk": {
    "question_id": "ZYdDiWXC3SqAFxW7ANe8Tk",
    "prediction": "swan",
    "actual": "albatross"
  },
  "ZjapTLh575MHGLJLdT5wkE": {
    "question_id": "ZjapTLh575MHGLJLdT5wkE",
    "prediction": "cooking",
    "actual": "smoking"
  },
  "Zt2TzKJkDQHFrbcPkxNZcA": {
    "question_id": "Zt2TzKJkDQHFrbcPkxNZcA",
    "prediction": "trespassers",
    "actual": "balls"
  },
  "ZthUeysacKx2CVGPpNKxe4": {
    "question_id": "ZthUeysacKx2CVGPpNKxe4",
    "prediction": "accordion skirt",
    "actual": "sarong"
  },
  "ZtyPK2Y2iMngTE2jBMJQpP": {
    "question_id": "ZtyPK2Y2iMngTE2jBMJQpP",
    "prediction": "diesel",
    "actual": "electric"
  },
  "aDVS7CNLi2et7Uf7kEEZeQ": {
    "question_id": "aDVS7CNLi2et7Uf7kEEZeQ",
    "prediction": "curiosity",
    "actual": "for food"
  },
  "aFoRsjc727Fzy7QCG3DEsP": {
    "question_id": "aFoRsjc727Fzy7QCG3DEsP",
    "prediction": "japan",
    "actual": "malaysia"
  },
  "aJHeEgCPQ2LCEwtsZWbd9Q": {
    "question_id": "aJHeEgCPQ2LCEwtsZWbd9Q",
    "prediction": "video",
    "actual": "crane"
  },
  "aUgAiwcNTDksCTSB4zLqLx": {
    "question_id": "aUgAiwcNTDksCTSB4zLqLx",
    "prediction": "religious",
    "actual": "costume"
  },
  "aWbDSeQbZjRdUSg42vfGyi": {
    "question_id": "aWbDSeQbZjRdUSg42vfGyi",
    "prediction": "kefka palazzo",
    "actual": "paul newman"
  },
  "aX3pLQW2CigHrJVVMETaey": {
    "question_id": "aX3pLQW2CigHrJVVMETaey",
    "prediction": "65",
    "actual": "30"
  },
  "aXA73vtTRAUJ79PHaVuhF8": {
    "question_id": "aXA73vtTRAUJ79PHaVuhF8",
    "prediction": "wood",
    "actual": "cake"
  },
  "aXNsPe9LnRuqorhKQ9McLC": {
    "question_id": "aXNsPe9LnRuqorhKQ9McLC",
    "prediction": "11",
    "actual": "one"
  },
  "acLP6cnPoWn8iZ9aD6F8ZL": {
    "question_id": "acLP6cnPoWn8iZ9aD6F8ZL",
    "prediction": "frisbee",
    "actual": "plate"
  },
  "adYBVSLgdqCGZjjVacKNGg": {
    "question_id": "adYBVSLgdqCGZjjVacKNGg",
    "prediction": "pepper",
    "actual": "onion"
  },
  "akDNCt5XCGvjw33C3ong5d": {
    "question_id": "akDNCt5XCGvjw33C3ong5d",
    "prediction": "breakfast",
    "actual": "dinner"
  },
  "aoGyPaA6ZWkaQSZYXwdyEw": {
    "question_id": "aoGyPaA6ZWkaQSZYXwdyEw",
    "prediction": "corvette",
    "actual": "mustang"
  },
  "awiLcr766TJkZENT7kBLBR": {
    "question_id": "awiLcr766TJkZENT7kBLBR",
    "prediction": "out",
    "actual": "nothing"
  },
  "axQQHVN8GNWTHu4B4fzqaF": {
    "question_id": "axQQHVN8GNWTHu4B4fzqaF",
    "prediction": "sitting",
    "actual": "squatting"
  },
  "b57dJ74KfRbDSDzkD8bSWJ": {
    "question_id": "b57dJ74KfRbDSDzkD8bSWJ",
    "prediction": "united states",
    "actual": "england"
  },
  "b5XoCkzFXxELg4R5SP4uEf": {
    "question_id": "b5XoCkzFXxELg4R5SP4uEf",
    "prediction": "frisbee",
    "actual": "ring toss"
  },
  "b6tZAg7f28UHbins7nWcpo": {
    "question_id": "b6tZAg7f28UHbins7nWcpo",
    "prediction": "steamed",
    "actual": "roasted"
  },
  "bCewJfNy7SdgVeNaQrbTN9": {
    "question_id": "bCewJfNy7SdgVeNaQrbTN9",
    "prediction": "glass",
    "actual": "clay"
  },
  "bDXLr8CDvR6oDCL2xMHV3v": {
    "question_id": "bDXLr8CDvR6oDCL2xMHV3v",
    "prediction": "deep dish",
    "actual": "margherita"
  },
  "bTGQFiRVpf3sA2KURQcTQU": {
    "question_id": "bTGQFiRVpf3sA2KURQcTQU",
    "prediction": "boat",
    "actual": "train"
  },
  "bTkroMPt2NzXSUFCPZS823": {
    "question_id": "bTkroMPt2NzXSUFCPZS823",
    "prediction": "taking off",
    "actual": "passenger loading"
  },
  "bWUR6AzW6CejWi3EG2PZfT": {
    "question_id": "bWUR6AzW6CejWi3EG2PZfT",
    "prediction": "sausage",
    "actual": "beer"
  },
  "bZont5aBGPxG5hEGcRHk4r": {
    "question_id": "bZont5aBGPxG5hEGcRHk4r",
    "prediction": "kenya",
    "actual": "egypt"
  },
  "bcXERNeXxn8CmkodKezv7X": {
    "question_id": "bcXERNeXxn8CmkodKezv7X",
    "prediction": "destination",
    "actual": "advertisement"
  },
  "bf5TyZHVCjmFbsBP9o7qMq": {
    "question_id": "bf5TyZHVCjmFbsBP9o7qMq",
    "prediction": "all dresses",
    "actual": "same color"
  },
  "bf6qUEbh434BJZ3d4MWsU9": {
    "question_id": "bf6qUEbh434BJZ3d4MWsU9",
    "prediction": "chevy",
    "actual": "toyota"
  },
  "bfr2EuyWxuSqeL23qocAe4": {
    "question_id": "bfr2EuyWxuSqeL23qocAe4",
    "prediction": "cement",
    "actual": "wood"
  },
  "bgFM5EQ66AGQWorBoJzymJ": {
    "question_id": "bgFM5EQ66AGQWorBoJzymJ",
    "prediction": "two",
    "actual": "three"
  },
  "bkDub4yWQqeZVboUxpBCAd": {
    "question_id": "bkDub4yWQqeZVboUxpBCAd",
    "prediction": "carnival",
    "actual": "restroom"
  },
  "bt6WFDHUBaFadif2oq3h4k": {
    "question_id": "bt6WFDHUBaFadif2oq3h4k",
    "prediction": "eating",
    "actual": "running"
  },
  "c7bJDbwpd27BqNaJzK9ubb": {
    "question_id": "c7bJDbwpd27BqNaJzK9ubb",
    "prediction": "to dry",
    "actual": "to sell"
  },
  "cHkTFzqn2VpbUHXky7DhQz": {
    "question_id": "cHkTFzqn2VpbUHXky7DhQz",
    "prediction": "fish",
    "actual": "bear"
  },
  "cctHD6Sgao4mvCUTQ8RLkU": {
    "question_id": "cctHD6Sgao4mvCUTQ8RLkU",
    "prediction": "formal dining",
    "actual": "kitchen"
  },
  "chXZTHvYp7pFsdQhLyAC9F": {
    "question_id": "chXZTHvYp7pFsdQhLyAC9F",
    "prediction": "tennis lesson",
    "actual": "tennis competition"
  },
  "ciMU7f8NdZMAwQJDmPrmcH": {
    "question_id": "ciMU7f8NdZMAwQJDmPrmcH",
    "prediction": "tabby",
    "actual": "tuna"
  },
  "cmDRUcNRtcvVpHzURp8W45": {
    "question_id": "cmDRUcNRtcvVpHzURp8W45",
    "prediction": "directing traffic",
    "actual": "late night"
  },
  "cpFBV7cMfv53fdwaaWiWGt": {
    "question_id": "cpFBV7cMfv53fdwaaWiWGt",
    "prediction": "laundry",
    "actual": "kitchen"
  },
  "crFTuf4oK8K3SqFqWe7d8X": {
    "question_id": "crFTuf4oK8K3SqFqWe7d8X",
    "prediction": "silver",
    "actual": "orange"
  },
  "cw76LXiDncor4xpkaWcaDX": {
    "question_id": "cw76LXiDncor4xpkaWcaDX",
    "prediction": "sheep",
    "actual": "cats"
  },
  "dGNtvZFEJbcK6dbZNuPfPq": {
    "question_id": "dGNtvZFEJbcK6dbZNuPfPq",
    "prediction": "peeing",
    "actual": "playing"
  },
  "dTa8nkCw9jfvKMzHmdvYCT": {
    "question_id": "dTa8nkCw9jfvKMzHmdvYCT",
    "prediction": "toilet",
    "actual": "ceiling"
  },
  "dbC66LJz8ReZjXJJEt7xvW": {
    "question_id": "dbC66LJz8ReZjXJJEt7xvW",
    "prediction": "united states",
    "actual": "union jack"
  },
  "dgiMniYGqfUmHnVDLJdayu": {
    "question_id": "dgiMniYGqfUmHnVDLJdayu",
    "prediction": "derby",
    "actual": "baseball cap"
  },
  "dqTfuzYZnbZ4MTNFc9Zkeb": {
    "question_id": "dqTfuzYZnbZ4MTNFc9Zkeb",
    "prediction": "tulip",
    "actual": "pointsettia"
  },
  "dwxReu6Xio6pQQxjps3Xtj": {
    "question_id": "dwxReu6Xio6pQQxjps3Xtj",
    "prediction": "camera",
    "actual": "phone"
  },
  "dzMDeKZdrfarPRuDMg5DPE": {
    "question_id": "dzMDeKZdrfarPRuDMg5DPE",
    "prediction": "string",
    "actual": "tape"
  },
  "e2tBLmwDciwSoY7nqUsS2D": {
    "question_id": "e2tBLmwDciwSoY7nqUsS2D",
    "prediction": "snow shovelling",
    "actual": "propulsion"
  },
  "e52REttPVvHxGe9H9Y8iya": {
    "question_id": "e52REttPVvHxGe9H9Y8iya",
    "prediction": "france",
    "actual": "united states"
  },
  "e7mX2aASmkZwAXRiHbK6QZ": {
    "question_id": "e7mX2aASmkZwAXRiHbK6QZ",
    "prediction": "65",
    "actual": "60"
  },
  "eB3RtTTsyXa6YKzPMrm4kd": {
    "question_id": "eB3RtTTsyXa6YKzPMrm4kd",
    "prediction": "beer",
    "actual": "red wine"
  },
  "eBgzKWWRWbkzRJsrfBqGBV": {
    "question_id": "eBgzKWWRWbkzRJsrfBqGBV",
    "prediction": "commercial transport",
    "actual": "passenger transport"
  },
  "eEb8jhgNYqiJED63DeAKVT": {
    "question_id": "eEb8jhgNYqiJED63DeAKVT",
    "prediction": "photographer",
    "actual": "right person"
  },
  "eVSP3pkyjc7WXrz4KPd2rz": {
    "question_id": "eVSP3pkyjc7WXrz4KPd2rz",
    "prediction": "hands",
    "actual": "teeth"
  },
  "efPGEhVYzatJbs8HcmV9rW": {
    "question_id": "efPGEhVYzatJbs8HcmV9rW",
    "prediction": "wedding",
    "actual": "home"
  },
  "eiTuwtpwaP6LXCBDdhRfUU": {
    "question_id": "eiTuwtpwaP6LXCBDdhRfUU",
    "prediction": "oven",
    "actual": "grill"
  },
  "eknnNjTPL6m3PBzaxLZbbh": {
    "question_id": "eknnNjTPL6m3PBzaxLZbbh",
    "prediction": "sofa",
    "actual": "table"
  },
  "es4dTSrFkgs2LEtLByV5Fk": {
    "question_id": "es4dTSrFkgs2LEtLByV5Fk",
    "prediction": "kickflip",
    "actual": "rail grind"
  },
  "f6veAkmc4fZwqbVmqZxs7z": {
    "question_id": "f6veAkmc4fZwqbVmqZxs7z",
    "prediction": "front seat",
    "actual": "back seat"
  },
  "fANoeH2ASUFa5ZeVzBYwjF": {
    "question_id": "fANoeH2ASUFa5ZeVzBYwjF",
    "prediction": "chatting",
    "actual": "eating"
  },
  "fBq7g59duqhmbqAtjWY5xf": {
    "question_id": "fBq7g59duqhmbqAtjWY5xf",
    "prediction": "popeye's",
    "actual": "dr. pepper"
  },
  "fELKZdaVNLwGEQZByv3jmp": {
    "question_id": "fELKZdaVNLwGEQZByv3jmp",
    "prediction": "people",
    "actual": "skyline"
  },
  "fQxikBu5n7M2LWh5xV2BAb": {
    "question_id": "fQxikBu5n7M2LWh5xV2BAb",
    "prediction": "kickflip",
    "actual": "grind"
  },
  "fUKdZK7FEHkWsjtLTeajkn": {
    "question_id": "fUKdZK7FEHkWsjtLTeajkn",
    "prediction": "detroit",
    "actual": "seattle"
  },
  "fVBJLwGMCV6Dq9cEaGyrq3": {
    "question_id": "fVBJLwGMCV6Dq9cEaGyrq3",
    "prediction": "flat screen",
    "actual": "console"
  },
  "fVxFwdk685zsCqsk7PvKM3": {
    "question_id": "fVxFwdk685zsCqsk7PvKM3",
    "prediction": "top",
    "actual": "bottom"
  },
  "fpgzreGfZFZQjPFocePhFo": {
    "question_id": "fpgzreGfZFZQjPFocePhFo",
    "prediction": "rain",
    "actual": "snow"
  },
  "fxWzXTapRBT3NJNiL9yuX6": {
    "question_id": "fxWzXTapRBT3NJNiL9yuX6",
    "prediction": "handicapped",
    "actual": "blind"
  },
  "g6FBm6c3vQifeHApcPidEZ": {
    "question_id": "g6FBm6c3vQifeHApcPidEZ",
    "prediction": "apartment",
    "actual": "garage"
  },
  "gBMjiGJJSm7nuM2hmvxURC": {
    "question_id": "gBMjiGJJSm7nuM2hmvxURC",
    "prediction": "water",
    "actual": "wine"
  },
  "gHLMqJkY93TUV94a7tLpoR": {
    "question_id": "gHLMqJkY93TUV94a7tLpoR",
    "prediction": "blow",
    "actual": "town"
  },
  "gNrbLyhKYG8AMtxJTgB7E2": {
    "question_id": "gNrbLyhKYG8AMtxJTgB7E2",
    "prediction": "moving pedestrians",
    "actual": "for bikes"
  },
  "gYUipbusGScQ7oXEUejBMf": {
    "question_id": "gYUipbusGScQ7oXEUejBMf",
    "prediction": "fielding",
    "actual": "batting"
  },
  "gaHwkDQUiMLveSnrXFQMms": {
    "question_id": "gaHwkDQUiMLveSnrXFQMms",
    "prediction": "middle",
    "actual": "crosswalk"
  },
  "gaKyGVP3dVZGGtonfcuK6r": {
    "question_id": "gaKyGVP3dVZGGtonfcuK6r",
    "prediction": "paris",
    "actual": "london"
  },
  "gbDHb3RPHzKdwPsEQP6vxs": {
    "question_id": "gbDHb3RPHzKdwPsEQP6vxs",
    "prediction": "france",
    "actual": "us"
  },
  "gyf9Y4vh6mVZcbY7MH6fxB": {
    "question_id": "gyf9Y4vh6mVZcbY7MH6fxB",
    "prediction": "hyundai",
    "actual": "isuzu"
  },
  "gzytVm5g6vXWY8VDF7tSEr": {
    "question_id": "gzytVm5g6vXWY8VDF7tSEr",
    "prediction": "down",
    "actual": "diagonal"
  },
  "h4PoYae2w6GRRu2npXvwuK": {
    "question_id": "h4PoYae2w6GRRu2npXvwuK",
    "prediction": "dog",
    "actual": "robot"
  },
  "h74gXxfogmocHgcRdcoHEg": {
    "question_id": "h74gXxfogmocHgcRdcoHEg",
    "prediction": "ham",
    "actual": "pineapple"
  },
  "hECCUB8FXovMC5nNPG2itn": {
    "question_id": "hECCUB8FXovMC5nNPG2itn",
    "prediction": "22",
    "actual": "14"
  },
  "hGPYsdTTBmP2uYYGodPkkt": {
    "question_id": "hGPYsdTTBmP2uYYGodPkkt",
    "prediction": "man",
    "actual": "horse"
  },
  "hJe5wYuE8Qr9uuzc9zahBx": {
    "question_id": "hJe5wYuE8Qr9uuzc9zahBx",
    "prediction": "cargo",
    "actual": "passenger"
  },
  "hTNJXskvyVHvfhYb7Mdp7X": {
    "question_id": "hTNJXskvyVHvfhYb7Mdp7X",
    "prediction": "sedan",
    "actual": "truck"
  },
  "hUiYQuwqYiQH2xibX65Wss": {
    "question_id": "hUiYQuwqYiQH2xibX65Wss",
    "prediction": "butter",
    "actual": "icing"
  },
  "hYJoVHmJ5wehgSYxxAt2Eb": {
    "question_id": "hYJoVHmJ5wehgSYxxAt2Eb",
    "prediction": "towel",
    "actual": "bag"
  },
  "hZV5fCospVTsaMc27Rbvc4": {
    "question_id": "hZV5fCospVTsaMc27Rbvc4",
    "prediction": "train",
    "actual": "bulldozer"
  },
  "hdZWqnfnTxgxXMZ4AJSWtM": {
    "question_id": "hdZWqnfnTxgxXMZ4AJSWtM",
    "prediction": "on fire",
    "actual": "tidy"
  },
  "hgamoABdWM75WAPWU2rCdT": {
    "question_id": "hgamoABdWM75WAPWU2rCdT",
    "prediction": "bugs",
    "actual": "horses"
  },
  "hkMfnT4LEQi4HKPck6FVor": {
    "question_id": "hkMfnT4LEQi4HKPck6FVor",
    "prediction": "china",
    "actual": "malaysia"
  },
  "hmfuC58r3K4Yg7EkMxJXXb": {
    "question_id": "hmfuC58r3K4Yg7EkMxJXXb",
    "prediction": "carrot",
    "actual": "potato"
  },
  "hrbVpGvQvzUsT7sFzWQWXu": {
    "question_id": "hrbVpGvQvzUsT7sFzWQWXu",
    "prediction": "television",
    "actual": "film"
  },
  "hxRkeGBLz5CdxgnXSgiiH7": {
    "question_id": "hxRkeGBLz5CdxgnXSgiiH7",
    "prediction": "feet",
    "actual": "hooves"
  },
  "i2snYhswVVyhfgxn8DcGnk": {
    "question_id": "i2snYhswVVyhfgxn8DcGnk",
    "prediction": "left person",
    "actual": "both"
  },
  "iL7gMCQ2U2vjmJWoyYc9wn": {
    "question_id": "iL7gMCQ2U2vjmJWoyYc9wn",
    "prediction": "plastic plate",
    "actual": "tin foil"
  },
  "iNDT4fYo9xeKBX6TrvtkVR": {
    "question_id": "iNDT4fYo9xeKBX6TrvtkVR",
    "prediction": "heart attack",
    "actual": "broken bones"
  },
  "iSYpHGY6hdWo6qLQBbrENX": {
    "question_id": "iSYpHGY6hdWo6qLQBbrENX",
    "prediction": "david beckham",
    "actual": "john mcenroe"
  },
  "iXYYsBAjutihbRQuT3LVzn": {
    "question_id": "iXYYsBAjutihbRQuT3LVzn",
    "prediction": "observing",
    "actual": "reading"
  },
  "inA8DF895bDbH7gLhXnenH": {
    "question_id": "inA8DF895bDbH7gLhXnenH",
    "prediction": "wilson",
    "actual": "nike"
  },
  "iq9BaDbmL7bZfnXELtibFz": {
    "question_id": "iq9BaDbmL7bZfnXELtibFz",
    "prediction": "chromebook",
    "actual": "imac"
  },
  "isR9iC8cxoXvYQYBacRuzc": {
    "question_id": "isR9iC8cxoXvYQYBacRuzc",
    "prediction": "yellow",
    "actual": "green"
  },
  "j3G4tBe5ga2sVPS2yWYbFM": {
    "question_id": "j3G4tBe5ga2sVPS2yWYbFM",
    "prediction": "serve",
    "actual": "return serve"
  },
  "j6q58xPaDShNBgnj2kKpAP": {
    "question_id": "j6q58xPaDShNBgnj2kKpAP",
    "prediction": "at park",
    "actual": "on beach"
  },
  "jDicosLUWpypTQmQkRhC4W": {
    "question_id": "jDicosLUWpypTQmQkRhC4W",
    "prediction": "fedora",
    "actual": "top"
  },
  "jE3TsyErJ4eD8rPhTzBzb6": {
    "question_id": "jE3TsyErJ4eD8rPhTzBzb6",
    "prediction": "fluttering",
    "actual": "staring"
  },
  "jK2QtNn8nC2mC2E57bZv7L": {
    "question_id": "jK2QtNn8nC2mC2E57bZv7L",
    "prediction": "summer",
    "actual": "fall"
  },
  "jKMHHLCYMYAARWrY2r4KHW": {
    "question_id": "jKMHHLCYMYAARWrY2r4KHW",
    "prediction": "left",
    "actual": "right"
  },
  "jMvTvShVbt7rP82s3rRXxf": {
    "question_id": "jMvTvShVbt7rP82s3rRXxf",
    "prediction": "tissue",
    "actual": "paper"
  },
  "jRxbsCVJxNtUMvsEBfpTaE": {
    "question_id": "jRxbsCVJxNtUMvsEBfpTaE",
    "prediction": "passenger train",
    "actual": "tank car"
  },
  "jT7i37wypejYFkuDY3xLLg": {
    "question_id": "jT7i37wypejYFkuDY3xLLg",
    "prediction": "printer",
    "actual": "pen"
  },
  "jtqcU9Q9ToadtKDFM8p7mP": {
    "question_id": "jtqcU9Q9ToadtKDFM8p7mP",
    "prediction": "spaghetti",
    "actual": "rice"
  },
  "jvRoVpT79gh4dBU94qtsK8": {
    "question_id": "jvRoVpT79gh4dBU94qtsK8",
    "prediction": "tv",
    "actual": "microwave"
  },
  "k3XafzjyDZn8GCzcH9BE5g": {
    "question_id": "k3XafzjyDZn8GCzcH9BE5g",
    "prediction": "two",
    "actual": "six"
  },
  "kHb4MjmU3bZTRY5qJSrZe7": {
    "question_id": "kHb4MjmU3bZTRY5qJSrZe7",
    "prediction": "backhand",
    "actual": "forehand"
  },
  "kLeQDtR5HUh6L8dbvEzhGe": {
    "question_id": "kLeQDtR5HUh6L8dbvEzhGe",
    "prediction": "refrigerator",
    "actual": "stove/oven"
  },
  "kaocqcY3CESTstFs9Bd4Pg": {
    "question_id": "kaocqcY3CESTstFs9Bd4Pg",
    "prediction": "morning",
    "actual": "evening"
  },
  "khkvYrTt2t5MTJyJvBNiDR": {
    "question_id": "khkvYrTt2t5MTJyJvBNiDR",
    "prediction": "pepper",
    "actual": "tomato"
  },
  "kqxqUW6zqryU2Cu2oz46fH": {
    "question_id": "kqxqUW6zqryU2Cu2oz46fH",
    "prediction": "horse shoes",
    "actual": "stirrups"
  },
  "kyKhGsfSaSgAxrLEqyWgqq": {
    "question_id": "kyKhGsfSaSgAxrLEqyWgqq",
    "prediction": "pelican",
    "actual": "sandpiper"
  },
  "kzYUWLK5ajb3LRzgYcCFXc": {
    "question_id": "kzYUWLK5ajb3LRzgYcCFXc",
    "prediction": "dry cleaning",
    "actual": "parking"
  },
  "m4HzZ8497MsdVCT3HWMJA2": {
    "question_id": "m4HzZ8497MsdVCT3HWMJA2",
    "prediction": "emergency",
    "actual": "mobile"
  },
  "m5WdqTRtUoKxbPMBxJRUtg": {
    "question_id": "m5WdqTRtUoKxbPMBxJRUtg",
    "prediction": "pedestrians",
    "actual": "parking"
  },
  "m7QwuD24FiwpWgFgkzBb7M": {
    "question_id": "m7QwuD24FiwpWgFgkzBb7M",
    "prediction": "man",
    "actual": "woman"
  },
  "m8XZ5DnesmzfsjwMhMsbfe": {
    "question_id": "m8XZ5DnesmzfsjwMhMsbfe",
    "prediction": "cheese",
    "actual": "sauce"
  },
  "mAt78gqtxnGgcVGrA4tHN5": {
    "question_id": "mAt78gqtxnGgcVGrA4tHN5",
    "prediction": "twenty first",
    "actual": "twentieth"
  },
  "mDPZ2AJQQx7b6CASimGgGD": {
    "question_id": "mDPZ2AJQQx7b6CASimGgGD",
    "prediction": "grocery store",
    "actual": "pharmacy"
  },
  "mEmUcZuHB6GamJkfCAwtsD": {
    "question_id": "mEmUcZuHB6GamJkfCAwtsD",
    "prediction": "mountains",
    "actual": "hills"
  },
  "mQ4rtN2j9oECfTdyWEczjX": {
    "question_id": "mQ4rtN2j9oECfTdyWEczjX",
    "prediction": "cheering",
    "actual": "stretching"
  },
  "mQJZ2QZgUf2uzSoLNyFn8w": {
    "question_id": "mQJZ2QZgUf2uzSoLNyFn8w",
    "prediction": "humans",
    "actual": "dogs"
  },
  "mR37Xa62rp3FvidP5ppgCc": {
    "question_id": "mR37Xa62rp3FvidP5ppgCc",
    "prediction": "human",
    "actual": "anteater"
  },
  "mcfejYn8zoagoF5VgNuR2F": {
    "question_id": "mcfejYn8zoagoF5VgNuR2F",
    "prediction": "champagne",
    "actual": "red wine"
  },
  "miQ67PB4K4pA5v37BoLda9": {
    "question_id": "miQ67PB4K4pA5v37BoLda9",
    "prediction": "blend",
    "actual": "cook"
  },
  "minwD4A8mxqhLxMHjfniKy": {
    "question_id": "minwD4A8mxqhLxMHjfniKy",
    "prediction": "chicken",
    "actual": "doughnuts"
  },
  "mo9chSC5Km6Nu3Dg3mwrX6": {
    "question_id": "mo9chSC5Km6Nu3Dg3mwrX6",
    "prediction": "cam bedrosian",
    "actual": "pavel datsyuk"
  },
  "moDoPYYpw2bSfSdDnFnut9": {
    "question_id": "moDoPYYpw2bSfSdDnFnut9",
    "prediction": "ham",
    "actual": "hot dog"
  },
  "mxJ9HhWF4QbrG97rdsY7Pe": {
    "question_id": "mxJ9HhWF4QbrG97rdsY7Pe",
    "prediction": "backyard",
    "actual": "forest"
  },
  "myZ67NZGoYaNEa8kADF8rV": {
    "question_id": "myZ67NZGoYaNEa8kADF8rV",
    "prediction": "landscaping",
    "actual": "fall season"
  },
  "n2aTnUjkSkZPZEWK8S6T9Q": {
    "question_id": "n2aTnUjkSkZPZEWK8S6T9Q",
    "prediction": "u turn",
    "actual": "turn right"
  },
  "n94Br4ZABpt9F8AeBnAaQK": {
    "question_id": "n94Br4ZABpt9F8AeBnAaQK",
    "prediction": "computer",
    "actual": "camera"
  },
  "nPTyUSa2BpdW7QXX7eKxpv": {
    "question_id": "nPTyUSa2BpdW7QXX7eKxpv",
    "prediction": "two",
    "actual": "four"
  },
  "nPhzzycXaUKH9UGFjCjsKQ": {
    "question_id": "nPhzzycXaUKH9UGFjCjsKQ",
    "prediction": "two",
    "actual": "four"
  },
  "nRteor62jdHkABoiGEqDoS": {
    "question_id": "nRteor62jdHkABoiGEqDoS",
    "prediction": "registration number",
    "actual": "plate number"
  },
  "nSKBbRdixLP5o5mr8W2VBJ": {
    "question_id": "nSKBbRdixLP5o5mr8W2VBJ",
    "prediction": "walker",
    "actual": "trolley"
  },
  "nWKHkqWrAhfXG7eRWGX8B5": {
    "question_id": "nWKHkqWrAhfXG7eRWGX8B5",
    "prediction": "doubles",
    "actual": "match"
  },
  "nejsAgBentBTfKxMaELBsr": {
    "question_id": "nejsAgBentBTfKxMaELBsr",
    "prediction": "clean",
    "actual": "write"
  },
  "njzRWp6op4a49j3UtEjEFo": {
    "question_id": "njzRWp6op4a49j3UtEjEFo",
    "prediction": "graduation",
    "actual": "pizza party"
  },
  "nmLBpYK7TqpwcCnkYbL2Tr": {
    "question_id": "nmLBpYK7TqpwcCnkYbL2Tr",
    "prediction": "eating",
    "actual": "scratching"
  },
  "nz5BRooQteeNkQ2by7nGyU": {
    "question_id": "nz5BRooQteeNkQ2by7nGyU",
    "prediction": "pizza",
    "actual": "mtn dew"
  },
  "oNbHrnMXrskfw3TXzZ2QUp": {
    "question_id": "oNbHrnMXrskfw3TXzZ2QUp",
    "prediction": "white pizza",
    "actual": "cheese pizza"
  },
  "CijjLDFS7tQM9TcoWMr2Ai": {
    "question_id": "CijjLDFS7tQM9TcoWMr2Ai",
    "prediction": "merger",
    "actual": "acquisition"
  },
  "DD26xWreRvVu7ZDimAYL3e": {
    "question_id": "DD26xWreRvVu7ZDimAYL3e",
    "prediction": "fifteen",
    "actual": "eleven"
  },
  "DD4oNBRHkHMzFGGVpdmrJi": {
    "question_id": "DD4oNBRHkHMzFGGVpdmrJi",
    "prediction": "feet",
    "actual": "legs"
  },
  "MAeoFJtYupeza6U6eeTWRc": {
    "question_id": "MAeoFJtYupeza6U6eeTWRc",
    "prediction": "home",
    "actual": "school"
  },
  "NRg96YBDgRbc5zFqdhKCC4": {
    "question_id": "NRg96YBDgRbc5zFqdhKCC4",
    "prediction": "work",
    "actual": "gaming"
  },
  "PK5o4oqyymgbmrsrLkF2Hw": {
    "question_id": "PK5o4oqyymgbmrsrLkF2Hw",
    "prediction": "adidas",
    "actual": "under armor"
  },
  "SkThfxuJxxSm39tNSA4FmQ": {
    "question_id": "SkThfxuJxxSm39tNSA4FmQ",
    "prediction": "traffic control",
    "actual": "construction worker"
  },
  "UY4enMq3yMvLG5oAXZQVQL": {
    "question_id": "UY4enMq3yMvLG5oAXZQVQL",
    "prediction": "banana peppers",
    "actual": "hot peppers"
  },
  "a5oWkZ7rkxNTvRLkk3ousT": {
    "question_id": "a5oWkZ7rkxNTvRLkk3ousT",
    "prediction": "yes",
    "actual": "no"
  },
  "b6kMEJD9bLnsJksyGqZgcR": {
    "question_id": "b6kMEJD9bLnsJksyGqZgcR",
    "prediction": "england",
    "actual": "united states"
  },
  "c6Lei76FbsSgEKViCU2Kc5": {
    "question_id": "c6Lei76FbsSgEKViCU2Kc5",
    "prediction": "laying down",
    "actual": "jumping"
  },
  "eHoQtRmsLAC3Ggzm5jKPXA": {
    "question_id": "eHoQtRmsLAC3Ggzm5jKPXA",
    "prediction": "toothpick",
    "actual": "cigarette"
  },
  "eYDDWRpmaNrFZDRCNs6c5z": {
    "question_id": "eYDDWRpmaNrFZDRCNs6c5z",
    "prediction": "canada goose",
    "actual": "chanel"
  },
  "kGn5XFpkwvtJNrUnPLSzwm": {
    "question_id": "kGn5XFpkwvtJNrUnPLSzwm",
    "prediction": "umbrella",
    "actual": "t-hsirt"
  },
  "mK6UjDvYm6Wzn75aaaSEdF": {
    "question_id": "mK6UjDvYm6Wzn75aaaSEdF",
    "prediction": "getting blind",
    "actual": "being stuck"
  },
  "2gD7ih9AsXq7BmRBn57jv5": {
    "question_id": "2gD7ih9AsXq7BmRBn57jv5",
    "prediction": "jersey",
    "actual": "hereford"
  },
  "3wvvpLQuiKWmKy5RHKESEC": {
    "question_id": "3wvvpLQuiKWmKy5RHKESEC",
    "prediction": "eating them",
    "actual": "herding"
  },
  "4YdWSrT4x9p78GxJhf6vis": {
    "question_id": "4YdWSrT4x9p78GxJhf6vis",
    "prediction": "melted ice cream",
    "actual": "children"
  },
  "9y2mxyvd3BxHofPfXKjG67": {
    "question_id": "9y2mxyvd3BxHofPfXKjG67",
    "prediction": "time",
    "actual": "date"
  },
  "ANzKkT7BMAmz62TWUSbPNn": {
    "question_id": "ANzKkT7BMAmz62TWUSbPNn",
    "prediction": "out",
    "actual": "home run"
  },
  "B97VhjPyWdn4pXT5SvQybF": {
    "question_id": "B97VhjPyWdn4pXT5SvQybF",
    "prediction": "sugar",
    "actual": "animals"
  },
  "H6tcAFjWHYBPUpyvG5PVrv": {
    "question_id": "H6tcAFjWHYBPUpyvG5PVrv",
    "prediction": "freezing",
    "actual": "cool"
  },
  "KGhKWAGTj6kUsxSUHDH8t5": {
    "question_id": "KGhKWAGTj6kUsxSUHDH8t5",
    "prediction": "candle holder",
    "actual": "candle"
  },
  "MqCKsUbTPGQJxLL75tGc5F": {
    "question_id": "MqCKsUbTPGQJxLL75tGc5F",
    "prediction": "50",
    "actual": "15"
  },
  "QH2k6NnZ5DxMLEeQQF8net": {
    "question_id": "QH2k6NnZ5DxMLEeQQF8net",
    "prediction": "banana",
    "actual": "plum"
  },
  "QqviUwQkfAndzidCzfJFKS": {
    "question_id": "QqviUwQkfAndzidCzfJFKS",
    "prediction": "transporting goods",
    "actual": "passenger seating"
  },
  "RAq5ExoFdoDbbU97rvFYfZ": {
    "question_id": "RAq5ExoFdoDbbU97rvFYfZ",
    "prediction": "reds",
    "actual": "dodgers"
  },
  "RBTyZFjfaXXGuDBCesAqcV": {
    "question_id": "RBTyZFjfaXXGuDBCesAqcV",
    "prediction": "champion",
    "actual": "nike"
  },
  "U2c5ooPZTZY7cc6xGBcFuM": {
    "question_id": "U2c5ooPZTZY7cc6xGBcFuM",
    "prediction": "pickles",
    "actual": "salt"
  },
  "WmFJXxTJibdaLUQiLHKPNg": {
    "question_id": "WmFJXxTJibdaLUQiLHKPNg",
    "prediction": "prevent leaks",
    "actual": "prevent slipping"
  },
  "Wsm6n4QiLcUf8UEmRUCdNL": {
    "question_id": "Wsm6n4QiLcUf8UEmRUCdNL",
    "prediction": "modern",
    "actual": "victorian"
  },
  "WwzDYpWLZsus6tMdSzVhWk": {
    "question_id": "WwzDYpWLZsus6tMdSzVhWk",
    "prediction": "pitcher",
    "actual": "catcher"
  },
  "XPhow2MD6num6LkVWv2WDC": {
    "question_id": "XPhow2MD6num6LkVWv2WDC",
    "prediction": "sleep",
    "actual": "wish"
  },
  "aqnbMDKEYEGFpVGpxuM6w4": {
    "question_id": "aqnbMDKEYEGFpVGpxuM6w4",
    "prediction": "crosswalk",
    "actual": "oncoming traffic"
  },
  "bDqH62XFybrPPhHAUCbPHb": {
    "question_id": "bDqH62XFybrPPhHAUCbPHb",
    "prediction": "warriors",
    "actual": "knicks"
  },
  "gurW28uKknkS6kmv6aPa6X": {
    "question_id": "gurW28uKknkS6kmv6aPa6X",
    "prediction": "faded decor",
    "actual": "ashes"
  },
  "n6paCuMnYEcapWb2TqLYoa": {
    "question_id": "n6paCuMnYEcapWb2TqLYoa",
    "prediction": "polka dot",
    "actual": "plaid"
  },
  "nZANMFWTuwNWznuT9RBNXr": {
    "question_id": "nZANMFWTuwNWznuT9RBNXr",
    "prediction": "speedbumps",
    "actual": "pedestrians"
  }
}