{
  "2P5mVJc5a6DcCN9opV92FJ": {
    "question_id": "2P5mVJc5a6DcCN9opV92FJ",
    "prediction": "surfing",
    "actual": [
      "surfing",
      "surfing",
      "crouching",
      "surfing",
      "surfing",
      "ducking",
      "bending",
      "crouching",
      "surfing",
      "surfing"
    ]
  },
  "2PGwvdFESLvwfFCwK5pbYu": {
    "question_id": "2PGwvdFESLvwfFCwK5pbYu",
    "prediction": "jeans",
    "actual": [
      "jeans",
      "blue jeans",
      "jeans",
      "denim",
      "jeans",
      "jeans",
      "jeans",
      "jeans",
      "jeans",
      "blue jeans"
    ]
  },
  "2yWyzYRyZuYH2ZB49WNACa": {
    "question_id": "2yWyzYRyZuYH2ZB49WNACa",
    "prediction": "frisbee",
    "actual": [
      "frisbee",
      "frisbee",
      "frisbee",
      "frisbee",
      "frisbee",
      "frisbee",
      "frisbee",
      "frisbee",
      "frisbee",
      "frisbee"
    ]
  },
  "4UrYfZMUToiF5f7GK6eMaz": {
    "question_id": "4UrYfZMUToiF5f7GK6eMaz",
    "prediction": "visibility",
    "actual": [
      "safety",
      "safety",
      "safety reflection",
      "safety",
      "visibility",
      "safety",
      "workers",
      "visibility",
      "visibility",
      "safety reflection"
    ]
  },
  "4Z7WvuLTj7VUpVtLL2W2g7": {
    "question_id": "4Z7WvuLTj7VUpVtLL2W2g7",
    "prediction": "bathroom",
    "actual": [
      "bathroom",
      "bathroom",
      "bathroom",
      "bathroom",
      "bathroom sinks",
      "bathroom sinks",
      "bathroom sinks",
      "bathroom",
      "ceramic",
      "bathroom"
    ]
  },
  "4mgcpzD4d6adkPQP7cxg54": {
    "question_id": "4mgcpzD4d6adkPQP7cxg54",
    "prediction": "new york",
    "actual": [
      "new york",
      "new york",
      "new york",
      "new york",
      "new york",
      "new york",
      "new york",
      "nyc",
      "new york",
      "new york"
    ]
  },
  "4yq3AnREQ4PP7MXMWvBb5a": {
    "question_id": "4yq3AnREQ4PP7MXMWvBb5a",
    "prediction": "fall",
    "actual": [
      "fall",
      "christmas",
      "fall",
      "christmas",
      "summer",
      "fall",
      "summer",
      "christmas",
      "fall",
      "christmas"
    ]
  },
  "5oBisjqVjcXEXGkd2uKPDe": {
    "question_id": "5oBisjqVjcXEXGkd2uKPDe",
    "prediction": "cellphone",
    "actual": [
      "phone",
      "phone",
      "phone",
      "cellphone",
      "phone",
      "cellphone",
      "phone",
      "phone",
      "cellphone",
      "phone"
    ]
  },
  "6QuPF6pNBjs3DEXQh4AQt4": {
    "question_id": "6QuPF6pNBjs3DEXQh4AQt4",
    "prediction": "eating",
    "actual": [
      "eating",
      "to eat",
      "grazing",
      "feeding",
      "eating hay",
      "eating",
      "eating hay",
      "eating hay",
      "eating",
      "food"
    ]
  },
  "6YyPKdGwhA3LJkUpL3p9F6": {
    "question_id": "6YyPKdGwhA3LJkUpL3p9F6",
    "prediction": "skiing",
    "actual": [
      "skiing",
      "skating",
      "skiing",
      "skiing",
      "skiing",
      "skiing",
      "skiing",
      "skiing",
      "skiing",
      "skiing"
    ]
  },
  "7L2zGA6XFJrPCfLJCwBrww": {
    "question_id": "7L2zGA6XFJrPCfLJCwBrww",
    "prediction": "grazing",
    "actual": [
      "grazing",
      "grazing",
      "eating",
      "eating",
      "eating",
      "grazing",
      "eating",
      "grazing",
      "grazing",
      "eating"
    ]
  },
  "8SzR5UpGtrsFWoxheZ9SkE": {
    "question_id": "8SzR5UpGtrsFWoxheZ9SkE",
    "prediction": "wii",
    "actual": [
      "wii",
      "wii",
      "wii",
      "wii",
      "wii",
      "wii",
      "wii",
      "nintendo wii",
      "wii",
      "wii"
    ]
  },
  "8vzpRWS6dDNrFCouzebMm9": {
    "question_id": "8vzpRWS6dDNrFCouzebMm9",
    "prediction": "wii",
    "actual": [
      "nintendo wii",
      "wii",
      "wii",
      "wii",
      "wii",
      "wii",
      "wii",
      "wii",
      "wii",
      "wii"
    ]
  },
  "9J5n2f4j4R4B9t3c6MPSi3": {
    "question_id": "9J5n2f4j4R4B9t3c6MPSi3",
    "prediction": "chicken",
    "actual": [
      "chicken",
      "chicken",
      "chicken",
      "chicken",
      "chicken",
      "turkey",
      "chicken",
      "chicken",
      "turkey",
      "chicken"
    ]
  },
  "9m5dBgT3PJrhWRCDg9ee2z": {
    "question_id": "9m5dBgT3PJrhWRCDg9ee2z",
    "prediction": "bus",
    "actual": [
      "bus",
      "bus",
      "bus",
      "bus",
      "bus",
      "bus",
      "bus",
      "passenger",
      "bus",
      "bus"
    ]
  },
  "B725pHrrknZKDAqoLBjeof": {
    "question_id": "B725pHrrknZKDAqoLBjeof",
    "prediction": "apple",
    "actual": [
      "apple",
      "apple",
      "apple",
      "apple",
      "apple",
      "apple",
      "apple",
      "apple",
      "apple",
      "apple"
    ]
  },
  "BSgG9C63esRw6W3Tw6rBbu": {
    "question_id": "BSgG9C63esRw6W3Tw6rBbu",
    "prediction": "skateboard",
    "actual": [
      "skateboard",
      "skateboard",
      "skateboard",
      "skateboard",
      "skateboard move",
      "skateboard move",
      "skateboard",
      "skateboard",
      "skateboard",
      "skateboard"
    ]
  },
  "BpLgWvp3a7WEzrsmnpQBWT": {
    "question_id": "BpLgWvp3a7WEzrsmnpQBWT",
    "prediction": "string",
    "actual": [
      "tail",
      "string",
      "string",
      "string",
      "threat",
      "wind",
      "wind",
      "camp",
      "kite",
      "string"
    ]
  },
  "CMPt5xfqSyHQoFockxCWux": {
    "question_id": "CMPt5xfqSyHQoFockxCWux",
    "prediction": "raining",
    "actual": [
      "sun protection",
      "raining",
      "raining",
      "raining",
      "raining",
      "rain",
      "its raining",
      "rain",
      "rain",
      "raining soon"
    ]
  },
  "CTrTbwL2BtnQqY9vjiEiFF": {
    "question_id": "CTrTbwL2BtnQqY9vjiEiFF",
    "prediction": "wine",
    "actual": [
      "wine",
      "wine",
      "wine",
      "wine",
      "wine",
      "wine",
      "wine",
      "wine",
      "wine",
      "wine"
    ]
  },
  "DR94rYWve8KwpGjAtovqZt": {
    "question_id": "DR94rYWve8KwpGjAtovqZt",
    "prediction": "spiderman",
    "actual": [
      "spiderman",
      "spiderman",
      "spiderman",
      "spiderman",
      "spiderman",
      "spiderman",
      "spider man",
      "spiderman",
      "spiderman",
      "spiderman"
    ]
  },
  "E9Tea7kyCg7eW4bPeT5W83": {
    "question_id": "E9Tea7kyCg7eW4bPeT5W83",
    "prediction": "beer",
    "actual": [
      "beer",
      "beer",
      "wine",
      "beer",
      "beer",
      "beer",
      "beer",
      "wine glasses",
      "beer",
      "beer"
    ]
  },
  "EAHmczQURaep8SJkvhYCje": {
    "question_id": "EAHmczQURaep8SJkvhYCje",
    "prediction": "fence",
    "actual": [
      "fence",
      "fence",
      "dog",
      "fence",
      "fence",
      "fence",
      "fence",
      "wired fence",
      "fencing",
      "fence"
    ]
  },
  "EAWGdocBoaqPxLQuJ3UJb6": {
    "question_id": "EAWGdocBoaqPxLQuJ3UJb6",
    "prediction": "winter",
    "actual": [
      "spring",
      "fall-winter",
      "fall",
      "winter",
      "winter",
      "fall",
      "winter",
      "fall",
      "fall",
      "fall"
    ]
  },
  "EER9xudvx7aG37Zbaewxkw": {
    "question_id": "EER9xudvx7aG37Zbaewxkw",
    "prediction": "pepsi",
    "actual": [
      "pepsi",
      "pepsi",
      "pepsi",
      "pepsi",
      "pepsi",
      "pepsi",
      "pepsi cola",
      "pepsi",
      "pepsi",
      "pepsi"
    ]
  },
  "EZr7FwVY2S7FggmHpHxCZK": {
    "question_id": "EZr7FwVY2S7FggmHpHxCZK",
    "prediction": "concrete",
    "actual": [
      "rock",
      "clay",
      "concrete",
      "stone",
      "brick",
      "iron",
      "concrete",
      "bricks",
      "brick",
      "concrete"
    ]
  },
  "EmU9DKov4EwRDaZuKvzAXj": {
    "question_id": "EmU9DKov4EwRDaZuKvzAXj",
    "prediction": "beer",
    "actual": [
      "beer",
      "beer",
      "beer",
      "beer",
      "beer",
      "beer",
      "beer",
      "beer",
      "beer",
      "beer"
    ]
  },
  "Eyzb8SKxYzzJuegL3tkwga": {
    "question_id": "Eyzb8SKxYzzJuegL3tkwga",
    "prediction": "cotton",
    "actual": [
      "cotton",
      "cotton",
      "paper",
      "fabric",
      "cotton",
      "cotton",
      "cotton",
      "cotton",
      "fabric",
      "cotton"
    ]
  },
  "FddDsTHeVp9WJYZBjLoKUi": {
    "question_id": "FddDsTHeVp9WJYZBjLoKUi",
    "prediction": "water",
    "actual": [
      "engine",
      "motor",
      "water",
      "oil",
      "water",
      "roadways",
      "road",
      "water",
      "on wheel",
      "water"
    ]
  },
  "G2yKVAzRGRB5RHtxxMsySP": {
    "question_id": "G2yKVAzRGRB5RHtxxMsySP",
    "prediction": "tile",
    "actual": [
      "ceramic",
      "laminate",
      "wood",
      "tile",
      "tiles",
      "tile",
      "porcelain",
      "tile",
      "tile",
      "tiles"
    ]
  },
  "G9KXrAd6oRksj8Jqd5hcyo": {
    "question_id": "G9KXrAd6oRksj8Jqd5hcyo",
    "prediction": "serve",
    "actual": [
      "overhead",
      "overhand",
      "overhand",
      "tennis",
      "serve",
      "overhead",
      "serve",
      "overhead",
      "overhead slam",
      "serve"
    ]
  },
  "GhbDi6TH7F8tykDJvovapH": {
    "question_id": "GhbDi6TH7F8tykDJvovapH",
    "prediction": "time lapse",
    "actual": [
      "time lapse",
      "stop motion",
      "night",
      "long exposure",
      "time lapse",
      "unknown",
      "time lapse",
      "long exposure",
      "stop motion",
      "motion"
    ]
  },
  "GoBun4WYj2oK6vRihjfEGv": {
    "question_id": "GoBun4WYj2oK6vRihjfEGv",
    "prediction": "wine",
    "actual": [
      "wine",
      "wine",
      "wine",
      "red wine",
      "wine",
      "wine",
      "wine",
      "wine",
      "wine",
      "wine"
    ]
  },
  "GzEbcQExF4cHmrhk7rdnce": {
    "question_id": "GzEbcQExF4cHmrhk7rdnce",
    "prediction": "nintendo wii",
    "actual": [
      "wii",
      "nintendo wii",
      "wii",
      "wii",
      "wii",
      "nintendo wii",
      "wii",
      "nintendo wii",
      "nintendo wii",
      "wi"
    ]
  },
  "HJh9bXtpMyBNmsmBa6CH4p": {
    "question_id": "HJh9bXtpMyBNmsmBa6CH4p",
    "prediction": "two",
    "actual": [
      "two",
      "two",
      "two",
      "four",
      "two",
      "two",
      "three",
      "one",
      "one",
      "one"
    ]
  },
  "HM4obw9fQyb3aPheZjgtqq": {
    "question_id": "HM4obw9fQyb3aPheZjgtqq",
    "prediction": "visibility",
    "actual": [
      "visibility safety",
      "visibility",
      "visibility",
      "visibility",
      "visibility",
      "visibility",
      "visibility",
      "visibility",
      "safety visibility",
      "visibility"
    ]
  },
  "JTpPkML3VmfSm8yQwMycuL": {
    "question_id": "JTpPkML3VmfSm8yQwMycuL",
    "prediction": "happy",
    "actual": [
      "happy",
      "playful",
      "silly",
      "happy",
      "happy",
      "happy",
      "happy",
      "happy",
      "happy",
      "happy"
    ]
  },
  "KYHbG5z9mj4H4dAJbzLuQ4": {
    "question_id": "KYHbG5z9mj4H4dAJbzLuQ4",
    "prediction": "dress",
    "actual": [
      "blue dress",
      "dress",
      "dress",
      "dress",
      "dress",
      "dress",
      "dress",
      "anklet",
      "ankle bracelet",
      "dress"
    ]
  },
  "KpXGPyoqZUqo76FaqZuNXF": {
    "question_id": "KpXGPyoqZUqo76FaqZuNXF",
    "prediction": "hotel",
    "actual": [
      "motel",
      "hotel",
      "motel",
      "hotel",
      "hotel",
      "hotel",
      "apartment",
      "master bedroom",
      "hotel",
      "house"
    ]
  },
  "KxDzK3TmVjHrd7PVRGf6AP": {
    "question_id": "KxDzK3TmVjHrd7PVRGf6AP",
    "prediction": "eating",
    "actual": [
      "eating",
      "pizza",
      "eating",
      "cutting food",
      "eat pizza",
      "eating",
      "to eat",
      "hot food",
      "eating",
      "eating pizza"
    ]
  },
  "MDyjdP8Esi9N3eEpLVuwx7": {
    "question_id": "MDyjdP8Esi9N3eEpLVuwx7",
    "prediction": "safety",
    "actual": [
      "safety",
      "horseback riding",
      "safety",
      "riding horse",
      "protection",
      "safety",
      "riding horse",
      "safety",
      "horse ride",
      "head safety"
    ]
  },
  "MLS7svNqmdHua7qB2dvKuq": {
    "question_id": "MLS7svNqmdHua7qB2dvKuq",
    "prediction": "tennis",
    "actual": [
      "wimbledon",
      "tennis",
      "tennis",
      "wimbledon",
      "wimbledon",
      "tennis",
      "tennis",
      "wimbledon",
      "wimbledon",
      "wimbledon"
    ]
  },
  "MvjdGpXqcdaADbsGwjo2Bm": {
    "question_id": "MvjdGpXqcdaADbsGwjo2Bm",
    "prediction": "poles",
    "actual": [
      "ski poles",
      "ski poles",
      "ski poles",
      "ski poles",
      "poles",
      "poles",
      "poles",
      "ski poles",
      "ski poles",
      "poles"
    ]
  },
  "NMaWJvLKEHntrF2zNxigMq": {
    "question_id": "NMaWJvLKEHntrF2zNxigMq",
    "prediction": "surf",
    "actual": [
      "surf",
      "surf",
      "surf",
      "surf",
      "surf",
      "body surf",
      "surf",
      "surf",
      "surf",
      "surf"
    ]
  },
  "PB2RjD5RMSqbGxT9c2cAwU": {
    "question_id": "PB2RjD5RMSqbGxT9c2cAwU",
    "prediction": "passengers",
    "actual": [
      "passengers",
      "cargo",
      "passengers",
      "passengers etc",
      "passengers",
      "people",
      "mail",
      "cargo",
      "coal",
      "people"
    ]
  },
  "PR3YdLbDHdwHNJENygZqBa": {
    "question_id": "PR3YdLbDHdwHNJENygZqBa",
    "prediction": "sunny",
    "actual": [
      "sunny",
      "sunny",
      "afternoon",
      "sunny",
      "sunny",
      "warm",
      "sunny",
      "dry",
      "sunny day",
      "sunny"
    ]
  },
  "QgbaJEnafjdsdWx5ReQAPn": {
    "question_id": "QgbaJEnafjdsdWx5ReQAPn",
    "prediction": "electricity",
    "actual": [
      "electricity",
      "electricity",
      "electric",
      "magnetic force",
      "electricity",
      "electric",
      "electric",
      "electricity",
      "electric",
      "electricity"
    ]
  },
  "Qqu6VC6u393vD5MFN4nLKC": {
    "question_id": "Qqu6VC6u393vD5MFN4nLKC",
    "prediction": "marriage",
    "actual": [
      "bond",
      "marriage",
      "marriage",
      "marriage",
      "marriage",
      "marriage",
      "marriage",
      "marriage",
      "marriage",
      "marriage"
    ]
  },
  "RhZ5i6awC44Si9nVyCzBst": {
    "question_id": "RhZ5i6awC44Si9nVyCzBst",
    "prediction": "pulling",
    "actual": [
      "travelling",
      "pulling",
      "pulling",
      "pulling",
      "pulling it",
      "pulling",
      "pulling it",
      "cart pulling",
      "riding someone",
      "pulling"
    ]
  },
  "SgSpH9dKik4F3kZ9pu2EbH": {
    "question_id": "SgSpH9dKik4F3kZ9pu2EbH",
    "prediction": "doughnuts",
    "actual": [
      "donuts",
      "donuts",
      "doughnuts",
      "donuts",
      "donuts",
      "donuts",
      "donuts",
      "donuts",
      "doughnuts",
      "doughnuts"
    ]
  },
  "SpnBQjkqymWyZ5gEzPTwKu": {
    "question_id": "SpnBQjkqymWyZ5gEzPTwKu",
    "prediction": "cow",
    "actual": [
      "cow",
      "cow",
      "cow",
      "cow",
      "cows",
      "cows",
      "cows",
      "cow",
      "cows",
      "cow"
    ]
  },
  "U3vN2kLcHwnX4WfdNGnvxW": {
    "question_id": "U3vN2kLcHwnX4WfdNGnvxW",
    "prediction": "ocean",
    "actual": [
      "ocean",
      "sea",
      "ocean",
      "ocean",
      "ocean",
      "ocean",
      "shore",
      "ocean",
      "shore",
      "shore"
    ]
  },
  "UYqcgLGSbQXzeDLUj6rZej": {
    "question_id": "UYqcgLGSbQXzeDLUj6rZej",
    "prediction": "tusk",
    "actual": [
      "tusk",
      "tusks",
      "tusks",
      "tusk",
      "tusk",
      "tusks",
      "tusk",
      "tusks",
      "tusk",
      "tusk"
    ]
  },
  "V4VjJ3eNtgQnM7ZvF2S3iL": {
    "question_id": "V4VjJ3eNtgQnM7ZvF2S3iL",
    "prediction": "mother",
    "actual": [
      "mother",
      "mother",
      "mother",
      "parent",
      "mother",
      "mother",
      "parent",
      "mother",
      "mother",
      "mother"
    ]
  },
  "VF8AXcb7aXEHcTu4ZWtQf6": {
    "question_id": "VF8AXcb7aXEHcTu4ZWtQf6",
    "prediction": "restaurant",
    "actual": [
      "restaurant",
      "pizzeria",
      "front entrance",
      "supreme",
      "restaurant",
      "restaurant",
      "pizzeria",
      "pizza restaurant",
      "pizza restaurant",
      "restaurant"
    ]
  },
  "VZg6oeEVpweNk9fihBXS8m": {
    "question_id": "VZg6oeEVpweNk9fihBXS8m",
    "prediction": "checkered",
    "actual": [
      "checkered",
      "checked boxes",
      "checkered",
      "checkerboard",
      "checkerboard",
      "checkboard",
      "checkerboard",
      "checkered",
      "checkerboard",
      "checkerboard"
    ]
  },
  "Va5KLsXWHujm6DtfGdHssS": {
    "question_id": "Va5KLsXWHujm6DtfGdHssS",
    "prediction": "afternoon",
    "actual": [
      "afternoon",
      "two",
      "afternoon",
      "two",
      "daytime",
      "afternoon",
      "afternoon",
      "afternoon",
      "afternoon",
      "afternoon"
    ]
  },
  "WRniXpa5KWfR7D85cwFASi": {
    "question_id": "WRniXpa5KWfR7D85cwFASi",
    "prediction": "nintendo wii",
    "actual": [
      "nintendo wii",
      "wii",
      "wii",
      "wii",
      "wii",
      "nintendo wii",
      "wii",
      "nintendo wii",
      "wii",
      "nintendo wii"
    ]
  },
  "XogitwSQqMuD3ABqp25hgF": {
    "question_id": "XogitwSQqMuD3ABqp25hgF",
    "prediction": "parallel",
    "actual": [
      "parallel",
      "street",
      "street",
      "parallel",
      "street",
      "street",
      "parallel",
      "street",
      "street",
      "street"
    ]
  },
  "YGzsjNW5NAbf7tFQeufc4e": {
    "question_id": "YGzsjNW5NAbf7tFQeufc4e",
    "prediction": "tusks",
    "actual": [
      "ears",
      "tusks",
      "tusks",
      "tusk",
      "tusks",
      "tusks brains",
      "tusks",
      "tusks",
      "tusks",
      "tusks"
    ]
  },
  "YkmMkPR5sqwoebanrtJNBw": {
    "question_id": "YkmMkPR5sqwoebanrtJNBw",
    "prediction": "wire",
    "actual": [
      "barbed wire",
      "wire fence",
      "barb wire",
      "bricks",
      "wire",
      "wire",
      "smooth wire",
      "wired",
      "wire",
      "wire"
    ]
  },
  "ZVHGXacRAzycGJbvaZL6WW": {
    "question_id": "ZVHGXacRAzycGJbvaZL6WW",
    "prediction": "lake",
    "actual": [
      "lake",
      "lake",
      "lake",
      "lake",
      "lake",
      "lake",
      "lake",
      "lake",
      "lake",
      "lake"
    ]
  },
  "bDXLr8CDvR6oDCL2xMHV3v": {
    "question_id": "bDXLr8CDvR6oDCL2xMHV3v",
    "prediction": "cheese",
    "actual": [
      "margherita",
      "cheese",
      "cheese",
      "cheese",
      "neapolitan pizza",
      "cheese",
      "cheese",
      "cheese spinach",
      "cheese",
      "margarita"
    ]
  },
  "bWUR6AzW6CejWi3EG2PZfT": {
    "question_id": "bWUR6AzW6CejWi3EG2PZfT",
    "prediction": "beer",
    "actual": [
      "alcohol",
      "beer",
      "beer",
      "alcohol",
      "beer",
      "beer",
      "alcohol",
      "beer",
      "beer",
      "beer"
    ]
  },
  "bp87frxTcBx6bA7KtzDFp7": {
    "question_id": "bp87frxTcBx6bA7KtzDFp7",
    "prediction": "street",
    "actual": [
      "street",
      "in road",
      "in street",
      "street",
      "street",
      "street",
      "street",
      "street",
      "migrating",
      "destination"
    ]
  },
  "bqgrwRMbZtGzixs99Lommf": {
    "question_id": "bqgrwRMbZtGzixs99Lommf",
    "prediction": "skateboard",
    "actual": [
      "skateboard",
      "skateboard",
      "skateboard",
      "skateboard",
      "skateboard",
      "skateboard",
      "skateboard",
      "skateboard",
      "skateboard",
      "skateboard"
    ]
  },
  "c4kK8bzsKvVyN2KzoAkKpT": {
    "question_id": "c4kK8bzsKvVyN2KzoAkKpT",
    "prediction": "love",
    "actual": [
      "love",
      "love",
      "hands",
      "affection",
      "love",
      "love",
      "romantic",
      "arousal",
      "love",
      "show kind"
    ]
  },
  "cpFBV7cMfv53fdwaaWiWGt": {
    "question_id": "cpFBV7cMfv53fdwaaWiWGt",
    "prediction": "refrigerator",
    "actual": [
      "kitchen",
      "refrigerator",
      "refrigerator",
      "refrigerator",
      "fridge",
      "refrigerator",
      "fridge",
      "fridge",
      "fridge",
      "refrigerator"
    ]
  },
  "da6PS4adVsfrcADUNQ8GMx": {
    "question_id": "da6PS4adVsfrcADUNQ8GMx",
    "prediction": "two",
    "actual": [
      "two",
      "one",
      "two",
      "two",
      "two",
      "three",
      "two",
      "two",
      "two",
      "two"
    ]
  },
  "dhJDsvTigyVh6W3kHQcMLa": {
    "question_id": "dhJDsvTigyVh6W3kHQcMLa",
    "prediction": "baby",
    "actual": [
      "baby",
      "baby",
      "baby",
      "baby",
      "baby",
      "baby",
      "baby",
      "baby",
      "baby",
      "baby"
    ]
  },
  "dvvTUCDA3wK4Q9KZKboPgg": {
    "question_id": "dvvTUCDA3wK4Q9KZKboPgg",
    "prediction": "smoke",
    "actual": [
      "steam",
      "smoke",
      "steam",
      "smoke",
      "steam",
      "smog",
      "smoke",
      "steam",
      "smoke",
      "steam"
    ]
  },
  "eB3RtTTsyXa6YKzPMrm4kd": {
    "question_id": "eB3RtTTsyXa6YKzPMrm4kd",
    "prediction": "wine",
    "actual": [
      "red wine",
      "wine",
      "wine",
      "red wine",
      "wine",
      "red wine",
      "wine",
      "wine",
      "red wine",
      "wine"
    ]
  },
  "eiLeNz2CFKYS7AFZDXrKEM": {
    "question_id": "eiLeNz2CFKYS7AFZDXrKEM",
    "prediction": "school",
    "actual": [
      "school",
      "school",
      "class",
      "school class",
      "school",
      "class",
      "school",
      "school class",
      "school",
      "school age"
    ]
  },
  "f5nsFmeqGkf4zfaSVk4ocX": {
    "question_id": "f5nsFmeqGkf4zfaSVk4ocX",
    "prediction": "daughter",
    "actual": [
      "daughter",
      "daughter",
      "daughter",
      "daughter",
      "daughter",
      "daughter",
      "daughter",
      "daughter",
      "daughter",
      "daughter"
    ]
  },
  "fVuz8FFvFG4BEFRwzT5Ppg": {
    "question_id": "fVuz8FFvFG4BEFRwzT5Ppg",
    "prediction": "balance",
    "actual": [
      "maintaining balance",
      "hailing cab",
      "balance himself",
      "for balance",
      "walking",
      "for balance",
      "balance",
      "balance",
      "balance",
      "carrying"
    ]
  },
  "fZVNJLSu2SxMramndCnER8": {
    "question_id": "fZVNJLSu2SxMramndCnER8",
    "prediction": "tennis",
    "actual": [
      "tennis ball",
      "tennis",
      "tennis",
      "tennis ball",
      "tennis",
      "tennis ball",
      "tennis",
      "tennis ball",
      "tennis ball",
      "tennis ball"
    ]
  },
  "fxWzXTapRBT3NJNiL9yuX6": {
    "question_id": "fxWzXTapRBT3NJNiL9yuX6",
    "prediction": "passengers",
    "actual": [
      "people waiting",
      "passengers",
      "loading",
      "passnegers",
      "passengers",
      "bike way",
      "blind",
      "travel",
      "passengers",
      "passengers"
    ]
  },
  "geoznuKRiPX5hf2he5EgpS": {
    "question_id": "geoznuKRiPX5hf2he5EgpS",
    "prediction": "three",
    "actual": [
      "three",
      "three",
      "three",
      "three",
      "three",
      "three",
      "three",
      "three",
      "three",
      "three"
    ]
  },
  "hB2doqSEEeky2XNUEHdz79": {
    "question_id": "hB2doqSEEeky2XNUEHdz79",
    "prediction": "grass",
    "actual": [
      "grass",
      "grass",
      "grass",
      "grass",
      "grass",
      "grass",
      "grass",
      "field",
      "grass",
      "grass"
    ]
  },
  "hJe5wYuE8Qr9uuzc9zahBx": {
    "question_id": "hJe5wYuE8Qr9uuzc9zahBx",
    "prediction": "bus",
    "actual": [
      "bus",
      "bus",
      "bus",
      "city bus",
      "bus",
      "bus",
      "passenger",
      "bus",
      "bus",
      "bus"
    ]
  },
  "hmfuC58r3K4Yg7EkMxJXXb": {
    "question_id": "hmfuC58r3K4Yg7EkMxJXXb",
    "prediction": "potato",
    "actual": [
      "potatoes",
      "potatoes",
      "potatoes",
      "potatoes",
      "potato",
      "potato",
      "potato",
      "potatoes",
      "potato",
      "potatoes"
    ]
  },
  "j4usZ4NoJf62hcBq4GCBc7": {
    "question_id": "j4usZ4NoJf62hcBq4GCBc7",
    "prediction": "chinese",
    "actual": [
      "japanese",
      "chinese",
      "asian",
      "chinese",
      "asian",
      "stirfry",
      "chinese",
      "chinese",
      "chinese",
      "asian"
    ]
  },
  "jJtrzZ4RRXKH8SSVmgw8tp": {
    "question_id": "jJtrzZ4RRXKH8SSVmgw8tp",
    "prediction": "field",
    "actual": [
      "field",
      "savannah",
      "field",
      "field",
      "wild",
      "wildanimal parks",
      "field",
      "savannah",
      "desert",
      "field"
    ]
  },
  "jQLQXdTab2NMEr4CHskSjQ": {
    "question_id": "jQLQXdTab2NMEr4CHskSjQ",
    "prediction": "motorcycle",
    "actual": [
      "moped",
      "motorcycle",
      "motorcycles",
      "motorcycle",
      "motorcycles",
      "motorcycles",
      "motorcycle",
      "motorcycles",
      "motorcycles",
      "motorcycle"
    ]
  },
  "jbdEbFFZDtMSrD3h32SFAp": {
    "question_id": "jbdEbFFZDtMSrD3h32SFAp",
    "prediction": "catch ball",
    "actual": [
      "to catch",
      "catching",
      "catch ball",
      "catch ball",
      "catch ball",
      "catch baseball",
      "protect hand",
      "ball catching",
      "catching ball",
      "baseball"
    ]
  },
  "jfuLWvGbtvRTnLYAPEE8pi": {
    "question_id": "jfuLWvGbtvRTnLYAPEE8pi",
    "prediction": "two",
    "actual": [
      "two",
      "two",
      "two",
      "two",
      "two",
      "two",
      "two",
      "two",
      "two",
      "two"
    ]
  },
  "jqhSWKF72XwtaJGZH7XbS9": {
    "question_id": "jqhSWKF72XwtaJGZH7XbS9",
    "prediction": "two",
    "actual": [
      "two",
      "two",
      "two",
      "two",
      "two",
      "two",
      "two",
      "two",
      "two",
      "two"
    ]
  },
  "mQ5TJVLswrNGGP3La64Erc": {
    "question_id": "mQ5TJVLswrNGGP3La64Erc",
    "prediction": "grazing",
    "actual": [
      "grazing",
      "eating",
      "feeding",
      "grazing",
      "grazing",
      "grazing",
      "grazing",
      "grazing",
      "grazing",
      "grazing"
    ]
  },
  "ma7Jzg4NKgXtp5cBVh4kFP": {
    "question_id": "ma7Jzg4NKgXtp5cBVh4kFP",
    "prediction": "bedroom",
    "actual": [
      "bedroom",
      "bedroom",
      "bedroom",
      "hotel room",
      "bedroom",
      "hotel",
      "hotel",
      "bedroom",
      "hotel",
      "bedroom"
    ]
  },
  "mcfejYn8zoagoF5VgNuR2F": {
    "question_id": "mcfejYn8zoagoF5VgNuR2F",
    "prediction": "wine",
    "actual": [
      "wine",
      "wine",
      "red wine",
      "wine",
      "wine",
      "wine",
      "wine",
      "red wine",
      "wine",
      "red wine"
    ]
  },
  "o7YUWt5CppEBSMU9tUszUZ": {
    "question_id": "o7YUWt5CppEBSMU9tUszUZ",
    "prediction": "rain",
    "actual": [
      "rain",
      "rainy day",
      "rainy day",
      "rainy day",
      "rain",
      "rain",
      "rain",
      "rain",
      "rain",
      "rain"
    ]
  },
  "o9RMCCdLoYDGb6oR8Z3yvi": {
    "question_id": "o9RMCCdLoYDGb6oR8Z3yvi",
    "prediction": "grass",
    "actual": [
      "dirt",
      "clay court",
      "concrete",
      "grass",
      "grass",
      "concrete",
      "clay",
      "grass",
      "clay",
      "tarmac"
    ]
  },
  "b6kMEJD9bLnsJksyGqZgcR": {
    "question_id": "b6kMEJD9bLnsJksyGqZgcR",
    "prediction": "united states",
    "actual": [
      "united states",
      "united states",
      "america",
      "usa",
      "america",
      "united states",
      "united states",
      "united states",
      "usa",
      "usa"
    ]
  },
  "F8Df2XjGi87XQBkJNa79Ka": {
    "question_id": "F8Df2XjGi87XQBkJNa79Ka",
    "prediction": "bakery",
    "actual": [
      "cake cutting",
      "birthday cakes",
      "bakery",
      "cake",
      "bakery",
      "bakery",
      "organization",
      "bakery",
      "bakery",
      "rainbow"
    ]
  },
  "Kn65sKCZq6EBQWNdQB469p": {
    "question_id": "Kn65sKCZq6EBQWNdQB469p",
    "prediction": "banana",
    "actual": [
      "big bananas",
      "banana",
      "banana",
      "bananas",
      "banana",
      "banana shop",
      "banana",
      "banana",
      "banana",
      "banana"
    ]
  },
  "RAq5ExoFdoDbbU97rvFYfZ": {
    "question_id": "RAq5ExoFdoDbbU97rvFYfZ",
    "prediction": "dodgers",
    "actual": [
      "dodgers",
      "dodger",
      "dodgers",
      "catching",
      "dodgers",
      "dodgers",
      "red",
      "team members",
      "playing hokky",
      "dodgers"
    ]
  },
  "RBTyZFjfaXXGuDBCesAqcV": {
    "question_id": "RBTyZFjfaXXGuDBCesAqcV",
    "prediction": "nike",
    "actual": [
      "nike",
      "funny",
      "nike",
      "nike",
      "nike",
      "games",
      "good",
      "running",
      "nike",
      "nike"
    ]
  }
}