{
  "22jbM6gDxdaMaunuzgrsBB": {
    "question_id": "22jbM6gDxdaMaunuzgrsBB",
    "prediction": "cigarette",
    "actual": "cigarette"
  },
  "2Aq5RiEn7eyfWjEbpuYT2o": {
    "question_id": "2Aq5RiEn7eyfWjEbpuYT2o",
    "prediction": "thirty",
    "actual": "thirty"
  },
  "2Br4bJfKY7SQM9DECrqqeG": {
    "question_id": "2Br4bJfKY7SQM9DECrqqeG",
    "prediction": "dirty",
    "actual": "dirty"
  },
  "2C8riXpRLX3CyM5jDz23m7": {
    "question_id": "2C8riXpRLX3CyM5jDz23m7",
    "prediction": "icing",
    "actual": "icing"
  },
  "2GhdXLaZFBYHSip4rvYKfK": {
    "question_id": "2GhdXLaZFBYHSip4rvYKfK",
    "prediction": "devil",
    "actual": "devil"
  },
  "2LCLpdpD3yy2dgH5tQbcFe": {
    "question_id": "2LCLpdpD3yy2dgH5tQbcFe",
    "prediction": "drying hair",
    "actual": "drying hair"
  },
  "2N5sYXgyFqbDnuUhJFAWr5": {
    "question_id": "2N5sYXgyFqbDnuUhJFAWr5",
    "prediction": "crowded",
    "actual": "crowded"
  },
  "2RN4dwhRZR3ZSKHtRnJdX3": {
    "question_id": "2RN4dwhRZR3ZSKHtRnJdX3",
    "prediction": "united states",
    "actual": "united states"
  },
  "2U3SiXdyEgJBHNThL4YbPz": {
    "question_id": "2U3SiXdyEgJBHNThL4YbPz",
    "prediction": "candle",
    "actual": "candle"
  },
  "2oPzCyj5FjrKtBLjGZH2rF": {
    "question_id": "2oPzCyj5FjrKtBLjGZH2rF",
    "prediction": "american",
    "actual": "american"
  },
  "2rC38fZh4n6ZXcyrUEKukj": {
    "question_id": "2rC38fZh4n6ZXcyrUEKukj",
    "prediction": "books",
    "actual": "books"
  },
  "2sUggWn8qBk97E38wKpjN5": {
    "question_id": "2sUggWn8qBk97E38wKpjN5",
    "prediction": "afternoon",
    "actual": "afternoon"
  },
  "2wbNBVZMGZnVpYohDAed8d": {
    "question_id": "2wbNBVZMGZnVpYohDAed8d",
    "prediction": "date",
    "actual": "date"
  },
  "2xDeTCXSRqdhvREBDhHsMx": {
    "question_id": "2xDeTCXSRqdhvREBDhHsMx",
    "prediction": "fondant",
    "actual": "fondant"
  },
  "2zTqTkKqa89GUKLzMUkDic": {
    "question_id": "2zTqTkKqa89GUKLzMUkDic",
    "prediction": "human",
    "actual": "human"
  },
  "34ah8AmQenWUyH2fZvJH7a": {
    "question_id": "34ah8AmQenWUyH2fZvJH7a",
    "prediction": "ski resort",
    "actual": "ski resort"
  },
  "399Vdu2QjamF3vheUvbRg2": {
    "question_id": "399Vdu2QjamF3vheUvbRg2",
    "prediction": "air",
    "actual": "air"
  },
  "39CcpmwATuiwiZLZo3XMuv": {
    "question_id": "39CcpmwATuiwiZLZo3XMuv",
    "prediction": "down",
    "actual": "down"
  },
  "3R6SnZ4MRGXXvao5ARVE8e": {
    "question_id": "3R6SnZ4MRGXXvao5ARVE8e",
    "prediction": "air traffic",
    "actual": "air traffic"
  },
  "3asRExdxmWQtJw4sv49AGZ": {
    "question_id": "3asRExdxmWQtJw4sv49AGZ",
    "prediction": "closed doors",
    "actual": "closed doors"
  },
  "3ef8KXbKoJaJZyVmxVZMaq": {
    "question_id": "3ef8KXbKoJaJZyVmxVZMaq",
    "prediction": "happy birthday",
    "actual": "happy birthday"
  },
  "49CisPCc2LiA5TUAdHZgXe": {
    "question_id": "49CisPCc2LiA5TUAdHZgXe",
    "prediction": "dog",
    "actual": "dog"
  },
  "4BFN6MtJcaFzpccm3UwZva": {
    "question_id": "4BFN6MtJcaFzpccm3UwZva",
    "prediction": "bathroom",
    "actual": "bathroom"
  },
  "4FBqxbmT4zCDwWzm3gH7LY": {
    "question_id": "4FBqxbmT4zCDwWzm3gH7LY",
    "prediction": "meat",
    "actual": "meat"
  },
  "4YvFMFoDw46kzXhajSgc9W": {
    "question_id": "4YvFMFoDw46kzXhajSgc9W",
    "prediction": "to eat",
    "actual": "to eat"
  },
  "4Z7WvuLTj7VUpVtLL2W2g7": {
    "question_id": "4Z7WvuLTj7VUpVtLL2W2g7",
    "prediction": "bathroom",
    "actual": "bathroom"
  },
  "4cdYbJFFeKXJr6LbKgcxTa": {
    "question_id": "4cdYbJFFeKXJr6LbKgcxTa",
    "prediction": "city",
    "actual": "city"
  },
  "4iV8UfNJs7Wy6XAt9SHMVJ": {
    "question_id": "4iV8UfNJs7Wy6XAt9SHMVJ",
    "prediction": "bedroom",
    "actual": "bedroom"
  },
  "4jnshoBeGDGmRjspTuvr29": {
    "question_id": "4jnshoBeGDGmRjspTuvr29",
    "prediction": "dirt bikes",
    "actual": "dirt bikes"
  },
  "4mgcpzD4d6adkPQP7cxg54": {
    "question_id": "4mgcpzD4d6adkPQP7cxg54",
    "prediction": "new york",
    "actual": "new york"
  },
  "4wVv7CDVuQNaz7LLHDg89t": {
    "question_id": "4wVv7CDVuQNaz7LLHDg89t",
    "prediction": "bicycle",
    "actual": "bicycle"
  },
  "4yd2xqYxWenwSYEucHnNXR": {
    "question_id": "4yd2xqYxWenwSYEucHnNXR",
    "prediction": "france",
    "actual": "france"
  },
  "4yq3AnREQ4PP7MXMWvBb5a": {
    "question_id": "4yq3AnREQ4PP7MXMWvBb5a",
    "prediction": "christmas",
    "actual": "christmas"
  },
  "5AhBQW2ucGSwJbPTtXHTFd": {
    "question_id": "5AhBQW2ucGSwJbPTtXHTFd",
    "prediction": "cars",
    "actual": "cars"
  },
  "5LTzpByXwsWGViYAXqiVEX": {
    "question_id": "5LTzpByXwsWGViYAXqiVEX",
    "prediction": "tennis balls",
    "actual": "tennis balls"
  },
  "5NysKUokKJcrFfUcBbr9Vo": {
    "question_id": "5NysKUokKJcrFfUcBbr9Vo",
    "prediction": "crashing",
    "actual": "crashing"
  },
  "5Re4MQxw5XwLbQQzqQVZcV": {
    "question_id": "5Re4MQxw5XwLbQQzqQVZcV",
    "prediction": "soup",
    "actual": "soup"
  },
  "5S32A279iAfRetbkeWJd77": {
    "question_id": "5S32A279iAfRetbkeWJd77",
    "prediction": "two-wheeler",
    "actual": "two-wheeler"
  },
  "5aRkxnYoakzDQFyDGb9qJ2": {
    "question_id": "5aRkxnYoakzDQFyDGb9qJ2",
    "prediction": "jessica biel",
    "actual": "jessica biel"
  },
  "5gQSkSh2eK3ZZ8bEyweBiA": {
    "question_id": "5gQSkSh2eK3ZZ8bEyweBiA",
    "prediction": "travel",
    "actual": "travel"
  },
  "5oBisjqVjcXEXGkd2uKPDe": {
    "question_id": "5oBisjqVjcXEXGkd2uKPDe",
    "prediction": "phone",
    "actual": "phone"
  },
  "5wfUGvXtyEw22kABjGaHxT": {
    "question_id": "5wfUGvXtyEw22kABjGaHxT",
    "prediction": "fish",
    "actual": "fish"
  },
  "64o6jMUzFmawogFAYnhNoh": {
    "question_id": "64o6jMUzFmawogFAYnhNoh",
    "prediction": "camouflage",
    "actual": "camouflage"
  },
  "66abRGQG535WgzgU5Ue9ru": {
    "question_id": "66abRGQG535WgzgU5Ue9ru",
    "prediction": "home",
    "actual": "home"
  },
  "6J2yw53YiEDoNpMSt9mSsC": {
    "question_id": "6J2yw53YiEDoNpMSt9mSsC",
    "prediction": "meeting",
    "actual": "meeting"
  },
  "6LfBvcynQvD7BaU3CCvfNG": {
    "question_id": "6LfBvcynQvD7BaU3CCvfNG",
    "prediction": "building",
    "actual": "building"
  },
  "6Ps8BgA4pbvK4eKToCDQqu": {
    "question_id": "6Ps8BgA4pbvK4eKToCDQqu",
    "prediction": "fireplace",
    "actual": "fireplace"
  },
  "6SYTPwk8BEHMp486oLsFgw": {
    "question_id": "6SYTPwk8BEHMp486oLsFgw",
    "prediction": "new york",
    "actual": "new york"
  },
  "6bXnCzchqyDdBZcBGGNbmm": {
    "question_id": "6bXnCzchqyDdBZcBGGNbmm",
    "prediction": "commercial",
    "actual": "commercial"
  },
  "6kgVidVJRysLz6Rx3eNBZi": {
    "question_id": "6kgVidVJRysLz6Rx3eNBZi",
    "prediction": "home",
    "actual": "home"
  },
  "6kpEuXnXz4ghWMLLBcRjmf": {
    "question_id": "6kpEuXnXz4ghWMLLBcRjmf",
    "prediction": "parking",
    "actual": "parking"
  },
  "6kv3CWDoRDsm2DnUCHRgmk": {
    "question_id": "6kv3CWDoRDsm2DnUCHRgmk",
    "prediction": "home",
    "actual": "home"
  },
  "6nV6KKMbWYsw8Rv9Sw7k2N": {
    "question_id": "6nV6KKMbWYsw8Rv9Sw7k2N",
    "prediction": "xena",
    "actual": "xena"
  },
  "6pLYuYn5suAGgoBgJ4Z6HC": {
    "question_id": "6pLYuYn5suAGgoBgJ4Z6HC",
    "prediction": "show performance",
    "actual": "show performance"
  },
  "6pTSACKywJKkVRa7WGmzKe": {
    "question_id": "6pTSACKywJKkVRa7WGmzKe",
    "prediction": "green",
    "actual": "green"
  },
  "6phsfhJ9iw5j6nYTpVBd9A": {
    "question_id": "6phsfhJ9iw5j6nYTpVBd9A",
    "prediction": "grandparents",
    "actual": "grandparents"
  },
  "6vnibNuMQyy5nWAxNEGTgj": {
    "question_id": "6vnibNuMQyy5nWAxNEGTgj",
    "prediction": "alcohol",
    "actual": "alcohol"
  },
  "6xTMCHe4ABbm6NDntoEkLJ": {
    "question_id": "6xTMCHe4ABbm6NDntoEkLJ",
    "prediction": "palm tree",
    "actual": "palm tree"
  },
  "74CMNF7KTeAFsXza5GJLGb": {
    "question_id": "74CMNF7KTeAFsXza5GJLGb",
    "prediction": "school",
    "actual": "school"
  },
  "764XKetFB6T3wsiABqc79e": {
    "question_id": "764XKetFB6T3wsiABqc79e",
    "prediction": "triangles",
    "actual": "triangles"
  },
  "767TWXi3wYjFiBX3YXyMuU": {
    "question_id": "767TWXi3wYjFiBX3YXyMuU",
    "prediction": "frosting",
    "actual": "frosting"
  },
  "79yRxKFXwWZZiCBAHtJqeE": {
    "question_id": "79yRxKFXwWZZiCBAHtJqeE",
    "prediction": "twentieth",
    "actual": "twentieth"
  },
  "7DWnTRkU9e86XMwb7QqxYd": {
    "question_id": "7DWnTRkU9e86XMwb7QqxYd",
    "prediction": "grill",
    "actual": "grill"
  },
  "7Hndh7JzZ7BizC4XDSV5Z5": {
    "question_id": "7Hndh7JzZ7BizC4XDSV5Z5",
    "prediction": "housecat",
    "actual": "housecat"
  },
  "7L2zGA6XFJrPCfLJCwBrww": {
    "question_id": "7L2zGA6XFJrPCfLJCwBrww",
    "prediction": "grazing",
    "actual": "grazing"
  },
  "7NXz8t4QzQWvJzpHqfPzRw": {
    "question_id": "7NXz8t4QzQWvJzpHqfPzRw",
    "prediction": "spectating",
    "actual": "spectating"
  },
  "7NxakvvZZEHKsh8MbNHHvz": {
    "question_id": "7NxakvvZZEHKsh8MbNHHvz",
    "prediction": "mason jar",
    "actual": "mason jar"
  },
  "7RjA6a3CFR8w5fVRc8Arji": {
    "question_id": "7RjA6a3CFR8w5fVRc8Arji",
    "prediction": "vegetarian",
    "actual": "vegetarian"
  },
  "7ViVwUt2pnJxqcZoeTc4TR": {
    "question_id": "7ViVwUt2pnJxqcZoeTc4TR",
    "prediction": "bananas",
    "actual": "bananas"
  },
  "7hKGdKpiEqfqB8dEeAw9hu": {
    "question_id": "7hKGdKpiEqfqB8dEeAw9hu",
    "prediction": "rain",
    "actual": "rain"
  },
  "7pAKkw446jdqTk9peDKjyY": {
    "question_id": "7pAKkw446jdqTk9peDKjyY",
    "prediction": "basement",
    "actual": "basement"
  },
  "7xotSD89TZKNHK4rMZLzfo": {
    "question_id": "7xotSD89TZKNHK4rMZLzfo",
    "prediction": "aquatic",
    "actual": "aquatic"
  },
  "82bLyanbdDeEq6mkVa3YGM": {
    "question_id": "82bLyanbdDeEq6mkVa3YGM",
    "prediction": "usa",
    "actual": "usa"
  },
  "859iiHHEi5eRJHipVattDU": {
    "question_id": "859iiHHEi5eRJHipVattDU",
    "prediction": "tennis",
    "actual": "tennis"
  },
  "87sGM3r7nnhwncMAKMtbuo": {
    "question_id": "87sGM3r7nnhwncMAKMtbuo",
    "prediction": "laptop",
    "actual": "laptop"
  },
  "8HQ9sy9TdK4XZffkkhmtRW": {
    "question_id": "8HQ9sy9TdK4XZffkkhmtRW",
    "prediction": "tusks",
    "actual": "tusks"
  },
  "8KFq64eMdw4qeAp2JXe96r": {
    "question_id": "8KFq64eMdw4qeAp2JXe96r",
    "prediction": "waiting room",
    "actual": "waiting room"
  },
  "8MrFkkmRAk7E8ccS8FPZ8S": {
    "question_id": "8MrFkkmRAk7E8ccS8FPZ8S",
    "prediction": "to ride",
    "actual": "to ride"
  },
  "8PZriuWuwokXCriqVBZwSJ": {
    "question_id": "8PZriuWuwokXCriqVBZwSJ",
    "prediction": "train tracks",
    "actual": "train tracks"
  },
  "8Q69Bei8UReA69MSuQAcLT": {
    "question_id": "8Q69Bei8UReA69MSuQAcLT",
    "prediction": "picture",
    "actual": "picture"
  },
  "8R6BwQYURjKQu4FPYr8TpL": {
    "question_id": "8R6BwQYURjKQu4FPYr8TpL",
    "prediction": "seattle",
    "actual": "seattle"
  },
  "8SzR5UpGtrsFWoxheZ9SkE": {
    "question_id": "8SzR5UpGtrsFWoxheZ9SkE",
    "prediction": "nintendo wii",
    "actual": "nintendo wii"
  },
  "8qqTsLQFXdEDT9oeVgZekp": {
    "question_id": "8qqTsLQFXdEDT9oeVgZekp",
    "prediction": "water",
    "actual": "water"
  },
  "93rpK9LLNQ8xmAPrEGm3rv": {
    "question_id": "93rpK9LLNQ8xmAPrEGm3rv",
    "prediction": "stone",
    "actual": "stone"
  },
  "99Ra8z27K9FLU2u5acKAqp": {
    "question_id": "99Ra8z27K9FLU2u5acKAqp",
    "prediction": "rail",
    "actual": "rail"
  },
  "99VEZ5bvSGBLWtkpJiAAXg": {
    "question_id": "99VEZ5bvSGBLWtkpJiAAXg",
    "prediction": "eating",
    "actual": "eating"
  },
  "9Fvp6un9Bh9va6z5nz9k74": {
    "question_id": "9Fvp6un9Bh9va6z5nz9k74",
    "prediction": "commercial",
    "actual": "commercial"
  },
  "9HoQP5bpke2rstGjD8AG7Y": {
    "question_id": "9HoQP5bpke2rstGjD8AG7Y",
    "prediction": "stove/oven",
    "actual": "stove/oven"
  },
  "9TJtRYnGa8xr8CF67M5Mof": {
    "question_id": "9TJtRYnGa8xr8CF67M5Mof",
    "prediction": "cats",
    "actual": "cats"
  },
  "9VR7RNoJkVj6AWsYtwpDz7": {
    "question_id": "9VR7RNoJkVj6AWsYtwpDz7",
    "prediction": "nutritionist",
    "actual": "nutritionist"
  },
  "9agpK8NJBKhb2vcWiKXRi7": {
    "question_id": "9agpK8NJBKhb2vcWiKXRi7",
    "prediction": "water",
    "actual": "water"
  },
  "9d7StqUZPtRBbHjSDFwwqa": {
    "question_id": "9d7StqUZPtRBbHjSDFwwqa",
    "prediction": "classmates",
    "actual": "classmates"
  },
  "9m5dBgT3PJrhWRCDg9ee2z": {
    "question_id": "9m5dBgT3PJrhWRCDg9ee2z",
    "prediction": "passenger",
    "actual": "passenger"
  },
  "9mBjXaxYD4jzJptHzwbeYW": {
    "question_id": "9mBjXaxYD4jzJptHzwbeYW",
    "prediction": "paper",
    "actual": "paper"
  },
  "9sqHw3RioVzmBGcxbMqBDM": {
    "question_id": "9sqHw3RioVzmBGcxbMqBDM",
    "prediction": "brown",
    "actual": "brown"
  },
  "9wkHkHDXGGtbJwvLAcXSVs": {
    "question_id": "9wkHkHDXGGtbJwvLAcXSVs",
    "prediction": "toaster",
    "actual": "toaster"
  },
  "A7MATFYMiNxpWLN7ucoWmS": {
    "question_id": "A7MATFYMiNxpWLN7ucoWmS",
    "prediction": "basement",
    "actual": "basement"
  },
  "AGorRcu8xFxfMHzdj6nxuV": {
    "question_id": "AGorRcu8xFxfMHzdj6nxuV",
    "prediction": "air",
    "actual": "air"
  },
  "AHYLVWQ4whMVkWeDJiisi9": {
    "question_id": "AHYLVWQ4whMVkWeDJiisi9",
    "prediction": "beach",
    "actual": "beach"
  },
  "ANKUidMb7wYYN6GuJ8eERw": {
    "question_id": "ANKUidMb7wYYN6GuJ8eERw",
    "prediction": "fridge",
    "actual": "fridge"
  },
  "AR5jScMLqmYDjzmKHxKzMT": {
    "question_id": "AR5jScMLqmYDjzmKHxKzMT",
    "prediction": "holiday dinner",
    "actual": "holiday dinner"
  },
  "AXvcbZSCWScQ9hb4hjB4si": {
    "question_id": "AXvcbZSCWScQ9hb4hjB4si",
    "prediction": "spiderman",
    "actual": "spiderman"
  },
  "AYNy264QNVzJ6rgeCkW4SU": {
    "question_id": "AYNy264QNVzJ6rgeCkW4SU",
    "prediction": "throw ball",
    "actual": "throw ball"
  },
  "AhrmUB8LFNXLkpiLGaaAuY": {
    "question_id": "AhrmUB8LFNXLkpiLGaaAuY",
    "prediction": "reach",
    "actual": "reach"
  },
  "AiqztJZtJ4dNX7XYnu8rYU": {
    "question_id": "AiqztJZtJ4dNX7XYnu8rYU",
    "prediction": "cow",
    "actual": "cow"
  },
  "AvkwREzm6e6NBB6ERwG4ws": {
    "question_id": "AvkwREzm6e6NBB6ERwG4ws",
    "prediction": "wimbledon",
    "actual": "wimbledon"
  },
  "B725pHrrknZKDAqoLBjeof": {
    "question_id": "B725pHrrknZKDAqoLBjeof",
    "prediction": "apple",
    "actual": "apple"
  },
  "BJxwGHyivgHAjykCUoSUXo": {
    "question_id": "BJxwGHyivgHAjykCUoSUXo",
    "prediction": "grocery store",
    "actual": "grocery store"
  },
  "BNpoJaz9Qu7KQ87FoFfRab": {
    "question_id": "BNpoJaz9Qu7KQ87FoFfRab",
    "prediction": "plowing",
    "actual": "plowing"
  },
  "BPPnGELjMEGtrmqgkrBt6V": {
    "question_id": "BPPnGELjMEGtrmqgkrBt6V",
    "prediction": "bakery",
    "actual": "bakery"
  },
  "BWmRhAFKF4KHK6QqPKS5Q3": {
    "question_id": "BWmRhAFKF4KHK6QqPKS5Q3",
    "prediction": "trash",
    "actual": "trash"
  },
  "Bja27MQDKfkiPDd5iSER6Q": {
    "question_id": "Bja27MQDKfkiPDd5iSER6Q",
    "prediction": "missed",
    "actual": "missed"
  },
  "Bq4zFDne6edPRs7sBBMEad": {
    "question_id": "Bq4zFDne6edPRs7sBBMEad",
    "prediction": "oranges",
    "actual": "oranges"
  },
  "Bu9pF6sWajjGr6XDi4rb63": {
    "question_id": "Bu9pF6sWajjGr6XDi4rb63",
    "prediction": "trees",
    "actual": "trees"
  },
  "C9AXp35Pm8iw5MANqbWmyR": {
    "question_id": "C9AXp35Pm8iw5MANqbWmyR",
    "prediction": "game",
    "actual": "game"
  },
  "CMPt5xfqSyHQoFockxCWux": {
    "question_id": "CMPt5xfqSyHQoFockxCWux",
    "prediction": "rain",
    "actual": "rain"
  },
  "CQ7rcUkY5B9MZfB9yoU6ei": {
    "question_id": "CQ7rcUkY5B9MZfB9yoU6ei",
    "prediction": "underground",
    "actual": "underground"
  },
  "CTrTbwL2BtnQqY9vjiEiFF": {
    "question_id": "CTrTbwL2BtnQqY9vjiEiFF",
    "prediction": "wine",
    "actual": "wine"
  },
  "CTzwocs3uGc2GjPFZG425g": {
    "question_id": "CTzwocs3uGc2GjPFZG425g",
    "prediction": "britain",
    "actual": "britain"
  },
  "CVVWeSyTpmWdozRWra6qbu": {
    "question_id": "CVVWeSyTpmWdozRWra6qbu",
    "prediction": "city",
    "actual": "city"
  },
  "CZgeF3Cuso4bf9DbbmxZan": {
    "question_id": "CZgeF3Cuso4bf9DbbmxZan",
    "prediction": "man",
    "actual": "man"
  },
  "CcD6HgxREVqanqLnSysBTr": {
    "question_id": "CcD6HgxREVqanqLnSysBTr",
    "prediction": "sweet",
    "actual": "sweet"
  },
  "Ce788SudmyHCPCCvyXs2kW": {
    "question_id": "Ce788SudmyHCPCCvyXs2kW",
    "prediction": "osaka",
    "actual": "osaka"
  },
  "Cr6fmmEARGDPSbQvpNN4xY": {
    "question_id": "Cr6fmmEARGDPSbQvpNN4xY",
    "prediction": "none",
    "actual": "none"
  },
  "CrTrpTaqCFB2AYxne8FFyw": {
    "question_id": "CrTrpTaqCFB2AYxne8FFyw",
    "prediction": "motorcycle",
    "actual": "motorcycle"
  },
  "D6q9dXSUpTBgDkWi7e7dYS": {
    "question_id": "D6q9dXSUpTBgDkWi7e7dYS",
    "prediction": "banana split",
    "actual": "banana split"
  },
  "DKLAWnnRuvz8p7UrHGzQzK": {
    "question_id": "DKLAWnnRuvz8p7UrHGzQzK",
    "prediction": "airport",
    "actual": "airport"
  },
  "DR94rYWve8KwpGjAtovqZt": {
    "question_id": "DR94rYWve8KwpGjAtovqZt",
    "prediction": "spiderman",
    "actual": "spiderman"
  },
  "DYEPfA4NaMDK8Dj5qW7AAE": {
    "question_id": "DYEPfA4NaMDK8Dj5qW7AAE",
    "prediction": "living room",
    "actual": "living room"
  },
  "DbQuf7wY2JtaK4aonapJXt": {
    "question_id": "DbQuf7wY2JtaK4aonapJXt",
    "prediction": "singing",
    "actual": "singing"
  },
  "DbTAWKt7kZTzG8Xsa36K6R": {
    "question_id": "DbTAWKt7kZTzG8Xsa36K6R",
    "prediction": "food",
    "actual": "food"
  },
  "DcKwtSxfdjTch9RvAuEpNH": {
    "question_id": "DcKwtSxfdjTch9RvAuEpNH",
    "prediction": "residential",
    "actual": "residential"
  },
  "DhYoususnAa6GHBnV7UkZ7": {
    "question_id": "DhYoususnAa6GHBnV7UkZ7",
    "prediction": "keyboard",
    "actual": "keyboard"
  },
  "DjXHKc7B4xBT6qMsDFXXjt": {
    "question_id": "DjXHKc7B4xBT6qMsDFXXjt",
    "prediction": "tea lights",
    "actual": "tea lights"
  },
  "DwKTiqQxFH5Ei2cQGR3Y9U": {
    "question_id": "DwKTiqQxFH5Ei2cQGR3Y9U",
    "prediction": "wok",
    "actual": "wok"
  },
  "E2Vuut5upXHFFVxEk8kHvM": {
    "question_id": "E2Vuut5upXHFFVxEk8kHvM",
    "prediction": "class",
    "actual": "class"
  },
  "E6oDJ9maBhuvp2wvnBXfCH": {
    "question_id": "E6oDJ9maBhuvp2wvnBXfCH",
    "prediction": "peeler",
    "actual": "peeler"
  },
  "E7LafAUEeJM9NiMjemXwRW": {
    "question_id": "E7LafAUEeJM9NiMjemXwRW",
    "prediction": "zebra",
    "actual": "zebra"
  },
  "E9Tea7kyCg7eW4bPeT5W83": {
    "question_id": "E9Tea7kyCg7eW4bPeT5W83",
    "prediction": "beer",
    "actual": "beer"
  },
  "EAWGdocBoaqPxLQuJ3UJb6": {
    "question_id": "EAWGdocBoaqPxLQuJ3UJb6",
    "prediction": "fall-winter",
    "actual": "fall-winter"
  },
  "EAYTJseBUauGLMkCTZdhtU": {
    "question_id": "EAYTJseBUauGLMkCTZdhtU",
    "prediction": "girl man",
    "actual": "girl man"
  },
  "EF29EeN2WxPcuEMDavijXb": {
    "question_id": "EF29EeN2WxPcuEMDavijXb",
    "prediction": "road",
    "actual": "road"
  },
  "ETucTwACABQrgrZujBsiQq": {
    "question_id": "ETucTwACABQrgrZujBsiQq",
    "prediction": "forehand",
    "actual": "forehand"
  },
  "ETvPS6xXYPupruZTU3pf3F": {
    "question_id": "ETvPS6xXYPupruZTU3pf3F",
    "prediction": "intersection",
    "actual": "intersection"
  },
  "EbanZVDGxGTAinaVAiseKZ": {
    "question_id": "EbanZVDGxGTAinaVAiseKZ",
    "prediction": "four",
    "actual": "four"
  },
  "EsctZHEwzyvi6A7K55acJq": {
    "question_id": "EsctZHEwzyvi6A7K55acJq",
    "prediction": "clothing",
    "actual": "clothing"
  },
  "EueF8ShbQJHpynE7TdNGRG": {
    "question_id": "EueF8ShbQJHpynE7TdNGRG",
    "prediction": "shoes",
    "actual": "shoes"
  },
  "F92aSsSv7ZAtXnGBVREhqq": {
    "question_id": "F92aSsSv7ZAtXnGBVREhqq",
    "prediction": "breakfast",
    "actual": "breakfast"
  },
  "FCXFfhVqdfimMXqx3Vx8b5": {
    "question_id": "FCXFfhVqdfimMXqx3Vx8b5",
    "prediction": "zebra",
    "actual": "zebra"
  },
  "FFw7axjcwgXQxHygov52fm": {
    "question_id": "FFw7axjcwgXQxHygov52fm",
    "prediction": "skateboard",
    "actual": "skateboard"
  },
  "FG6kmHCaikmwGGpw9RhpSD": {
    "question_id": "FG6kmHCaikmwGGpw9RhpSD",
    "prediction": "employee",
    "actual": "employee"
  },
  "FHmsKMqftMV2bbhT63TCep": {
    "question_id": "FHmsKMqftMV2bbhT63TCep",
    "prediction": "knife",
    "actual": "knife"
  },
  "FHq2UjmQmmZbCvD4wDJwjH": {
    "question_id": "FHq2UjmQmmZbCvD4wDJwjH",
    "prediction": "fashion",
    "actual": "fashion"
  },
  "FQuJEPNnrznkjkvyN4UbUR": {
    "question_id": "FQuJEPNnrznkjkvyN4UbUR",
    "prediction": "new york",
    "actual": "new york"
  },
  "FWFywCJZaAGVJa2FAuwqyP": {
    "question_id": "FWFywCJZaAGVJa2FAuwqyP",
    "prediction": "polo",
    "actual": "polo"
  },
  "FWokXQxyNdSctoKKriQTqh": {
    "question_id": "FWokXQxyNdSctoKKriQTqh",
    "prediction": "rain",
    "actual": "rain"
  },
  "FWxu3Lu6FiTr37WCUXdKM9": {
    "question_id": "FWxu3Lu6FiTr37WCUXdKM9",
    "prediction": "selfie",
    "actual": "selfie"
  },
  "Fah5Jtkg728bXGLKKjgwjV": {
    "question_id": "Fah5Jtkg728bXGLKKjgwjV",
    "prediction": "sports car",
    "actual": "sports car"
  },
  "Fg53NYDDkdBe9AAbXNb5df": {
    "question_id": "Fg53NYDDkdBe9AAbXNb5df",
    "prediction": "bicycle",
    "actual": "bicycle"
  },
  "Fr2NzFhfutw8k7CpoAGnW8": {
    "question_id": "Fr2NzFhfutw8k7CpoAGnW8",
    "prediction": "two",
    "actual": "two"
  },
  "FtGwEGsss4Cqe38LrFBgj3": {
    "question_id": "FtGwEGsss4Cqe38LrFBgj3",
    "prediction": "home",
    "actual": "home"
  },
  "G7durJhNy8kAYScbWXjvyQ": {
    "question_id": "G7durJhNy8kAYScbWXjvyQ",
    "prediction": "ranch",
    "actual": "ranch"
  },
  "GRTvSEaPgGtjRGvoED7S5E": {
    "question_id": "GRTvSEaPgGtjRGvoED7S5E",
    "prediction": "teapot",
    "actual": "teapot"
  },
  "GfXMvDmY2rQYcnA8kLrFvf": {
    "question_id": "GfXMvDmY2rQYcnA8kLrFvf",
    "prediction": "sneakers",
    "actual": "sneakers"
  },
  "GhbDi6TH7F8tykDJvovapH": {
    "question_id": "GhbDi6TH7F8tykDJvovapH",
    "prediction": "time lapse",
    "actual": "time lapse"
  },
  "GhbJVpKaUP7PmgNUiwq2VA": {
    "question_id": "GhbJVpKaUP7PmgNUiwq2VA",
    "prediction": "green",
    "actual": "green"
  },
  "GuEXoRNmgAED6SJqUXtHhA": {
    "question_id": "GuEXoRNmgAED6SJqUXtHhA",
    "prediction": "cow",
    "actual": "cow"
  },
  "GzEbcQExF4cHmrhk7rdnce": {
    "question_id": "GzEbcQExF4cHmrhk7rdnce",
    "prediction": "nintendo wii",
    "actual": "nintendo wii"
  },
  "GzwDohFGAzDgkHBGFKfCTF": {
    "question_id": "GzwDohFGAzDgkHBGFKfCTF",
    "prediction": "keypad",
    "actual": "keypad"
  },
  "GzzLtA4SHJS9ymFa6Zrw77": {
    "question_id": "GzzLtA4SHJS9ymFa6Zrw77",
    "prediction": "backhand",
    "actual": "backhand"
  },
  "H4vJVSnFkLQaJVgHbJSVob": {
    "question_id": "H4vJVSnFkLQaJVgHbJSVob",
    "prediction": "to transport",
    "actual": "to transport"
  },
  "H5BWeWuYriU6bmUwUPKtGE": {
    "question_id": "H5BWeWuYriU6bmUwUPKtGE",
    "prediction": "glass",
    "actual": "glass"
  },
  "H6NnKaLeBganALK78FdQq7": {
    "question_id": "H6NnKaLeBganALK78FdQq7",
    "prediction": "united states",
    "actual": "united states"
  },
  "H7Pz5njX8cDqfXoLU546ym": {
    "question_id": "H7Pz5njX8cDqfXoLU546ym",
    "prediction": "stroud uk",
    "actual": "stroud uk"
  },
  "H7QnkgRHJJYQpjyyG3Szfc": {
    "question_id": "H7QnkgRHJJYQpjyyG3Szfc",
    "prediction": "handle",
    "actual": "handle"
  },
  "H84RC5rtsFPxCmNS27jbHf": {
    "question_id": "H84RC5rtsFPxCmNS27jbHf",
    "prediction": "smoke",
    "actual": "smoke"
  },
  "H8bbnrXJwvzCPyGsK48h8c": {
    "question_id": "H8bbnrXJwvzCPyGsK48h8c",
    "prediction": "conference room",
    "actual": "conference room"
  },
  "HGUuQneRyMcmypY3dX7XUi": {
    "question_id": "HGUuQneRyMcmypY3dX7XUi",
    "prediction": "pickles",
    "actual": "pickles"
  },
  "HJsZ5ZgnFUZ4Sik8UzeCYY": {
    "question_id": "HJsZ5ZgnFUZ4Sik8UzeCYY",
    "prediction": "left",
    "actual": "left"
  },
  "HM4obw9fQyb3aPheZjgtqq": {
    "question_id": "HM4obw9fQyb3aPheZjgtqq",
    "prediction": "visibility",
    "actual": "visibility"
  },
  "HdyKrZXRwibeYWRs8Qnkhe": {
    "question_id": "HdyKrZXRwibeYWRs8Qnkhe",
    "prediction": "ham",
    "actual": "ham"
  },
  "HmwKHh89ZFtLUWCExGKoLw": {
    "question_id": "HmwKHh89ZFtLUWCExGKoLw",
    "prediction": "hello",
    "actual": "hello"
  },
  "Hnor848pYZFWrEeYWfuYCF": {
    "question_id": "Hnor848pYZFWrEeYWfuYCF",
    "prediction": "coffee",
    "actual": "coffee"
  },
  "J6Kwvdi26GWFDHeADMXSWW": {
    "question_id": "J6Kwvdi26GWFDHeADMXSWW",
    "prediction": "helium",
    "actual": "helium"
  },
  "JCLA7VcpiUFhSr4WfS22EA": {
    "question_id": "JCLA7VcpiUFhSr4WfS22EA",
    "prediction": "daytime",
    "actual": "daytime"
  },
  "JJPVhVK8EvZNsddZMETh6v": {
    "question_id": "JJPVhVK8EvZNsddZMETh6v",
    "prediction": "weekend",
    "actual": "weekend"
  },
  "JJmTumn8HhCZdb6sNWftWr": {
    "question_id": "JJmTumn8HhCZdb6sNWftWr",
    "prediction": "green",
    "actual": "green"
  },
  "JKfRNnyDQBfsZrkokU8uQa": {
    "question_id": "JKfRNnyDQBfsZrkokU8uQa",
    "prediction": "air",
    "actual": "air"
  },
  "JR77UNbyj38mU3p6Ku6Qn8": {
    "question_id": "JR77UNbyj38mU3p6Ku6Qn8",
    "prediction": "broccoli",
    "actual": "broccoli"
  },
  "JTUjHvTpxRzo2TtJWiCzUy": {
    "question_id": "JTUjHvTpxRzo2TtJWiCzUy",
    "prediction": "herd sheep",
    "actual": "herd sheep"
  },
  "JTpPkML3VmfSm8yQwMycuL": {
    "question_id": "JTpPkML3VmfSm8yQwMycuL",
    "prediction": "playful",
    "actual": "playful"
  },
  "JUxJmYmJuhcFMBwKdHRTj9": {
    "question_id": "JUxJmYmJuhcFMBwKdHRTj9",
    "prediction": "historical european",
    "actual": "historical european"
  },
  "Jo6cB9daaqeW3nwSc3Sv6E": {
    "question_id": "Jo6cB9daaqeW3nwSc3Sv6E",
    "prediction": "giraffe",
    "actual": "giraffe"
  },
  "JrdpzYcvRc7YKAyviTTEWv": {
    "question_id": "JrdpzYcvRc7YKAyviTTEWv",
    "prediction": "equestrianism",
    "actual": "equestrianism"
  },
  "JzruB6ybwPgmhZ5euNweVS": {
    "question_id": "JzruB6ybwPgmhZ5euNweVS",
    "prediction": "cellular",
    "actual": "cellular"
  },
  "K4hCLffyy8Lq3xuDXr4Tue": {
    "question_id": "K4hCLffyy8Lq3xuDXr4Tue",
    "prediction": "sherriff",
    "actual": "sherriff"
  },
  "KA3cQWXpQhyGmzPKC9d7jv": {
    "question_id": "KA3cQWXpQhyGmzPKC9d7jv",
    "prediction": "playing baseball",
    "actual": "playing baseball"
  },
  "KDt9uiMSWXdfqZg8DkfQYP": {
    "question_id": "KDt9uiMSWXdfqZg8DkfQYP",
    "prediction": "sleep",
    "actual": "sleep"
  },
  "KSBuivjEvKXo6nskDiHPRK": {
    "question_id": "KSBuivjEvKXo6nskDiHPRK",
    "prediction": "ice cream",
    "actual": "ice cream"
  },
  "KYHbG5z9mj4H4dAJbzLuQ4": {
    "question_id": "KYHbG5z9mj4H4dAJbzLuQ4",
    "prediction": "dress",
    "actual": "dress"
  },
  "KeFdNUyaJPmnR7xeSiPs2u": {
    "question_id": "KeFdNUyaJPmnR7xeSiPs2u",
    "prediction": "drinks",
    "actual": "drinks"
  },
  "Kg2epvxdD43djHjdN3HBEw": {
    "question_id": "Kg2epvxdD43djHjdN3HBEw",
    "prediction": "market",
    "actual": "market"
  },
  "KgfkfPqD2aDFJjnZh69oyM": {
    "question_id": "KgfkfPqD2aDFJjnZh69oyM",
    "prediction": "tail",
    "actual": "tail"
  },
  "KpXGPyoqZUqo76FaqZuNXF": {
    "question_id": "KpXGPyoqZUqo76FaqZuNXF",
    "prediction": "hotel",
    "actual": "hotel"
  },
  "KqHt4U8oRbES85WARzxU3R": {
    "question_id": "KqHt4U8oRbES85WARzxU3R",
    "prediction": "africa",
    "actual": "africa"
  },
  "KtndapoEif4gqUGbYMKim6": {
    "question_id": "KtndapoEif4gqUGbYMKim6",
    "prediction": "baseball",
    "actual": "baseball"
  },
  "KxDzK3TmVjHrd7PVRGf6AP": {
    "question_id": "KxDzK3TmVjHrd7PVRGf6AP",
    "prediction": "cutting food",
    "actual": "cutting food"
  },
  "L6och7f34xfLQaVYszfzV7": {
    "question_id": "L6och7f34xfLQaVYszfzV7",
    "prediction": "sweet",
    "actual": "sweet"
  },
  "LHVciAWegjMeYHxTjEpTPc": {
    "question_id": "LHVciAWegjMeYHxTjEpTPc",
    "prediction": "beach",
    "actual": "beach"
  },
  "LHmjT6smJB8ZerDLp4DJuy": {
    "question_id": "LHmjT6smJB8ZerDLp4DJuy",
    "prediction": "home",
    "actual": "home"
  },
  "LWHhV7yq9EbPQXgaXmYEXk": {
    "question_id": "LWHhV7yq9EbPQXgaXmYEXk",
    "prediction": "sunset",
    "actual": "sunset"
  },
  "LYvkz5jUWHpZYkZ8VhxESf": {
    "question_id": "LYvkz5jUWHpZYkZ8VhxESf",
    "prediction": "to rest",
    "actual": "to rest"
  },
  "LnBiYuXmqeyEHsquVemheo": {
    "question_id": "LnBiYuXmqeyEHsquVemheo",
    "prediction": "drink",
    "actual": "drink"
  },
  "M24oDREQRXZxbPHeX82hTm": {
    "question_id": "M24oDREQRXZxbPHeX82hTm",
    "prediction": "eat",
    "actual": "eat"
  },
  "M3yABkFk8uMPsVkecGAnZR": {
    "question_id": "M3yABkFk8uMPsVkecGAnZR",
    "prediction": "stir",
    "actual": "stir"
  },
  "M46zwhVtTDuYcfKTvw5Bsk": {
    "question_id": "M46zwhVtTDuYcfKTvw5Bsk",
    "prediction": "balls",
    "actual": "balls"
  },
  "M4bEQ9vKhFhuWXb9nEf76d": {
    "question_id": "M4bEQ9vKhFhuWXb9nEf76d",
    "prediction": "eating",
    "actual": "eating"
  },
  "MAH3KC3SWvoTum6Ja75hB3": {
    "question_id": "MAH3KC3SWvoTum6Ja75hB3",
    "prediction": "two",
    "actual": "two"
  },
  "MDyjdP8Esi9N3eEpLVuwx7": {
    "question_id": "MDyjdP8Esi9N3eEpLVuwx7",
    "prediction": "protection",
    "actual": "protection"
  },
  "MFcz9WFowTCRnWEpVdEfiJ": {
    "question_id": "MFcz9WFowTCRnWEpVdEfiJ",
    "prediction": "snow",
    "actual": "snow"
  },
  "MMgmqJzM4kBYppdQX5f3gL": {
    "question_id": "MMgmqJzM4kBYppdQX5f3gL",
    "prediction": "england",
    "actual": "england"
  },
  "MYWA3eAGfavXR4ehMz22fV": {
    "question_id": "MYWA3eAGfavXR4ehMz22fV",
    "prediction": "to race",
    "actual": "to race"
  },
  "MgwZ9gzpwfp2xz2oGjemMc": {
    "question_id": "MgwZ9gzpwfp2xz2oGjemMc",
    "prediction": "camera lens",
    "actual": "camera lens"
  },
  "MiavLRSwBYJp9ooFkFHjv6": {
    "question_id": "MiavLRSwBYJp9ooFkFHjv6",
    "prediction": "vegetarians",
    "actual": "vegetarians"
  },
  "MtpJjmnfFfb8pD3fpbvCTq": {
    "question_id": "MtpJjmnfFfb8pD3fpbvCTq",
    "prediction": "crossing street",
    "actual": "crossing street"
  },
  "MuwkW3j4kYfEZXwWuicLjv": {
    "question_id": "MuwkW3j4kYfEZXwWuicLjv",
    "prediction": "crust",
    "actual": "crust"
  },
  "MvjdGpXqcdaADbsGwjo2Bm": {
    "question_id": "MvjdGpXqcdaADbsGwjo2Bm",
    "prediction": "ski poles",
    "actual": "ski poles"
  },
  "NFhBeZhrxD3NQADiCfwi92": {
    "question_id": "NFhBeZhrxD3NQADiCfwi92",
    "prediction": "sprite",
    "actual": "sprite"
  },
  "NMaWJvLKEHntrF2zNxigMq": {
    "question_id": "NMaWJvLKEHntrF2zNxigMq",
    "prediction": "body surf",
    "actual": "body surf"
  },
  "NQQEM9mH6viipfoP9kMC6v": {
    "question_id": "NQQEM9mH6viipfoP9kMC6v",
    "prediction": "tourists",
    "actual": "tourists"
  },
  "NYcTJoQKwAGgyi4FB5gAt8": {
    "question_id": "NYcTJoQKwAGgyi4FB5gAt8",
    "prediction": "to travel",
    "actual": "to travel"
  },
  "NmKj6PbaycvbudUKgRzibs": {
    "question_id": "NmKj6PbaycvbudUKgRzibs",
    "prediction": "home",
    "actual": "home"
  },
  "NsLGudV3NNLiYhGjCqbw78": {
    "question_id": "NsLGudV3NNLiYhGjCqbw78",
    "prediction": "laughing",
    "actual": "laughing"
  },
  "NxB3LACrQbQmimYNePAYyK": {
    "question_id": "NxB3LACrQbQmimYNePAYyK",
    "prediction": "relax",
    "actual": "relax"
  },
  "P4cavrtzjFu5Ur3DCjn6YK": {
    "question_id": "P4cavrtzjFu5Ur3DCjn6YK",
    "prediction": "sightseeing rides",
    "actual": "sightseeing rides"
  },
  "P4kW6QHjRQjrDBY2YdCNxg": {
    "question_id": "P4kW6QHjRQjrDBY2YdCNxg",
    "prediction": "cross street",
    "actual": "cross street"
  },
  "P849UYcdPdpuMhsTCbyCuu": {
    "question_id": "P849UYcdPdpuMhsTCbyCuu",
    "prediction": "jockeys",
    "actual": "jockeys"
  },
  "P8dF9URdgyA2NX7Na7Cc2K": {
    "question_id": "P8dF9URdgyA2NX7Na7Cc2K",
    "prediction": "coffee maker",
    "actual": "coffee maker"
  },
  "PB2RjD5RMSqbGxT9c2cAwU": {
    "question_id": "PB2RjD5RMSqbGxT9c2cAwU",
    "prediction": "mail",
    "actual": "mail"
  },
  "PR3YdLbDHdwHNJENygZqBa": {
    "question_id": "PR3YdLbDHdwHNJENygZqBa",
    "prediction": "warm",
    "actual": "warm"
  },
  "PSBwpAo47YDwimGuqy75Pm": {
    "question_id": "PSBwpAo47YDwimGuqy75Pm",
    "prediction": "four",
    "actual": "four"
  },
  "PSyBiDyNfASh3NPty6sGVq": {
    "question_id": "PSyBiDyNfASh3NPty6sGVq",
    "prediction": "getting married",
    "actual": "getting married"
  },
  "PbFfJju4rM4x4PzP9E3dmq": {
    "question_id": "PbFfJju4rM4x4PzP9E3dmq",
    "prediction": "bartender",
    "actual": "bartender"
  },
  "PceZftPFbFZ7xbF3urpTvL": {
    "question_id": "PceZftPFbFZ7xbF3urpTvL",
    "prediction": "two",
    "actual": "two"
  },
  "Pgr2EjnVJiyNjUnPs2qgkg": {
    "question_id": "Pgr2EjnVJiyNjUnPs2qgkg",
    "prediction": "curiosity",
    "actual": "curiosity"
  },
  "PvkdPe2rHmCnyKrzoFjrgy": {
    "question_id": "PvkdPe2rHmCnyKrzoFjrgy",
    "prediction": "sitting",
    "actual": "sitting"
  },
  "Q5hfYjQnaxng9vg7QmEqa5": {
    "question_id": "Q5hfYjQnaxng9vg7QmEqa5",
    "prediction": "siblings",
    "actual": "siblings"
  },
  "Q7cdndwDheQypkx5d6WvbN": {
    "question_id": "Q7cdndwDheQypkx5d6WvbN",
    "prediction": "clown",
    "actual": "clown"
  },
  "Q8qrsK2VxVXdM3LRKyhi5U": {
    "question_id": "Q8qrsK2VxVXdM3LRKyhi5U",
    "prediction": "coach",
    "actual": "coach"
  },
  "QBfzUChLwDv8fW2akWWDxP": {
    "question_id": "QBfzUChLwDv8fW2akWWDxP",
    "prediction": "board",
    "actual": "board"
  },
  "QKSFmfG3S2PeXAuucEHUam": {
    "question_id": "QKSFmfG3S2PeXAuucEHUam",
    "prediction": "tokyo",
    "actual": "tokyo"
  },
  "QXpLwCmcjZXSBHQULTdAXu": {
    "question_id": "QXpLwCmcjZXSBHQULTdAXu",
    "prediction": "icing",
    "actual": "icing"
  },
  "QaL6hj3FGdpRMLEAiN6aFY": {
    "question_id": "QaL6hj3FGdpRMLEAiN6aFY",
    "prediction": "repelling rain",
    "actual": "repelling rain"
  },
  "QaNQeaARotkH69bbZmrpuA": {
    "question_id": "QaNQeaARotkH69bbZmrpuA",
    "prediction": "glass",
    "actual": "glass"
  },
  "QjpYU2U32pH2dPpPoDEreR": {
    "question_id": "QjpYU2U32pH2dPpPoDEreR",
    "prediction": "sailboat",
    "actual": "sailboat"
  },
  "QsW8sBQzRc4Zsxds7WwTJ7": {
    "question_id": "QsW8sBQzRc4Zsxds7WwTJ7",
    "prediction": "backyard",
    "actual": "backyard"
  },
  "R5zKF5LPj53tXkChG4Mq7M": {
    "question_id": "R5zKF5LPj53tXkChG4Mq7M",
    "prediction": "bicycle",
    "actual": "bicycle"
  },
  "R6NkFiXvj9TEor6T66JJmM": {
    "question_id": "R6NkFiXvj9TEor6T66JJmM",
    "prediction": "sisters",
    "actual": "sisters"
  },
  "RHuE3kjsrxziVFTSuHGQTD": {
    "question_id": "RHuE3kjsrxziVFTSuHGQTD",
    "prediction": "horse",
    "actual": "horse"
  },
  "RhZ5i6awC44Si9nVyCzBst": {
    "question_id": "RhZ5i6awC44Si9nVyCzBst",
    "prediction": "pulling it",
    "actual": "pulling it"
  },
  "RktS7Pmjx4EvyCUjQB5TSr": {
    "question_id": "RktS7Pmjx4EvyCUjQB5TSr",
    "prediction": "mousepad",
    "actual": "mousepad"
  },
  "RwpxKDcMF2E4fdhCjCJNEN": {
    "question_id": "RwpxKDcMF2E4fdhCjCJNEN",
    "prediction": "eat",
    "actual": "eat"
  },
  "S5T6eMemksb6hVpMnB8hYf": {
    "question_id": "S5T6eMemksb6hVpMnB8hYf",
    "prediction": "school",
    "actual": "school"
  },
  "SA8eYDyzQYZXZRykahrGmf": {
    "question_id": "SA8eYDyzQYZXZRykahrGmf",
    "prediction": "left hand",
    "actual": "left hand"
  },
  "Sk8wJePwpdzCXP4WzjbGdu": {
    "question_id": "Sk8wJePwpdzCXP4WzjbGdu",
    "prediction": "reading",
    "actual": "reading"
  },
  "SmTPg7HCekgNrHgwnvvYFm": {
    "question_id": "SmTPg7HCekgNrHgwnvvYFm",
    "prediction": "eight",
    "actual": "eight"
  },
  "SoTQafEnfUD2Y8PJj7uSH5": {
    "question_id": "SoTQafEnfUD2Y8PJj7uSH5",
    "prediction": "tv",
    "actual": "tv"
  },
  "SpnBQjkqymWyZ5gEzPTwKu": {
    "question_id": "SpnBQjkqymWyZ5gEzPTwKu",
    "prediction": "cow",
    "actual": "cow"
  },
  "SsQakUmPuH7a7w6tvHfNjc": {
    "question_id": "SsQakUmPuH7a7w6tvHfNjc",
    "prediction": "table",
    "actual": "table"
  },
  "Su4RjX7NpuDbXwjPMBxq9g": {
    "question_id": "Su4RjX7NpuDbXwjPMBxq9g",
    "prediction": "buses",
    "actual": "buses"
  },
  "SvWosPQqsqcUBDy2Jzg4hr": {
    "question_id": "SvWosPQqsqcUBDy2Jzg4hr",
    "prediction": "for shade",
    "actual": "for shade"
  },
  "Svs8fentMLQ8L3ApAisjeQ": {
    "question_id": "Svs8fentMLQ8L3ApAisjeQ",
    "prediction": "meat",
    "actual": "meat"
  },
  "SwkgX6iwJ3do4mFyGFad4H": {
    "question_id": "SwkgX6iwJ3do4mFyGFad4H",
    "prediction": "spatula",
    "actual": "spatula"
  },
  "T9KmhNREm5oz68KpHDp4jR": {
    "question_id": "T9KmhNREm5oz68KpHDp4jR",
    "prediction": "person",
    "actual": "person"
  },
  "TAKCfAy3yDzuEtuq994hdn": {
    "question_id": "TAKCfAy3yDzuEtuq994hdn",
    "prediction": "groom",
    "actual": "groom"
  },
  "TAwFJVcYrztESePxFhSyAt": {
    "question_id": "TAwFJVcYrztESePxFhSyAt",
    "prediction": "ball",
    "actual": "ball"
  },
  "TU3Jt6U4vLxsHp26fpMWW8": {
    "question_id": "TU3Jt6U4vLxsHp26fpMWW8",
    "prediction": "charcuterie",
    "actual": "charcuterie"
  },
  "TWyAuHgJjHojJL8osH3VPw": {
    "question_id": "TWyAuHgJjHojJL8osH3VPw",
    "prediction": "sold",
    "actual": "sold"
  },
  "Tbna5Srgt6Jbg8hgADabX7": {
    "question_id": "Tbna5Srgt6Jbg8hgADabX7",
    "prediction": "white",
    "actual": "white"
  },
  "TgSTm8wMoywwfop8P7MVSd": {
    "question_id": "TgSTm8wMoywwfop8P7MVSd",
    "prediction": "dry",
    "actual": "dry"
  },
  "TgnxoGn2URnSnsnWhniwQ9": {
    "question_id": "TgnxoGn2URnSnsnWhniwQ9",
    "prediction": "dogs",
    "actual": "dogs"
  },
  "U3vN2kLcHwnX4WfdNGnvxW": {
    "question_id": "U3vN2kLcHwnX4WfdNGnvxW",
    "prediction": "sea",
    "actual": "sea"
  },
  "U5Z3AUf3R9VcDqTFDLGt2c": {
    "question_id": "U5Z3AUf3R9VcDqTFDLGt2c",
    "prediction": "asia",
    "actual": "asia"
  },
  "UDeVUh2hQdtougjwZfSviW": {
    "question_id": "UDeVUh2hQdtougjwZfSviW",
    "prediction": "1220",
    "actual": "1220"
  },
  "ULATNnxK9NEPMyLLPjSbDs": {
    "question_id": "ULATNnxK9NEPMyLLPjSbDs",
    "prediction": "japanese",
    "actual": "japanese"
  },
  "ULSq2sLPjbuZY3B2Z6mYjb": {
    "question_id": "ULSq2sLPjbuZY3B2Z6mYjb",
    "prediction": "eat food",
    "actual": "eat food"
  },
  "UPhByDxcyegyWfhgbrkTZD": {
    "question_id": "UPhByDxcyegyWfhgbrkTZD",
    "prediction": "cell phone",
    "actual": "cell phone"
  },
  "US64WDYHmJ3UBhFuwDmcWM": {
    "question_id": "US64WDYHmJ3UBhFuwDmcWM",
    "prediction": "police officer",
    "actual": "police officer"
  },
  "UUjWA8SQGxcai53mEXndiA": {
    "question_id": "UUjWA8SQGxcai53mEXndiA",
    "prediction": "churning water",
    "actual": "churning water"
  },
  "UXBfDe6BkYdbApxVPSdmVo": {
    "question_id": "UXBfDe6BkYdbApxVPSdmVo",
    "prediction": "yogurt",
    "actual": "yogurt"
  },
  "UXR5X7hqtMs7BPFyniqscB": {
    "question_id": "UXR5X7hqtMs7BPFyniqscB",
    "prediction": "snow boarding",
    "actual": "snow boarding"
  },
  "UYqcgLGSbQXzeDLUj6rZej": {
    "question_id": "UYqcgLGSbQXzeDLUj6rZej",
    "prediction": "tusk",
    "actual": "tusk"
  },
  "UcdDMTu4br8uyQPYPQxgo6": {
    "question_id": "UcdDMTu4br8uyQPYPQxgo6",
    "prediction": "east asia",
    "actual": "east asia"
  },
  "UkRTVsdAmDo7qV28T2qKzs": {
    "question_id": "UkRTVsdAmDo7qV28T2qKzs",
    "prediction": "touring band",
    "actual": "touring band"
  },
  "UkgASD3jXFSiGpwBf8Nf5y": {
    "question_id": "UkgASD3jXFSiGpwBf8Nf5y",
    "prediction": "parking spaces",
    "actual": "parking spaces"
  },
  "UpTNoSajrD27GvfoAdVnsC": {
    "question_id": "UpTNoSajrD27GvfoAdVnsC",
    "prediction": "four",
    "actual": "four"
  },
  "V4VjJ3eNtgQnM7ZvF2S3iL": {
    "question_id": "V4VjJ3eNtgQnM7ZvF2S3iL",
    "prediction": "mother",
    "actual": "mother"
  },
  "VDb8JjxzQRA5pssoPHup4M": {
    "question_id": "VDb8JjxzQRA5pssoPHup4M",
    "prediction": "fun",
    "actual": "fun"
  },
  "VJ43YwLMKZXTSbGAg9waNa": {
    "question_id": "VJ43YwLMKZXTSbGAg9waNa",
    "prediction": "water",
    "actual": "water"
  },
  "VSvCeQz6PNuzX6hYisMLe4": {
    "question_id": "VSvCeQz6PNuzX6hYisMLe4",
    "prediction": "sitting",
    "actual": "sitting"
  },
  "VTaZmd6DdBAihiinbqNMqk": {
    "question_id": "VTaZmd6DdBAihiinbqNMqk",
    "prediction": "two",
    "actual": "two"
  },
  "VXA5FfMXfSByVYECxCwcR2": {
    "question_id": "VXA5FfMXfSByVYECxCwcR2",
    "prediction": "grilled",
    "actual": "grilled"
  },
  "VZPbBERyU2LCkuew7SrWaw": {
    "question_id": "VZPbBERyU2LCkuew7SrWaw",
    "prediction": "20-30 years",
    "actual": "20-30 years"
  },
  "VZg6oeEVpweNk9fihBXS8m": {
    "question_id": "VZg6oeEVpweNk9fihBXS8m",
    "prediction": "checkerboard",
    "actual": "checkerboard"
  },
  "Va5KLsXWHujm6DtfGdHssS": {
    "question_id": "Va5KLsXWHujm6DtfGdHssS",
    "prediction": "afternoon",
    "actual": "afternoon"
  },
  "VcdLhhv7e9gDP4aHuFPomY": {
    "question_id": "VcdLhhv7e9gDP4aHuFPomY",
    "prediction": "protect it",
    "actual": "protect it"
  },
  "VdwJzCL5W2Sfytj5sRWhvV": {
    "question_id": "VdwJzCL5W2Sfytj5sRWhvV",
    "prediction": "eat left-handed",
    "actual": "eat left-handed"
  },
  "VnvcXjkeZTbMsRfQZwQXUF": {
    "question_id": "VnvcXjkeZTbMsRfQZwQXUF",
    "prediction": "reading",
    "actual": "reading"
  },
  "VohghyPSQCmFdnNQD2FntC": {
    "question_id": "VohghyPSQCmFdnNQD2FntC",
    "prediction": "track",
    "actual": "track"
  },
  "W3BhSzei6UhVZbxEqQYt5Y": {
    "question_id": "W3BhSzei6UhVZbxEqQYt5Y",
    "prediction": "motorcycle",
    "actual": "motorcycle"
  },
  "W45wAtdznJWCkxES23Ymmb": {
    "question_id": "W45wAtdznJWCkxES23Ymmb",
    "prediction": "hot sauce",
    "actual": "hot sauce"
  },
  "W9gwHYkWiZQ9fTUbF6rJUt": {
    "question_id": "W9gwHYkWiZQ9fTUbF6rJUt",
    "prediction": "australia",
    "actual": "australia"
  },
  "WC8XQmunFHgUyN44J9vNQu": {
    "question_id": "WC8XQmunFHgUyN44J9vNQu",
    "prediction": "rail",
    "actual": "rail"
  },
  "WHkq5C8BiaowwnmsHGAxgf": {
    "question_id": "WHkq5C8BiaowwnmsHGAxgf",
    "prediction": "cheese",
    "actual": "cheese"
  },
  "WLG7VBozfPSsZPwKjaUXYy": {
    "question_id": "WLG7VBozfPSsZPwKjaUXYy",
    "prediction": "islam",
    "actual": "islam"
  },
  "WRniXpa5KWfR7D85cwFASi": {
    "question_id": "WRniXpa5KWfR7D85cwFASi",
    "prediction": "nintendo wii",
    "actual": "nintendo wii"
  },
  "WT3fLQWr4Wnj9LaQJ68rri": {
    "question_id": "WT3fLQWr4Wnj9LaQJ68rri",
    "prediction": "park",
    "actual": "park"
  },
  "WTHtfRH2Df4wkMEyR93oQy": {
    "question_id": "WTHtfRH2Df4wkMEyR93oQy",
    "prediction": "europe",
    "actual": "europe"
  },
  "WdswpNeyj4t9nbTqRVKKT9": {
    "question_id": "WdswpNeyj4t9nbTqRVKKT9",
    "prediction": "stir frying",
    "actual": "stir frying"
  },
  "WgS2856ezvnQAZMmfrUitJ": {
    "question_id": "WgS2856ezvnQAZMmfrUitJ",
    "prediction": "snow",
    "actual": "snow"
  },
  "WnCzZybnZ7YyuDvJ62YLyt": {
    "question_id": "WnCzZybnZ7YyuDvJ62YLyt",
    "prediction": "airport",
    "actual": "airport"
  },
  "WojdRVndpCBeqpSk3roFjk": {
    "question_id": "WojdRVndpCBeqpSk3roFjk",
    "prediction": "compact fluorescent",
    "actual": "compact fluorescent"
  },
  "XC7LFjtKGWBQRW2FZrXJSn": {
    "question_id": "XC7LFjtKGWBQRW2FZrXJSn",
    "prediction": "soda",
    "actual": "soda"
  },
  "XKEx8mEicRSJCpNMsDxGpS": {
    "question_id": "XKEx8mEicRSJCpNMsDxGpS",
    "prediction": "pizzeria",
    "actual": "pizzeria"
  },
  "XKjvNP3RonaQcJbF2oreHb": {
    "question_id": "XKjvNP3RonaQcJbF2oreHb",
    "prediction": "striped",
    "actual": "striped"
  },
  "XLheqq6ar6y8HxdmSZokoi": {
    "question_id": "XLheqq6ar6y8HxdmSZokoi",
    "prediction": "parade",
    "actual": "parade"
  },
  "XR7dA6TKQiFc4QHMYwLDqP": {
    "question_id": "XR7dA6TKQiFc4QHMYwLDqP",
    "prediction": "6 feet",
    "actual": "6 feet"
  },
  "XSdfYndeSP25Dm2T5e5Bd4": {
    "question_id": "XSdfYndeSP25Dm2T5e5Bd4",
    "prediction": "sheep",
    "actual": "sheep"
  },
  "XcYCdxp4Javwyxx6cihuSz": {
    "question_id": "XcYCdxp4Javwyxx6cihuSz",
    "prediction": "railroad",
    "actual": "railroad"
  },
  "YGzsjNW5NAbf7tFQeufc4e": {
    "question_id": "YGzsjNW5NAbf7tFQeufc4e",
    "prediction": "tusks",
    "actual": "tusks"
  },
  "YibQmkwXJ4TPVqZjhqmV9r": {
    "question_id": "YibQmkwXJ4TPVqZjhqmV9r",
    "prediction": "powdered sugar",
    "actual": "powdered sugar"
  },
  "YkoPwAEMfgMqGRxLyzEXpz": {
    "question_id": "YkoPwAEMfgMqGRxLyzEXpz",
    "prediction": "breakfast",
    "actual": "breakfast"
  },
  "Yw4eyrH9WvXX8SLfnqmPmX": {
    "question_id": "Yw4eyrH9WvXX8SLfnqmPmX",
    "prediction": "pastry",
    "actual": "pastry"
  },
  "Z2wV882FxEjxwqFcbMRM9K": {
    "question_id": "Z2wV882FxEjxwqFcbMRM9K",
    "prediction": "sails",
    "actual": "sails"
  },
  "Z5xx32ZiWMMosQmfjqKaGC": {
    "question_id": "Z5xx32ZiWMMosQmfjqKaGC",
    "prediction": "hotel room",
    "actual": "hotel room"
  },
  "ZBUSChQQGFWkXRQZcUxtrM": {
    "question_id": "ZBUSChQQGFWkXRQZcUxtrM",
    "prediction": "crt",
    "actual": "crt"
  },
  "ZH4XEMQDqCEqeyqX8ruMqf": {
    "question_id": "ZH4XEMQDqCEqeyqX8ruMqf",
    "prediction": "tea party",
    "actual": "tea party"
  },
  "ZVHGXacRAzycGJbvaZL6WW": {
    "question_id": "ZVHGXacRAzycGJbvaZL6WW",
    "prediction": "lake",
    "actual": "lake"
  },
  "ZVKndGxjdDtnrmsRUfRPxX": {
    "question_id": "ZVKndGxjdDtnrmsRUfRPxX",
    "prediction": "hereford",
    "actual": "hereford"
  },
  "ZVihanJCkC9cEENhpyucEn": {
    "question_id": "ZVihanJCkC9cEENhpyucEn",
    "prediction": "weather",
    "actual": "weather"
  },
  "ZXpemwU9BnGkBEdj8f6tqD": {
    "question_id": "ZXpemwU9BnGkBEdj8f6tqD",
    "prediction": "ski down",
    "actual": "ski down"
  },
  "ZZaVsZeNSvsTB8M2mFDcqL": {
    "question_id": "ZZaVsZeNSvsTB8M2mFDcqL",
    "prediction": "beer",
    "actual": "beer"
  },
  "Zhx4M3xfkZGgH4dnopMrY2": {
    "question_id": "Zhx4M3xfkZGgH4dnopMrY2",
    "prediction": "to eat",
    "actual": "to eat"
  },
  "ZpLohrc8reFQkCjJ3iFQXX": {
    "question_id": "ZpLohrc8reFQkCjJ3iFQXX",
    "prediction": "headset",
    "actual": "headset"
  },
  "Zt2TzKJkDQHFrbcPkxNZcA": {
    "question_id": "Zt2TzKJkDQHFrbcPkxNZcA",
    "prediction": "balls",
    "actual": "balls"
  },
  "ZthUeysacKx2CVGPpNKxe4": {
    "question_id": "ZthUeysacKx2CVGPpNKxe4",
    "prediction": "sarong",
    "actual": "sarong"
  },
  "aAEJFGA3xJLXv4gMXqCd84": {
    "question_id": "aAEJFGA3xJLXv4gMXqCd84",
    "prediction": "eye protection",
    "actual": "eye protection"
  },
  "aC77EkAro3tybKmAJPUAH4": {
    "question_id": "aC77EkAro3tybKmAJPUAH4",
    "prediction": "safety",
    "actual": "safety"
  },
  "aDVS7CNLi2et7Uf7kEEZeQ": {
    "question_id": "aDVS7CNLi2et7Uf7kEEZeQ",
    "prediction": "for food",
    "actual": "for food"
  },
  "aUgAiwcNTDksCTSB4zLqLx": {
    "question_id": "aUgAiwcNTDksCTSB4zLqLx",
    "prediction": "costume",
    "actual": "costume"
  },
  "aX3pLQW2CigHrJVVMETaey": {
    "question_id": "aX3pLQW2CigHrJVVMETaey",
    "prediction": "30",
    "actual": "30"
  },
  "aXA73vtTRAUJ79PHaVuhF8": {
    "question_id": "aXA73vtTRAUJ79PHaVuhF8",
    "prediction": "cake",
    "actual": "cake"
  },
  "acLP6cnPoWn8iZ9aD6F8ZL": {
    "question_id": "acLP6cnPoWn8iZ9aD6F8ZL",
    "prediction": "plate",
    "actual": "plate"
  },
  "adJ3Kj52nGJVwytjWDJjCA": {
    "question_id": "adJ3Kj52nGJVwytjWDJjCA",
    "prediction": "reach",
    "actual": "reach"
  },
  "admjQXJJsLpbcEdRVyvVsf": {
    "question_id": "admjQXJJsLpbcEdRVyvVsf",
    "prediction": "dirt",
    "actual": "dirt"
  },
  "aoF64JjYJnKQaPaTyshZh9": {
    "question_id": "aoF64JjYJnKQaPaTyshZh9",
    "prediction": "apple",
    "actual": "apple"
  },
  "apxbVY3Q3arXvhq3DXWFKC": {
    "question_id": "apxbVY3Q3arXvhq3DXWFKC",
    "prediction": "intersection",
    "actual": "intersection"
  },
  "b57dJ74KfRbDSDzkD8bSWJ": {
    "question_id": "b57dJ74KfRbDSDzkD8bSWJ",
    "prediction": "england",
    "actual": "england"
  },
  "b5XoCkzFXxELg4R5SP4uEf": {
    "question_id": "b5XoCkzFXxELg4R5SP4uEf",
    "prediction": "ring toss",
    "actual": "ring toss"
  },
  "bAZ4e6x3iLpkJMi8joS9mw": {
    "question_id": "bAZ4e6x3iLpkJMi8joS9mw",
    "prediction": "fluffy",
    "actual": "fluffy"
  },
  "bDXLr8CDvR6oDCL2xMHV3v": {
    "question_id": "bDXLr8CDvR6oDCL2xMHV3v",
    "prediction": "margherita",
    "actual": "margherita"
  },
  "bFHUSwTBE33hag9jVm6iJr": {
    "question_id": "bFHUSwTBE33hag9jVm6iJr",
    "prediction": "utensils",
    "actual": "utensils"
  },
  "bTRUSAypEjzP5XWNW954RK": {
    "question_id": "bTRUSAypEjzP5XWNW954RK",
    "prediction": "residential",
    "actual": "residential"
  },
  "bWUR6AzW6CejWi3EG2PZfT": {
    "question_id": "bWUR6AzW6CejWi3EG2PZfT",
    "prediction": "beer",
    "actual": "beer"
  },
  "bcXERNeXxn8CmkodKezv7X": {
    "question_id": "bcXERNeXxn8CmkodKezv7X",
    "prediction": "advertisement",
    "actual": "advertisement"
  },
  "bf6qUEbh434BJZ3d4MWsU9": {
    "question_id": "bf6qUEbh434BJZ3d4MWsU9",
    "prediction": "toyota",
    "actual": "toyota"
  },
  "bkDub4yWQqeZVboUxpBCAd": {
    "question_id": "bkDub4yWQqeZVboUxpBCAd",
    "prediction": "restroom",
    "actual": "restroom"
  },
  "bmXjvk9NznKw8jyhjjZuqi": {
    "question_id": "bmXjvk9NznKw8jyhjjZuqi",
    "prediction": "plastic",
    "actual": "plastic"
  },
  "bp87frxTcBx6bA7KtzDFp7": {
    "question_id": "bp87frxTcBx6bA7KtzDFp7",
    "prediction": "street",
    "actual": "street"
  },
  "bqgrwRMbZtGzixs99Lommf": {
    "question_id": "bqgrwRMbZtGzixs99Lommf",
    "prediction": "skateboard",
    "actual": "skateboard"
  },
  "c4kK8bzsKvVyN2KzoAkKpT": {
    "question_id": "c4kK8bzsKvVyN2KzoAkKpT",
    "prediction": "love",
    "actual": "love"
  },
  "cFQCDdKxosyJPfNAGYAd3o": {
    "question_id": "cFQCDdKxosyJPfNAGYAd3o",
    "prediction": "drying hands",
    "actual": "drying hands"
  },
  "cHkTFzqn2VpbUHXky7DhQz": {
    "question_id": "cHkTFzqn2VpbUHXky7DhQz",
    "prediction": "bear",
    "actual": "bear"
  },
  "cJWo8W7BsstCU73xdVW3zF": {
    "question_id": "cJWo8W7BsstCU73xdVW3zF",
    "prediction": "printing",
    "actual": "printing"
  },
  "cRGhffFZWNyQviWrJPmRCg": {
    "question_id": "cRGhffFZWNyQviWrJPmRCg",
    "prediction": "two",
    "actual": "two"
  },
  "cVAR5Tf2PErGycfZ6JUUEr": {
    "question_id": "cVAR5Tf2PErGycfZ6JUUEr",
    "prediction": "laptop",
    "actual": "laptop"
  },
  "caoMCyFq9e2eNFohbFzEWN": {
    "question_id": "caoMCyFq9e2eNFohbFzEWN",
    "prediction": "go",
    "actual": "go"
  },
  "cdRdX2gv29YLpSgqTiWGPt": {
    "question_id": "cdRdX2gv29YLpSgqTiWGPt",
    "prediction": "lgbt",
    "actual": "lgbt"
  },
  "chXZTHvYp7pFsdQhLyAC9F": {
    "question_id": "chXZTHvYp7pFsdQhLyAC9F",
    "prediction": "tennis competition",
    "actual": "tennis competition"
  },
  "ckEWdFtXTjmNaM5gGbqQH4": {
    "question_id": "ckEWdFtXTjmNaM5gGbqQH4",
    "prediction": "eat",
    "actual": "eat"
  },
  "cmDRUcNRtcvVpHzURp8W45": {
    "question_id": "cmDRUcNRtcvVpHzURp8W45",
    "prediction": "late night",
    "actual": "late night"
  },
  "cpFBV7cMfv53fdwaaWiWGt": {
    "question_id": "cpFBV7cMfv53fdwaaWiWGt",
    "prediction": "kitchen",
    "actual": "kitchen"
  },
  "dHBDGPwELp65UFhPhSZyEu": {
    "question_id": "dHBDGPwELp65UFhPhSZyEu",
    "prediction": "flight",
    "actual": "flight"
  },
  "dLGivwZ7fRpiDAqxkDxd5X": {
    "question_id": "dLGivwZ7fRpiDAqxkDxd5X",
    "prediction": "tractor",
    "actual": "tractor"
  },
  "dYPm6FoCySuwWSw7pPbTKC": {
    "question_id": "dYPm6FoCySuwWSw7pPbTKC",
    "prediction": "snowman",
    "actual": "snowman"
  },
  "dbC66LJz8ReZjXJJEt7xvW": {
    "question_id": "dbC66LJz8ReZjXJJEt7xvW",
    "prediction": "union jack",
    "actual": "union jack"
  },
  "dgiMniYGqfUmHnVDLJdayu": {
    "question_id": "dgiMniYGqfUmHnVDLJdayu",
    "prediction": "baseball cap",
    "actual": "baseball cap"
  },
  "dhJDsvTigyVh6W3kHQcMLa": {
    "question_id": "dhJDsvTigyVh6W3kHQcMLa",
    "prediction": "baby",
    "actual": "baby"
  },
  "dohJioF4j23dw6b8AgCxqx": {
    "question_id": "dohJioF4j23dw6b8AgCxqx",
    "prediction": "forehand",
    "actual": "forehand"
  },
  "dpTTTMowgDYptWd2YZdUT7": {
    "question_id": "dpTTTMowgDYptWd2YZdUT7",
    "prediction": "downhill",
    "actual": "downhill"
  },
  "dvvTUCDA3wK4Q9KZKboPgg": {
    "question_id": "dvvTUCDA3wK4Q9KZKboPgg",
    "prediction": "steam",
    "actual": "steam"
  },
  "e52REttPVvHxGe9H9Y8iya": {
    "question_id": "e52REttPVvHxGe9H9Y8iya",
    "prediction": "united states",
    "actual": "united states"
  },
  "e8C3zCrRwuZXfsWLB6WisZ": {
    "question_id": "e8C3zCrRwuZXfsWLB6WisZ",
    "prediction": "pizza shop",
    "actual": "pizza shop"
  },
  "e8EayGjQkqTfuYyHQRAEBC": {
    "question_id": "e8EayGjQkqTfuYyHQRAEBC",
    "prediction": "take picture",
    "actual": "take picture"
  },
  "eBgzKWWRWbkzRJsrfBqGBV": {
    "question_id": "eBgzKWWRWbkzRJsrfBqGBV",
    "prediction": "passenger transport",
    "actual": "passenger transport"
  },
  "eDZFWUyFe832NMLpecBV63": {
    "question_id": "eDZFWUyFe832NMLpecBV63",
    "prediction": "picture taking",
    "actual": "picture taking"
  },
  "eQRQC4E5pZanwwyme6kTJA": {
    "question_id": "eQRQC4E5pZanwwyme6kTJA",
    "prediction": "farm",
    "actual": "farm"
  },
  "eTzxabUHi9XjTeaAKr9nz2": {
    "question_id": "eTzxabUHi9XjTeaAKr9nz2",
    "prediction": "station",
    "actual": "station"
  },
  "ec8EjipayMWjJLnwsWsrD3": {
    "question_id": "ec8EjipayMWjJLnwsWsrD3",
    "prediction": "surfboard",
    "actual": "surfboard"
  },
  "edgUrxZbEmJboFbFUdBdCm": {
    "question_id": "edgUrxZbEmJboFbFUdBdCm",
    "prediction": "baseball bat",
    "actual": "baseball bat"
  },
  "ee4bPHg93VdP6dqmUAGtbg": {
    "question_id": "ee4bPHg93VdP6dqmUAGtbg",
    "prediction": "volvo",
    "actual": "volvo"
  },
  "eiTuwtpwaP6LXCBDdhRfUU": {
    "question_id": "eiTuwtpwaP6LXCBDdhRfUU",
    "prediction": "grill",
    "actual": "grill"
  },
  "epWz8dQzRohUWmTphUjt4p": {
    "question_id": "epWz8dQzRohUWmTphUjt4p",
    "prediction": "fire",
    "actual": "fire"
  },
  "epeFzsUCjPeSnj6QjSa9So": {
    "question_id": "epeFzsUCjPeSnj6QjSa9So",
    "prediction": "curb",
    "actual": "curb"
  },
  "f5DyWHCeTdLVN7kHd8zguE": {
    "question_id": "f5DyWHCeTdLVN7kHd8zguE",
    "prediction": "it's raining",
    "actual": "it's raining"
  },
  "f5nsFmeqGkf4zfaSVk4ocX": {
    "question_id": "f5nsFmeqGkf4zfaSVk4ocX",
    "prediction": "daughter",
    "actual": "daughter"
  },
  "f6veAkmc4fZwqbVmqZxs7z": {
    "question_id": "f6veAkmc4fZwqbVmqZxs7z",
    "prediction": "back seat",
    "actual": "back seat"
  },
  "f8zgqNptbviU5cyJpQKege": {
    "question_id": "f8zgqNptbviU5cyJpQKege",
    "prediction": "laptop",
    "actual": "laptop"
  },
  "f98CKzuCeHPRkbQSvQ8DWn": {
    "question_id": "f98CKzuCeHPRkbQSvQ8DWn",
    "prediction": "to sell",
    "actual": "to sell"
  },
  "fBAFVnTtnpQ93wUBQAEC8L": {
    "question_id": "fBAFVnTtnpQ93wUBQAEC8L",
    "prediction": "clock",
    "actual": "clock"
  },
  "fELKZdaVNLwGEQZByv3jmp": {
    "question_id": "fELKZdaVNLwGEQZByv3jmp",
    "prediction": "skyline",
    "actual": "skyline"
  },
  "fLRvDM4xG4ag8n4JC6CUQz": {
    "question_id": "fLRvDM4xG4ag8n4JC6CUQz",
    "prediction": "teddy bear",
    "actual": "teddy bear"
  },
  "fQFRMaUHmiyqntdRxaa8Lf": {
    "question_id": "fQFRMaUHmiyqntdRxaa8Lf",
    "prediction": "roman",
    "actual": "roman"
  },
  "fQykduWza8cpGuwj3CxHtF": {
    "question_id": "fQykduWza8cpGuwj3CxHtF",
    "prediction": "herding",
    "actual": "herding"
  },
  "fRsrJ35b56YXKrbbzs59pn": {
    "question_id": "fRsrJ35b56YXKrbbzs59pn",
    "prediction": "high",
    "actual": "high"
  },
  "fVuz8FFvFG4BEFRwzT5Ppg": {
    "question_id": "fVuz8FFvFG4BEFRwzT5Ppg",
    "prediction": "balance",
    "actual": "balance"
  },
  "fZVNJLSu2SxMramndCnER8": {
    "question_id": "fZVNJLSu2SxMramndCnER8",
    "prediction": "tennis ball",
    "actual": "tennis ball"
  },
  "fc9QkXjzTTYvw5oAqRj6H4": {
    "question_id": "fc9QkXjzTTYvw5oAqRj6H4",
    "prediction": "flock",
    "actual": "flock"
  },
  "feGFfp3nMKyVUYRboCosh9": {
    "question_id": "feGFfp3nMKyVUYRboCosh9",
    "prediction": "food",
    "actual": "food"
  },
  "fjqDSmg3254rQUdBJujxZy": {
    "question_id": "fjqDSmg3254rQUdBJujxZy",
    "prediction": "europe",
    "actual": "europe"
  },
  "fpgzreGfZFZQjPFocePhFo": {
    "question_id": "fpgzreGfZFZQjPFocePhFo",
    "prediction": "snow",
    "actual": "snow"
  },
  "fucubLgW4kCAtRkT6nDaPa": {
    "question_id": "fucubLgW4kCAtRkT6nDaPa",
    "prediction": "trophy",
    "actual": "trophy"
  },
  "g5VNWgEAqTK8RdPgfGh9NX": {
    "question_id": "g5VNWgEAqTK8RdPgfGh9NX",
    "prediction": "sail",
    "actual": "sail"
  },
  "g7xtDFAVrWx9w6DHFgcKkz": {
    "question_id": "g7xtDFAVrWx9w6DHFgcKkz",
    "prediction": "bike lane",
    "actual": "bike lane"
  },
  "gHLMqJkY93TUV94a7tLpoR": {
    "question_id": "gHLMqJkY93TUV94a7tLpoR",
    "prediction": "town",
    "actual": "town"
  },
  "gHfctVt5jWCGmTwQyDgebm": {
    "question_id": "gHfctVt5jWCGmTwQyDgebm",
    "prediction": "desserts",
    "actual": "desserts"
  },
  "gVpcdVA7d4t69Wgw9yS5d9": {
    "question_id": "gVpcdVA7d4t69Wgw9yS5d9",
    "prediction": "tennis ball",
    "actual": "tennis ball"
  },
  "gaHwkDQUiMLveSnrXFQMms": {
    "question_id": "gaHwkDQUiMLveSnrXFQMms",
    "prediction": "crosswalk",
    "actual": "crosswalk"
  },
  "gaKyGVP3dVZGGtonfcuK6r": {
    "question_id": "gaKyGVP3dVZGGtonfcuK6r",
    "prediction": "london",
    "actual": "london"
  },
  "gbDHb3RPHzKdwPsEQP6vxs": {
    "question_id": "gbDHb3RPHzKdwPsEQP6vxs",
    "prediction": "us",
    "actual": "us"
  },
  "geoznuKRiPX5hf2he5EgpS": {
    "question_id": "geoznuKRiPX5hf2he5EgpS",
    "prediction": "three",
    "actual": "three"
  },
  "gnWMLABzefU4wXEUTXxrVC": {
    "question_id": "gnWMLABzefU4wXEUTXxrVC",
    "prediction": "salad",
    "actual": "salad"
  },
  "guwEPSB4oc6X2txXJJsomW": {
    "question_id": "guwEPSB4oc6X2txXJJsomW",
    "prediction": "wind",
    "actual": "wind"
  },
  "gyf9Y4vh6mVZcbY7MH6fxB": {
    "question_id": "gyf9Y4vh6mVZcbY7MH6fxB",
    "prediction": "isuzu",
    "actual": "isuzu"
  },
  "gzytVm5g6vXWY8VDF7tSEr": {
    "question_id": "gzytVm5g6vXWY8VDF7tSEr",
    "prediction": "diagonal",
    "actual": "diagonal"
  },
  "h4PoYae2w6GRRu2npXvwuK": {
    "question_id": "h4PoYae2w6GRRu2npXvwuK",
    "prediction": "robot",
    "actual": "robot"
  },
  "h4zCFQx6fTvww2Z3rzcq9K": {
    "question_id": "h4zCFQx6fTvww2Z3rzcq9K",
    "prediction": "art",
    "actual": "art"
  },
  "hAnVoSeXQksd6ZjSYMBFpA": {
    "question_id": "hAnVoSeXQksd6ZjSYMBFpA",
    "prediction": "skiing",
    "actual": "skiing"
  },
  "hB2doqSEEeky2XNUEHdz79": {
    "question_id": "hB2doqSEEeky2XNUEHdz79",
    "prediction": "field",
    "actual": "field"
  },
  "hECCUB8FXovMC5nNPG2itn": {
    "question_id": "hECCUB8FXovMC5nNPG2itn",
    "prediction": "14",
    "actual": "14"
  },
  "hJe5wYuE8Qr9uuzc9zahBx": {
    "question_id": "hJe5wYuE8Qr9uuzc9zahBx",
    "prediction": "passenger",
    "actual": "passenger"
  },
  "hSrHK8kZfrc6tZgTB7yMmW": {
    "question_id": "hSrHK8kZfrc6tZgTB7yMmW",
    "prediction": "commercial kitchen",
    "actual": "commercial kitchen"
  },
  "hTNJXskvyVHvfhYb7Mdp7X": {
    "question_id": "hTNJXskvyVHvfhYb7Mdp7X",
    "prediction": "truck",
    "actual": "truck"
  },
  "hUddfx4tZ3KGtSWFbGphnh": {
    "question_id": "hUddfx4tZ3KGtSWFbGphnh",
    "prediction": "trio",
    "actual": "trio"
  },
  "hYJoVHmJ5wehgSYxxAt2Eb": {
    "question_id": "hYJoVHmJ5wehgSYxxAt2Eb",
    "prediction": "bag",
    "actual": "bag"
  },
  "hdZWqnfnTxgxXMZ4AJSWtM": {
    "question_id": "hdZWqnfnTxgxXMZ4AJSWtM",
    "prediction": "tidy",
    "actual": "tidy"
  },
  "hnKD5XstcaNYe6tjb6vCPe": {
    "question_id": "hnKD5XstcaNYe6tjb6vCPe",
    "prediction": "office",
    "actual": "office"
  },
  "hrzBKUpTCF5Bp7uvJbjv9Z": {
    "question_id": "hrzBKUpTCF5Bp7uvJbjv9Z",
    "prediction": "purple",
    "actual": "purple"
  },
  "hxRkeGBLz5CdxgnXSgiiH7": {
    "question_id": "hxRkeGBLz5CdxgnXSgiiH7",
    "prediction": "hooves",
    "actual": "hooves"
  },
  "hzfzWaLVz2ASnBBWc77fxG": {
    "question_id": "hzfzWaLVz2ASnBBWc77fxG",
    "prediction": "dragons",
    "actual": "dragons"
  },
  "i9MJBUxa64ZL4vaG7hse5x": {
    "question_id": "i9MJBUxa64ZL4vaG7hse5x",
    "prediction": "parking",
    "actual": "parking"
  },
  "iEUBT5a5ajx5MR33EMkQVr": {
    "question_id": "iEUBT5a5ajx5MR33EMkQVr",
    "prediction": "boat",
    "actual": "boat"
  },
  "iSYpHGY6hdWo6qLQBbrENX": {
    "question_id": "iSYpHGY6hdWo6qLQBbrENX",
    "prediction": "john mcenroe",
    "actual": "john mcenroe"
  },
  "iepNGdTWvJFnPbHVTuKmLw": {
    "question_id": "iepNGdTWvJFnPbHVTuKmLw",
    "prediction": "sailing vessel",
    "actual": "sailing vessel"
  },
  "irhkgQFLQikZ9fY6LfKbKN": {
    "question_id": "irhkgQFLQikZ9fY6LfKbKN",
    "prediction": "under armour",
    "actual": "under armour"
  },
  "iriWmuGxQfwS4Uj8UE2ojD": {
    "question_id": "iriWmuGxQfwS4Uj8UE2ojD",
    "prediction": "wild",
    "actual": "wild"
  },
  "j3G4tBe5ga2sVPS2yWYbFM": {
    "question_id": "j3G4tBe5ga2sVPS2yWYbFM",
    "prediction": "return serve",
    "actual": "return serve"
  },
  "j5j6LUEzw383spcNXi7XhT": {
    "question_id": "j5j6LUEzw383spcNXi7XhT",
    "prediction": "skateboard",
    "actual": "skateboard"
  },
  "j6AP78GdCUYqzaxWmNS5MX": {
    "question_id": "j6AP78GdCUYqzaxWmNS5MX",
    "prediction": "produce",
    "actual": "produce"
  },
  "j6q58xPaDShNBgnj2kKpAP": {
    "question_id": "j6q58xPaDShNBgnj2kKpAP",
    "prediction": "on beach",
    "actual": "on beach"
  },
  "jE3TsyErJ4eD8rPhTzBzb6": {
    "question_id": "jE3TsyErJ4eD8rPhTzBzb6",
    "prediction": "staring",
    "actual": "staring"
  },
  "jENRJNFPp8S9aqLGkRfkiU": {
    "question_id": "jENRJNFPp8S9aqLGkRfkiU",
    "prediction": "home",
    "actual": "home"
  },
  "jJtrzZ4RRXKH8SSVmgw8tp": {
    "question_id": "jJtrzZ4RRXKH8SSVmgw8tp",
    "prediction": "wild",
    "actual": "wild"
  },
  "jQLQXdTab2NMEr4CHskSjQ": {
    "question_id": "jQLQXdTab2NMEr4CHskSjQ",
    "prediction": "motorcycle",
    "actual": "motorcycle"
  },
  "ja6pMKAxBoEM6Q9tvtsmMA": {
    "question_id": "ja6pMKAxBoEM6Q9tvtsmMA",
    "prediction": "metal",
    "actual": "metal"
  },
  "jb2M9hwaHvK2itZac5i4tb": {
    "question_id": "jb2M9hwaHvK2itZac5i4tb",
    "prediction": "port",
    "actual": "port"
  },
  "jbdEbFFZDtMSrD3h32SFAp": {
    "question_id": "jbdEbFFZDtMSrD3h32SFAp",
    "prediction": "to catch",
    "actual": "to catch"
  },
  "jnEMGAZLdvFn9ZgBYUbAUX": {
    "question_id": "jnEMGAZLdvFn9ZgBYUbAUX",
    "prediction": "wake up",
    "actual": "wake up"
  },
  "jnuckE6W2YqaueH7XL4ogy": {
    "question_id": "jnuckE6W2YqaueH7XL4ogy",
    "prediction": "tours",
    "actual": "tours"
  },
  "jtqcU9Q9ToadtKDFM8p7mP": {
    "question_id": "jtqcU9Q9ToadtKDFM8p7mP",
    "prediction": "rice",
    "actual": "rice"
  },
  "k3XafzjyDZn8GCzcH9BE5g": {
    "question_id": "k3XafzjyDZn8GCzcH9BE5g",
    "prediction": "six",
    "actual": "six"
  },
  "k8y3RfpAYmSuXDkcpiDQrx": {
    "question_id": "k8y3RfpAYmSuXDkcpiDQrx",
    "prediction": "laughing",
    "actual": "laughing"
  },
  "kHb4MjmU3bZTRY5qJSrZe7": {
    "question_id": "kHb4MjmU3bZTRY5qJSrZe7",
    "prediction": "forehand",
    "actual": "forehand"
  },
  "kP9etcrALtsYL363dVhT5Y": {
    "question_id": "kP9etcrALtsYL363dVhT5Y",
    "prediction": "bike lock",
    "actual": "bike lock"
  },
  "kaocqcY3CESTstFs9Bd4Pg": {
    "question_id": "kaocqcY3CESTstFs9Bd4Pg",
    "prediction": "evening",
    "actual": "evening"
  },
  "khkvYrTt2t5MTJyJvBNiDR": {
    "question_id": "khkvYrTt2t5MTJyJvBNiDR",
    "prediction": "tomato",
    "actual": "tomato"
  },
  "kpuykmWTony3CofsE8S8Dt": {
    "question_id": "kpuykmWTony3CofsE8S8Dt",
    "prediction": "new york",
    "actual": "new york"
  },
  "ksqkKgifofmUwDS94V5ggP": {
    "question_id": "ksqkKgifofmUwDS94V5ggP",
    "prediction": "sandwich pick",
    "actual": "sandwich pick"
  },
  "m2mA48VKETDDYeJKgD5qSx": {
    "question_id": "m2mA48VKETDDYeJKgD5qSx",
    "prediction": "family",
    "actual": "family"
  },
  "m4BSqisXuHjv98qLTDT2NE": {
    "question_id": "m4BSqisXuHjv98qLTDT2NE",
    "prediction": "baking",
    "actual": "baking"
  },
  "mEmUcZuHB6GamJkfCAwtsD": {
    "question_id": "mEmUcZuHB6GamJkfCAwtsD",
    "prediction": "hills",
    "actual": "hills"
  },
  "mNNi2tGdk9CvAdHYyZekG9": {
    "question_id": "mNNi2tGdk9CvAdHYyZekG9",
    "prediction": "outdoors",
    "actual": "outdoors"
  },
  "mQ4rtN2j9oECfTdyWEczjX": {
    "question_id": "mQ4rtN2j9oECfTdyWEczjX",
    "prediction": "stretching",
    "actual": "stretching"
  },
  "mQ5TJVLswrNGGP3La64Erc": {
    "question_id": "mQ5TJVLswrNGGP3La64Erc",
    "prediction": "grazing",
    "actual": "grazing"
  },
  "mTeNP8rQAWywyEL6BxJzMr": {
    "question_id": "mTeNP8rQAWywyEL6BxJzMr",
    "prediction": "read",
    "actual": "read"
  },
  "mXqJFvpNahd3xSBSMLqk9M": {
    "question_id": "mXqJFvpNahd3xSBSMLqk9M",
    "prediction": "sauce",
    "actual": "sauce"
  },
  "ma7Jzg4NKgXtp5cBVh4kFP": {
    "question_id": "ma7Jzg4NKgXtp5cBVh4kFP",
    "prediction": "hotel",
    "actual": "hotel"
  },
  "mcfejYn8zoagoF5VgNuR2F": {
    "question_id": "mcfejYn8zoagoF5VgNuR2F",
    "prediction": "red wine",
    "actual": "red wine"
  },
  "mdsQntNbjZRukzkyyHaD8T": {
    "question_id": "mdsQntNbjZRukzkyyHaD8T",
    "prediction": "peel it",
    "actual": "peel it"
  },
  "mdxki75RbHjL4kGrUbbSY2": {
    "question_id": "mdxki75RbHjL4kGrUbbSY2",
    "prediction": "san francisco",
    "actual": "san francisco"
  },
  "mhLhbPavrBpfdknacMN7GL": {
    "question_id": "mhLhbPavrBpfdknacMN7GL",
    "prediction": "home",
    "actual": "home"
  },
  "miQ67PB4K4pA5v37BoLda9": {
    "question_id": "miQ67PB4K4pA5v37BoLda9",
    "prediction": "cook",
    "actual": "cook"
  },
  "mjCY6VtSoZiKbBKKx3YuLZ": {
    "question_id": "mjCY6VtSoZiKbBKKx3YuLZ",
    "prediction": "to eat",
    "actual": "to eat"
  },
  "moDoPYYpw2bSfSdDnFnut9": {
    "question_id": "moDoPYYpw2bSfSdDnFnut9",
    "prediction": "hot dog",
    "actual": "hot dog"
  },
  "n2V3ufCHusHxHg3doMLfoT": {
    "question_id": "n2V3ufCHusHxHg3doMLfoT",
    "prediction": "falling",
    "actual": "falling"
  },
  "n3EWd223KWajDuTgFCGZmw": {
    "question_id": "n3EWd223KWajDuTgFCGZmw",
    "prediction": "fridge",
    "actual": "fridge"
  },
  "n3pP3X6CbTGfsNu52Eujfm": {
    "question_id": "n3pP3X6CbTGfsNu52Eujfm",
    "prediction": "bases",
    "actual": "bases"
  },
  "nPhzzycXaUKH9UGFjCjsKQ": {
    "question_id": "nPhzzycXaUKH9UGFjCjsKQ",
    "prediction": "four",
    "actual": "four"
  },
  "nRteor62jdHkABoiGEqDoS": {
    "question_id": "nRteor62jdHkABoiGEqDoS",
    "prediction": "plate number",
    "actual": "plate number"
  },
  "nbKEZAsRQ7mimyjkQYFn6d": {
    "question_id": "nbKEZAsRQ7mimyjkQYFn6d",
    "prediction": "fire",
    "actual": "fire"
  },
  "nejsAgBentBTfKxMaELBsr": {
    "question_id": "nejsAgBentBTfKxMaELBsr",
    "prediction": "write",
    "actual": "write"
  },
  "nif2rWzKpmykkka2moeA3e": {
    "question_id": "nif2rWzKpmykkka2moeA3e",
    "prediction": "riding them",
    "actual": "riding them"
  },
  "npMJUgqcniPJuZPEh7mP3t": {
    "question_id": "npMJUgqcniPJuZPEh7mP3t",
    "prediction": "water",
    "actual": "water"
  },
  "nzNFFqRxL3q4gJf2iXRMtT": {
    "question_id": "nzNFFqRxL3q4gJf2iXRMtT",
    "prediction": "glove",
    "actual": "glove"
  },
  "o5Pf29Ro76nufH3SYS49LM": {
    "question_id": "o5Pf29Ro76nufH3SYS49LM",
    "prediction": "margarita",
    "actual": "margarita"
  },
  "o7YUWt5CppEBSMU9tUszUZ": {
    "question_id": "o7YUWt5CppEBSMU9tUszUZ",
    "prediction": "rain",
    "actual": "rain"
  },
  "oCwi6S3N5sKMdGtLLocG4p": {
    "question_id": "oCwi6S3N5sKMdGtLLocG4p",
    "prediction": "adrian",
    "actual": "adrian"
  },
  "578p2wBoYH5uozEuVypCEw": {
    "question_id": "578p2wBoYH5uozEuVypCEw",
    "prediction": "elephant",
    "actual": "elephant"
  },
  "DD4oNBRHkHMzFGGVpdmrJi": {
    "question_id": "DD4oNBRHkHMzFGGVpdmrJi",
    "prediction": "legs",
    "actual": "legs"
  },
  "MAeoFJtYupeza6U6eeTWRc": {
    "question_id": "MAeoFJtYupeza6U6eeTWRc",
    "prediction": "school",
    "actual": "school"
  },
  "NRg96YBDgRbc5zFqdhKCC4": {
    "question_id": "NRg96YBDgRbc5zFqdhKCC4",
    "prediction": "gaming",
    "actual": "gaming"
  },
  "QfzADtoknvheZQ3r9o4XWa": {
    "question_id": "QfzADtoknvheZQ3r9o4XWa",
    "prediction": "in shape",
    "actual": "in shape"
  },
  "UY4enMq3yMvLG5oAXZQVQL": {
    "question_id": "UY4enMq3yMvLG5oAXZQVQL",
    "prediction": "hot peppers",
    "actual": "hot peppers"
  },
  "WrPmpcpv5q8Drcc8xwkak9": {
    "question_id": "WrPmpcpv5q8Drcc8xwkak9",
    "prediction": "moving",
    "actual": "moving"
  },
  "YgiqkypFRQHVYHqieDPN9u": {
    "question_id": "YgiqkypFRQHVYHqieDPN9u",
    "prediction": "grip",
    "actual": "grip"
  },
  "a4WQwPgnKUrGfWf3T2vpxE": {
    "question_id": "a4WQwPgnKUrGfWf3T2vpxE",
    "prediction": "proud",
    "actual": "proud"
  },
  "b6kMEJD9bLnsJksyGqZgcR": {
    "question_id": "b6kMEJD9bLnsJksyGqZgcR",
    "prediction": "united states",
    "actual": "united states"
  },
  "c6Lei76FbsSgEKViCU2Kc5": {
    "question_id": "c6Lei76FbsSgEKViCU2Kc5",
    "prediction": "jumping",
    "actual": "jumping"
  },
  "eHoQtRmsLAC3Ggzm5jKPXA": {
    "question_id": "eHoQtRmsLAC3Ggzm5jKPXA",
    "prediction": "cigarette",
    "actual": "cigarette"
  },
  "kGn5XFpkwvtJNrUnPLSzwm": {
    "question_id": "kGn5XFpkwvtJNrUnPLSzwm",
    "prediction": "t-hsirt",
    "actual": "t-hsirt"
  },
  "mZGqAwu28rKDYShh6mrTz7": {
    "question_id": "mZGqAwu28rKDYShh6mrTz7",
    "prediction": "wind",
    "actual": "wind"
  },
  "n3q6CBsJfobMm4vAqMGi38": {
    "question_id": "n3q6CBsJfobMm4vAqMGi38",
    "prediction": "bagel",
    "actual": "bagel"
  },
  "2UqDdmoKsLVD4Vt2qeMFds": {
    "question_id": "2UqDdmoKsLVD4Vt2qeMFds",
    "prediction": "horses",
    "actual": "horses"
  },
  "2gD7ih9AsXq7BmRBn57jv5": {
    "question_id": "2gD7ih9AsXq7BmRBn57jv5",
    "prediction": "hereford",
    "actual": "hereford"
  },
  "3wvvpLQuiKWmKy5RHKESEC": {
    "question_id": "3wvvpLQuiKWmKy5RHKESEC",
    "prediction": "herding",
    "actual": "herding"
  },
  "4XAzPXBEk6aZHFvdPTKdjH": {
    "question_id": "4XAzPXBEk6aZHFvdPTKdjH",
    "prediction": "congratulating",
    "actual": "congratulating"
  },
  "6GNHDAUJnk4GUrW6x4AJwF": {
    "question_id": "6GNHDAUJnk4GUrW6x4AJwF",
    "prediction": "grass",
    "actual": "grass"
  },
  "7Q2MqmLkDhRu93vhjMPJXJ": {
    "question_id": "7Q2MqmLkDhRu93vhjMPJXJ",
    "prediction": "skating",
    "actual": "skating"
  },
  "A4pTVyj6FszUQtpyuwuEs2": {
    "question_id": "A4pTVyj6FszUQtpyuwuEs2",
    "prediction": "food",
    "actual": "food"
  },
  "ANzKkT7BMAmz62TWUSbPNn": {
    "question_id": "ANzKkT7BMAmz62TWUSbPNn",
    "prediction": "home run",
    "actual": "home run"
  },
  "CCVav8uwNeAerpwiN2jbcx": {
    "question_id": "CCVav8uwNeAerpwiN2jbcx",
    "prediction": "scrambled",
    "actual": "scrambled"
  },
  "F8Df2XjGi87XQBkJNa79Ka": {
    "question_id": "F8Df2XjGi87XQBkJNa79Ka",
    "prediction": "bakery",
    "actual": "bakery"
  },
  "Gv6voFmtsboJcuT7NppWmh": {
    "question_id": "Gv6voFmtsboJcuT7NppWmh",
    "prediction": "rust",
    "actual": "rust"
  },
  "H6tcAFjWHYBPUpyvG5PVrv": {
    "question_id": "H6tcAFjWHYBPUpyvG5PVrv",
    "prediction": "cool",
    "actual": "cool"
  },
  "KGhKWAGTj6kUsxSUHDH8t5": {
    "question_id": "KGhKWAGTj6kUsxSUHDH8t5",
    "prediction": "candle",
    "actual": "candle"
  },
  "KMF7Ym9gSvVVJ5QoLtTpt6": {
    "question_id": "KMF7Ym9gSvVVJ5QoLtTpt6",
    "prediction": "ball",
    "actual": "ball"
  },
  "MqCKsUbTPGQJxLL75tGc5F": {
    "question_id": "MqCKsUbTPGQJxLL75tGc5F",
    "prediction": "15",
    "actual": "15"
  },
  "RAq5ExoFdoDbbU97rvFYfZ": {
    "question_id": "RAq5ExoFdoDbbU97rvFYfZ",
    "prediction": "dodgers",
    "actual": "dodgers"
  },
  "WmFJXxTJibdaLUQiLHKPNg": {
    "question_id": "WmFJXxTJibdaLUQiLHKPNg",
    "prediction": "prevent slipping",
    "actual": "prevent slipping"
  },
  "WwzDYpWLZsus6tMdSzVhWk": {
    "question_id": "WwzDYpWLZsus6tMdSzVhWk",
    "prediction": "catcher",
    "actual": "catcher"
  },
  "XPhow2MD6num6LkVWv2WDC": {
    "question_id": "XPhow2MD6num6LkVWv2WDC",
    "prediction": "wish",
    "actual": "wish"
  },
  "ZQKmx3C4YgDDUWd34gaPhS": {
    "question_id": "ZQKmx3C4YgDDUWd34gaPhS",
    "prediction": "business",
    "actual": "business"
  },
  "Zg7XNQn9CZt3jkATUMXFhp": {
    "question_id": "Zg7XNQn9CZt3jkATUMXFhp",
    "prediction": "ponytail",
    "actual": "ponytail"
  },
  "aqnbMDKEYEGFpVGpxuM6w4": {
    "question_id": "aqnbMDKEYEGFpVGpxuM6w4",
    "prediction": "oncoming traffic",
    "actual": "oncoming traffic"
  },
  "bDqH62XFybrPPhHAUCbPHb": {
    "question_id": "bDqH62XFybrPPhHAUCbPHb",
    "prediction": "knicks",
    "actual": "knicks"
  },
  "iEWtnFwjAXAqCFXiopTTZs": {
    "question_id": "iEWtnFwjAXAqCFXiopTTZs",
    "prediction": "pregnancy",
    "actual": "pregnancy"
  },
  "iGmzkJ63JuV4MwnQo2B6Jb": {
    "question_id": "iGmzkJ63JuV4MwnQo2B6Jb",
    "prediction": "emergency brake",
    "actual": "emergency brake"
  },
  "iXG9vTJKiKBbMcgyngPRpH": {
    "question_id": "iXG9vTJKiKBbMcgyngPRpH",
    "prediction": "brakes",
    "actual": "brakes"
  }
}