{
  "8KqQoveNzvvZSgxxPeepUY": {
    "question_id": "8KqQoveNzvvZSgxxPeepUY",
    "prediction": "bus",
    "actual": [
      "bus",
      "bus",
      "bus",
      "bus",
      "bus",
      "bus",
      "bus",
      "bus",
      "red bus",
      "bus"
    ]
  },
  "99VEZ5bvSGBLWtkpJiAAXg": {
    "question_id": "99VEZ5bvSGBLWtkpJiAAXg",
    "prediction": "eating",
    "actual": [
      "eating",
      "eating",
      "eating",
      "eating",
      "eating",
      "eating",
      "eating",
      "eating",
      "eating",
      "eating"
    ]
  },
  "9TJtRYnGa8xr8CF67M5Mof": {
    "question_id": "9TJtRYnGa8xr8CF67M5Mof",
    "prediction": "cat",
    "actual": [
      "cat",
      "cat",
      "cats",
      "cats",
      "cats",
      "cat",
      "cat",
      "cat",
      "cat",
      "cat"
    ]
  },
  "BaNWccWHEXHgtdo2h5795T": {
    "question_id": "BaNWccWHEXHgtdo2h5795T",
    "prediction": "stop",
    "actual": [
      "stop sign",
      "traffic",
      "stop",
      "stop",
      "stop sign",
      "stop",
      "stop",
      "stop",
      "stop sign",
      "stop sign"
    ]
  },
  "E7LafAUEeJM9NiMjemXwRW": {
    "question_id": "E7LafAUEeJM9NiMjemXwRW",
    "prediction": "zebra",
    "actual": [
      "zebras",
      "zebras",
      "zebras",
      "zebras",
      "zebras",
      "zebras",
      "zebra",
      "zebra",
      "zebra's",
      "zebra"
    ]
  },
  "FrMujHaugfA8T2uMPEkckf": {
    "question_id": "FrMujHaugfA8T2uMPEkckf",
    "prediction": "rain",
    "actual": [
      "water",
      "rain",
      "ocean",
      "ocean",
      "wind",
      "ocean",
      "water",
      "rain",
      "rain",
      "rain"
    ]
  },
  "TAwFJVcYrztESePxFhSyAt": {
    "question_id": "TAwFJVcYrztESePxFhSyAt",
    "prediction": "baseball",
    "actual": [
      "baseball",
      "ball",
      "baseball",
      "baseball",
      "bats",
      "baseball",
      "ball",
      "ball",
      "baseball",
      "baseball"
    ]
  },
  "TgnxoGn2URnSnsnWhniwQ9": {
    "question_id": "TgnxoGn2URnSnsnWhniwQ9",
    "prediction": "dog",
    "actual": [
      "dog",
      "dogs",
      "dog",
      "dogs",
      "dogs",
      "dog",
      "dogs",
      "dogs",
      "dogs",
      "dog"
    ]
  },
  "UcdDMTu4br8uyQPYPQxgo6": {
    "question_id": "UcdDMTu4br8uyQPYPQxgo6",
    "prediction": "japan",
    "actual": [
      "japan",
      "asia",
      "asia",
      "asia",
      "japan",
      "east asia",
      "korea",
      "singapore",
      "japan",
      "asia"
    ]
  },
  "VsmuTZR6c3jEmk2x73KvRf": {
    "question_id": "VsmuTZR6c3jEmk2x73KvRf",
    "prediction": "baseball",
    "actual": [
      "baseball",
      "baseball",
      "baseball",
      "baseball",
      "baseball",
      "baseball",
      "baseball",
      "cricket",
      "baseball",
      "baseball"
    ]
  },
  "Zhx4M3xfkZGgH4dnopMrY2": {
    "question_id": "Zhx4M3xfkZGgH4dnopMrY2",
    "prediction": "eating",
    "actual": [
      "eating",
      "snapshot eating",
      "to eat",
      "eating",
      "selfie pose",
      "eating",
      "eating",
      "eating",
      "eating",
      "eating"
    ]
  },
  "cpFBV7cMfv53fdwaaWiWGt": {
    "question_id": "cpFBV7cMfv53fdwaaWiWGt",
    "prediction": "fridge",
    "actual": [
      "kitchen",
      "refrigerator",
      "refrigerator",
      "refrigerator",
      "fridge",
      "refrigerator",
      "fridge",
      "fridge",
      "fridge",
      "refrigerator"
    ]
  },
  "edgUrxZbEmJboFbFUdBdCm": {
    "question_id": "edgUrxZbEmJboFbFUdBdCm",
    "prediction": "bat",
    "actual": [
      "bat",
      "bat",
      "baseball bat",
      "bat",
      "baseball bat",
      "bat",
      "baseball bat",
      "baseball bat",
      "bat",
      "bat"
    ]
  },
  "eiTuwtpwaP6LXCBDdhRfUU": {
    "question_id": "eiTuwtpwaP6LXCBDdhRfUU",
    "prediction": "pizza",
    "actual": [
      "grill",
      "pizza",
      "pizza",
      "grill",
      "grill",
      "grill",
      "grill",
      "pizza",
      "pizza",
      "grill"
    ]
  },
  "f8zgqNptbviU5cyJpQKege": {
    "question_id": "f8zgqNptbviU5cyJpQKege",
    "prediction": "laptop",
    "actual": [
      "laptop",
      "laptop",
      "laptop",
      "laptop",
      "laptop",
      "laptop",
      "laptop",
      "laptop",
      "laptop",
      "laptop"
    ]
  },
  "j3G4tBe5ga2sVPS2yWYbFM": {
    "question_id": "j3G4tBe5ga2sVPS2yWYbFM",
    "prediction": "serve",
    "actual": [
      "return serve",
      "serve ball",
      "return serve",
      "serve",
      "hit ball",
      "catch",
      "serve",
      "serve",
      "return serve",
      "retrieve ball"
    ]
  },
  "kzYUWLK5ajb3LRzgYcCFXc": {
    "question_id": "kzYUWLK5ajb3LRzgYcCFXc",
    "prediction": "parking",
    "actual": [
      "parking",
      "parking",
      "trash",
      "parking",
      "parking",
      "parking",
      "transportation",
      "parking",
      "parking",
      "parking"
    ]
  },
  "nSKBbRdixLP5o5mr8W2VBJ": {
    "question_id": "nSKBbRdixLP5o5mr8W2VBJ",
    "prediction": "bus",
    "actual": [
      "trolley",
      "trolley",
      "train",
      "trolley",
      "bus",
      "bus",
      "bus",
      "trolly",
      "trolley car",
      "streetcar"
    ]
  },
  "o7YUWt5CppEBSMU9tUszUZ": {
    "question_id": "o7YUWt5CppEBSMU9tUszUZ",
    "prediction": "rain",
    "actual": [
      "rain",
      "rainy day",
      "rainy day",
      "rainy day",
      "rain",
      "rain",
      "rain",
      "rain",
      "rain",
      "rain"
    ]
  }
}